country,primary_key,iso_code,population,population_density,median_age,gdp_per_capita,interval_GRRamp,interval_GRToFirstNC,interval_firstNCToMaxNC,interval_firstNCToMaxND,index_MaxGR,index_avgMaxGRStartApr1,change_GRRamp,index_string,index_health,index_econ,value_maxNC,value_maxND,value_NC_3mnth,value_TC_3mnth,value_ND_3mnth,value_TD_3mnth,percent_maxNC,percent_maxND,percent_NC_3mnth,percent_ND_3mnth,percent_TC_3mnth,percent_TD_3mnth,percent_newTestsMean,value_totTestsSlope,mobil_residential,mobil_outdoors,mobil_retailRecreation,mobil_parks,mobil_GroceryPharmacy,mobil_transitStations,mobil_workplaces,PC 1,PC 2,PC 3,Class,logPercent_maxND,logPercent_NC_3mnth,logPercent_ND_3mnth,logPercent_TD_3mnth,logPercent_TC_3mnth,logPercent_maxNC,logInterval_maxNC,logInterval_maxND
Afghanistan,AFG2020-08-31,AFG,38928341.0,54.422,18.6,0.0,42,-5,76,133,64.74,60.57888888888874,50.74,77.05660130718965,71.5952941176471,0.0,1063.0,56.0,33.0,75.0,0.0,1.0,0.0027306583653282325,0.00014385406251964347,8.47711439847899e-05,0.0,0.0001926616908745225,2.568822544993633e-06,0.0,0.0,9.333333333333334,-21.19230769230769,-29.66666666666667,-10.076923076923077,-13.307692307692307,-31.41025641025641,-21.5,-0.5609734034937395,-1.4701307355379705,-0.5509389754816235,0,-3.8420778688800112,-4.071751956008324,-5.039919936220337,-5.590265895886211,-3.715204632494512,-2.5637326313629147,1.8808135922807916,2.123851640967086
Albania,ALB2020-08-31,ALB,2877800.0,104.871,38.0,0.0,78,0,169,139,81.41,68.48954248365996,67.41,71.0821568627453,69.28169934640518,64.13398692810458,178.0,6.0,6.0,383.0,0.0,22.0,0.006185280422545,0.0002084925985127528,0.0002084925985127528,0.0,0.013308777538397388,0.0007644728612134267,0.0,0.0,0.0,0.0,0.0,0.0,0.0,0.0,0.0,-2.1604380437796387,-0.7376008796839183,1.6667700093626439,0,-3.6809093578706777,-3.6809093578706777,-5.177976602408574,-3.1166379274321154,-1.8758618342856987,-2.2086406059454275,2.227886704613673,2.143014800254095
Algeria,DZA2020-08-31,DZA,43851043.0,17.348,29.1,0.0,149,-15,135,38,78.85,66.17104575163397,64.85,77.3498039215685,70.17986928104571,44.11764705882353,675.0,42.0,65.0,367.0,4.0,25.0,0.0015393020412308091,9.57787936765837e-05,0.00014822908545185568,9.121789873960353e-06,0.0008369242209358624,5.7011186712252206e-05,0.0,0.0,0.0,0.0,0.0,0.0,0.0,0.0,0.0,-2.755309784976315,-1.2343519879527924,1.2080691780668984,0,-4.018730637150399,-3.829066570905444,-3.699278726212821,-4.244039918876262,-3.0773138632962103,-2.8126761547172747,2.130333768495006,1.57978359661681
Angola,AGO2020-08-31,AGO,32866268.0,23.89,16.8,0.0,16,-2,135,130,75.64,67.04437908496712,61.64,79.37686274509794,71.98398692810454,39.869281045751634,180.0,6.0,0.0,24.0,0.0,2.0,0.0005476739859846576,1.825579953282192e-05,0.0,0.0,7.302319813128768e-05,6.08526651094064e-06,0.0,0.0,20.988888888888887,-34.14291023502057,-39.76190476190476,-34.57777777777777,-21.72558139534884,-54.162561576354676,-20.48672566371681,1.2708497603142366,-1.549488608072369,-0.8902293921814698,2,-4.7385991418931726,-2.250281721753848,-4.230853138011813,-5.215720396612835,-4.136539150565211,-3.2614778871735104,2.130333768495006,2.113943352306837
Argentina,ARG2020-08-31,ARG,45195777.0,16.177,31.9,0.0,21,0,179,175,91.03,85.19019607843144,77.03,91.49653594771223,87.04156862745101,75.0,11730.0,323.0,0.0,1133.0,3.0,34.0,0.025953752272031963,0.0007146685408240687,0.0,6.63778830486751e-06,0.002506871383138296,7.522826745516513e-05,0.00018921900601465488,0.08856311188325287,18.844,-51.92566080597165,-65.05955555555556,-73.73333333333333,-28.504444444444445,-60.525192918747166,-31.805777777777767,3.628440926180756,-1.644506174523379,0.5469559700137794,2,-3.145895334797133,-1.897265586897912,-5.517695598154098,-4.123618940085981,-2.6008679472648386,-1.5857998450127069,2.2528530309798933,2.2430380486862944
Aruba,ABW2020-08-31,ABW,106766.0,584.8,41.2,0.0,22,-6,154,34,81.41,57.20692810457518,67.41,53.84457516339867,52.973856209150256,80.47385620915033,175.0,1.0,6.0,92.0,0.0,0.0,0.16390985894385854,0.0009366277653934773,0.005619766592360864,0.0,0.08616975441619991,0.0,0.007554683451036222,0.009811855877616748,22.211267605633804,-43.93333333333333,-53.244444444444454,-36.04444444444445,-22.488888888888887,-59.9888888888889,-47.9,2.7842399284444297,3.7717909514252996,2.2876117361546795,1,-3.028432972137492,-3.5746388547906087,-5.0671835644683485,-3.238547887681328,-1.0646451447919365,-0.7853949234511973,2.187520720836463,1.5314789170422551
Australia,AUS2020-08-31,AUS,25499881.0,3.202,37.9,0.0,191,0,188,206,81.73,71.28176470588234,67.73,68.20124183006544,70.60228758169946,75.0,721.0,25.0,0.0,22.0,0.0,0.0,0.002827464175224975,9.803967320474946e-05,0.0,0.0,8.627491242017954e-05,0.0,0.0,0.0,7.853035143769968,-13.7,-18.239682539682537,-14.788888888888893,0.8841269841269841,-25.447619047619053,-10.907936507936508,-0.5870548745725356,-1.858924218797516,1.9246347159400503,0,-4.008598145049606,-2.523282961913877,-4.038860487173744,-4.4039426276216345,-4.064115472899438,-2.5486028890022148,2.2741578492636805,2.3138672203691533
Austria,AUT2020-08-31,AUT,9006400.0,106.749,44.4,0.0,34,1,31,57,85.26,62.66816993464053,71.26,50.26039215686271,58.156535947712364,87.5,1141.0,31.0,1141.0,7029.0,18.0,52.0,0.012668768875466335,0.00034419968022739384,0.012668768875466335,0.00019985787884171247,0.07804450168768877,0.0005773672055427253,0.000137178436552645,0.012526069868082941,13.110862262038074,-31.129753212654037,-49.52444444444443,-7.187082405345214,-17.827272727272728,-45.02552204176335,-36.084444444444436,0.7478701204491637,5.196398043970164,0.5766124905593566,1,-3.4631895374818544,-4.603881745770381,-5.02645033822791,-3.753731883292151,-1.1076576879995017,-1.897265586897912,1.4913616938342726,1.7558748556724917
Azerbaijan,AZE2020-08-31,AZE,10139175.0,119.309,32.4,0.0,114,1,118,144,87.18,81.10490196078422,73.18,88.03215686274505,87.17640522875826,47.7124183006536,590.0,13.0,27.0,209.0,0.0,4.0,0.005819013874402996,0.0001282155599444728,0.0002662938552692897,0.0,0.002061311694491909,3.9450941521376254e-05,0.0,0.0,0.0,0.0,0.0,0.0,0.0,0.0,0.0,-1.9766007038822448,-2.0314792174060265,2.2726796031016843,0,-3.89205926664276,-3.339793177075161,-4.540857628569311,-4.986216681111843,-2.6858563328385423,-2.2351506073074523,2.071882007306125,2.1583624920952498
Bahrain,BHR2020-08-31,BHR,1701583.0,1935.907,32.4,0.0,52,15,125,124,83.33,79.4947058823531,69.33,73.15843137254912,78.04307189542492,87.5,1046.0,7.0,51.0,390.0,1.0,3.0,0.06147217032610223,0.0004113816369815637,0.0029972090694371065,5.876880528308053e-05,0.022919834060401403,0.00017630641584924156,0.0,0.0,11.388235294117653,-22.251764705882355,-30.058823529411764,-30.317647058823532,-10.847058823529412,-25.65882352941177,-14.376470588235295,0.681571372151653,0.09795141722695724,2.204764854592013,2,-3.385755097997557,-4.1640935774764065,-5.320214396430757,-2.759472934912982,-1.6397885309853144,-1.2113214534805579,2.096910013008056,2.093421685162235
Bangladesh,BGD2020-08-31,BGD,164689383.0,1265.036,27.5,3523.9840000000013,40,5,121,114,85.26,73.92751633986961,71.26,81.68973856209163,77.44411764705866,54.57516339869281,4019.0,64.0,41.0,164.0,5.0,17.0,0.00244035160420754,3.886103574751993e-05,2.489535102575496e-05,3.036018417774994e-06,9.95814041030198e-05,1.0322462620434979e-05,2.0250763306859398e-05,0.03859807892702338,17.233333333333334,-39.16444444444445,-52.511111111111106,-24.25555555555556,-33.78888888888889,-49.05555555555557,-36.21111111111111,2.076213498217257,-1.221131752691095,-0.1072736687700613,2,-4.410485628506231,-2.8532239102118315,-4.980371774408804,-3.2984393175443896,-4.001821754442418,-2.6125475962980818,2.0827853703164503,2.0569048513364727
Barbados,BRB2020-08-31,BRB,287371.0,664.4630000000002,39.8,0.0,32,0,137,19,80.13,66.00869281045762,66.13,68.53078431372548,70.86679738562087,39.29738562091503,12.0,1.0,0.0,75.0,0.0,5.0,0.0041757867008153215,0.00034798222506794355,0.0,0.0,0.026098666880095763,0.0017399111253397178,0.0,0.0,20.814285714285713,-52.10202528987453,-55.55882352941178,-45.99290780141844,-37.842767295597476,-67.20370370370371,-53.91192411924119,2.985760806889591,1.3321767902360373,-0.7259089774944522,2,-3.4584429392490006,-3.6444332956530423,-5.5049459851265246,-5.083617198258508,-1.5833816758573007,-2.379261693201376,2.1367205671564067,1.2787536009528289
Belarus,BLR2020-08-31,BLR,9449321.0,46.858,40.3,0.0,11,-41,21,149,25.0,22.989019607843126,11.0,12.944117647058794,27.170261437908497,0.0,973.0,11.0,0.0,94.0,0.0,0.0,0.010297036157412792,0.00011641048071073042,0.0,0.0,0.0009947804715280599,0.0,0.0,0.0,2.3,-2.0377777777777784,-14.044444444444444,39.03333333333333,0.8222222222222222,-15.566666666666665,-20.433333333333334,-3.683599926479808,1.8948957192728733,-3.968724755620774,0,-3.9340079173671474,-3.586615119129987,-5.2294504640722215,-3.766153568804368,-3.0022727489256735,-1.98728776225702,1.3222192947339193,2.173186268412274
Belgium,BEL2020-08-31,BEL,11589616.0,375.564,41.8,0.0,68,-22,45,65,78.85,67.92418300653614,64.85,64.28784313725482,65.70228758169941,80.1470588235294,2336.0,321.0,53.0,125.0,0.0,0.0,0.020155974106476002,0.002769720756925855,0.0004573059193678203,0.0,0.0010785516966222177,0.0,1.2942620359466613e-07,3.472222222222222e-05,18.45833333333333,-35.69222222222222,-55.37777777777778,-9.111111111111107,-19.06111111111111,-50.16388888888889,-44.74722222222222,1.7334648970546325,1.2349374630696803,-1.3371140980548084,2,-2.5575640142710787,-3.8578163985318006,-4.613341513982123,-3.1937624471594863,-2.9671590336678944,-1.6955962082355889,1.6532125137753435,1.8129133566428557
Belize,BLZ2020-08-31,BLZ,397621.0,16.426,25.0,0.0,52,0,159,154,73.08,67.45326797385617,59.08,73.50202614379087,72.25777777777776,41.01307189542485,94.0,4.0,0.0,18.0,0.0,2.0,0.023640602483269244,0.0010059830843944359,0.0,0.0,0.004526923879774962,0.0005029915421972177,0.0,0.0131601084538376,17.269565217391303,-44.021506478737386,-49.69855072463768,-37.37777777777778,-25.16299559471365,-62.19636363636364,-45.671844660194175,2.445660889828365,-0.9167178734703622,-0.16600893953159535,2,-2.9974093218804083,-3.4462732597933345,-4.184650148577116,-4.3713680685030685,-2.3441968081050644,-1.6263414596086718,2.2013971243204518,2.187520720836463
Benin,BEN2020-08-31,BEN,12123198.0,99.11,18.8,0.0,34,0,123,105,61.86,53.6354248366012,47.86,51.59307189542486,56.986013071895286,35.2124183006536,139.0,3.0,0.0,35.0,0.0,1.0,0.0011465621529896648,2.4745945747978383e-05,0.0,0.0,0.0002887027003930811,8.24864858265946e-06,0.00010901688921795498,0.02395005252749969,8.379446640316205,-7.93332854864547,-15.137931034482758,2.359712230215828,-1.7305555555555556,-19.316666666666666,-5.8412017167381975,-2.1959143553996987,-0.7596766854802521,-0.7231032287793601,0,-4.606495943538844,-5.275796721214964,-3.721451089065897,-4.44098960871941,-3.5395491539082324,-2.940602398004413,2.089905111439398,2.0211892990699383
Bhutan,BTN2020-08-31,BTN,771612.0,21.188,28.6,0.0,42,0,178,0,82.05,77.27294117647097,68.05,76.67444444444433,77.56764705882362,75.65359477124183,29.0,0.0,0.0,5.0,0.0,0.0,0.0037583656034379967,0.0,0.0,0.0,0.0006479940695582754,0.0,0.0,0.0,0.0,0.0,0.0,0.0,0.0,0.0,0.0,-2.474479170462775,-1.0256287963643262,0.9449084155070524,0,-2.9916366030758184,-3.267944163499044,-4.081103323752658,-3.640961181587732,-3.1884289687743173,-2.42500097521138,2.1958996524092336,2.1958996524092336
Bolivia,BOL2020-08-31,BOL,11673029.0,10.202,25.4,0.0,26,0,157,157,76.92,72.40529411764709,62.92,92.1683660130718,78.32568627451005,39.869281045751634,2687.0,119.0,8.0,276.0,1.0,20.0,0.023018875392154,0.0010194440534671847,6.853405401460067e-05,8.566756751825084e-06,0.002364424863503723,0.00017133513503650167,1.4277927919708469e-05,0.014943301198862934,30.32183908045977,-66.40627136697566,-72.35746102449889,-65.31555555555556,-61.8100686498856,-76.21604938271605,-56.33222222222222,5.390606715242827,-1.3572376783843236,-0.8209987712611505,2,-3.0246200480591328,-2.709692938264097,-4.644513919732161,-3.4994649434110867,-2.6262744824031308,-1.6379158980351805,2.167317334748176,2.167317334748176
Bosnia and Herzegovina,BIH2020-08-31,BIH,3280815.0,68.49600000000001,42.5,0.0,35,0,147,147,75.0,55.404117647058705,61.0,67.44627450980401,61.24477124183007,23.284313725490197,678.0,31.0,46.0,632.0,3.0,21.0,0.0206655968105486,0.0009448871698038443,0.0014020906390637689,9.144069385198496e-05,0.01926350617148484,0.0006400848569638948,0.0,0.0,10.133333333333333,-25.608888888888888,-43.17777777777778,0.5444444444444444,-16.42222222222222,-37.13333333333333,-31.855555555555554,0.5545325252625078,0.7108214502228357,0.13419542987732533,2,-3.8942468137834063,-3.744858734820616,-4.811990402838078,-3.9400031547191503,-1.7152646636110205,-1.6847520480263425,2.1643528557844367,2.170261715394957
Botswana,BWA2020-08-31,BWA,2351625.0,4.044,25.8,0.0,1,0,146,148,75.64,61.38967320261445,61.64,65.5260784313724,61.18928104575159,62.5,254.0,3.0,0.0,23.0,0.0,1.0,0.010801041832775207,0.00012757136022962845,0.0,0.0,0.000978047095093818,4.252378674320948e-05,8.701784227218769e-05,0.002430990709842211,25.65,-28.826783300870023,-38.714285714285715,-8.764084507042254,-22.82198952879581,-45.21671826625387,-28.61683848797251,1.2435675002813416,-0.5243907843447864,-1.276573858740372,2,-3.124719646498692,-3.808944627501442,-5.191352420662686,-5.075210380510292,-3.0096402324854763,-1.9665343518831304,2.146128035678238,2.1903316981702914
Brazil,BRA2020-08-31,BRA,212559409.0,25.04,33.5,0.0,74,-15,140,155,68.91,65.00274509803913,54.91,75.91666666666694,67.76065359477134,49.83660130718954,69074.0,1595.0,482.0,2915.0,20.0,77.0,0.032496326709301304,0.0007503784506664676,0.00022676013368102657,9.409134177635956e-06,0.0013713813063904409,3.6225166583898436e-05,0.0,0.0,14.508333333333333,-37.30468253968254,-51.224603174603175,-45.41904761904761,-11.886111111111116,-50.64246031746032,-27.35119047619048,1.5570163895545956,-0.9559871180525789,-0.1779692046203921,2,-3.640961181587732,-4.1397289456197095,-4.7169650754446435,-4.4697543556428565,-2.862841774796858,-1.4881657276377702,0.4771212547196624,1.2787536009528289
Brunei,BRN2020-08-31,BRN,437483.0,81.347,32.4,0.0,32,0,3,19,51.28,44.66647058823523,37.28,48.77581699346396,50.515424836601326,12.5,14.0,1.0,0.0,135.0,0.0,1.0,0.003200124347688939,0.00022858031054920992,0.0,0.0,0.03085834192414334,0.00022858031054920992,0.0,0.0,0.0,0.0,0.0,0.0,0.0,0.0,0.0,-3.7974700497328566,0.9316513206016092,-0.94132742107647,0,-3.4801597882157003,-3.4283150587593667,-4.99583729190831,-3.745065418218706,-1.5106274130927262,-2.4948331459094946,2.2355284469075487,2.2355284469075487
Bulgaria,BGR2020-08-31,BGR,6948445.0,65.18,44.7,0.0,52,0,172,172,74.36,52.57673202614377,60.36,47.386797385620916,49.22745098039216,70.9967320261438,365.0,23.0,18.0,549.0,2.0,22.0,0.005252973866814806,0.0003310093121554535,0.00025905076603470267,2.8783418448300304e-05,0.007901048364058433,0.0003166176029313033,0.0,0.0,9.715852989577618,-23.734200234774555,-35.08869272803699,-5.393617021276596,-13.50785123966942,-36.79003558718861,-27.89080459770115,0.011295161284019223,0.4912454211424315,-0.6682377933461997,2,-4.542063146047114,-3.8649438908040814,-4.206841611054112,-4.026129264969478,-2.102315279783201,-2.2795947597768182,1.3979400086720375,1.2552725051033058
Burkina Faso,BFA2020-08-31,BFA,20903278.0,70.15100000000001,17.6,0.0,53,-1,25,18,72.44,50.52895424836606,58.44,58.17052287581688,59.71359477124179,0.0,43.0,6.0,29.0,443.0,1.0,24.0,0.00020570936290470804,2.870363203321508e-05,0.0001387342214938729,4.783938672202514e-06,0.0021192848317857127,0.00011481452813286032,0.0,0.0,11.63679245283019,-16.16822371489878,-18.35185185185185,-17.005555555555556,-10.607407407407408,-28.825925925925933,-6.050377833753148,-1.8936227545922648,-0.28485952145322785,-1.268831404868937,0,-5.075210380510292,-2.726850788809641,-5.290866801488444,-4.6752849152931155,-2.673810670207687,-3.68674594085117,1.9084850188786495,1.146128035678238
Burundi,BDI2020-08-31,BDI,11890781.0,423.062,17.5,0.0,13,0,81,14,33.33,26.477777777777792,19.33,26.869346405228754,31.294248366013075,0.0,40.0,1.0,0.0,15.0,0.0,1.0,0.00033639506101407467,8.409876525351869e-06,0.0,0.0,0.000126148147880278,8.409876525351869e-06,0.0,0.0,0.0,0.0,0.0,0.0,0.0,0.0,0.0,-4.522697006468065,0.3907368195396795,-2.1938006325585224,0,-3.6531448534400384,-3.363904097085942,-3.751056581916308,-4.162503674441608,-3.8991191214546106,-3.473150389182329,2.041392685158225,1.9912260756924949
Cameroon,CMR2020-08-31,CMR,26545864.0,50.885,18.8,0.0,31,-11,110,98,58.33,55.28006535947704,44.33,62.59137254901948,61.617777777777995,20.424836601307188,1119.0,59.0,95.0,650.0,0.0,9.0,0.004215345938636618,0.00022225684573687265,0.00035787119228818467,0.0,0.00244859236828758,3.390358663782803e-05,0.0005294431673344472,0.18616642300194933,9.480825958702065,-14.576934221007356,-19.66216216216216,-19.053627760252365,-9.502912621359224,-18.117449664429525,-6.548518896833505,-1.6903756929627685,-0.8857885595746424,-0.4007815841695692,0,-3.2304737424283063,-2.4373040521957305,-5.303439097082691,-4.042818932611653,-2.6110835084393265,-2.3751667785538326,1.7323937598229686,2.103803720955957
Canada,CAN2020-08-31,CAN,37742157.0,4.037,41.4,0.0,21,-45,54,127,74.68,71.89444444444429,60.68000000000001,69.35052287581686,71.3295424836602,75.0,2760.0,222.0,2.0,11.0,0.0,0.0,0.00731277759244126,0.0005882016759137535,5.299114197421202e-06,0.0,2.9145128085816608e-05,0.0,0.0,0.0,15.445482866043616,-21.66971928105649,-36.04826958105647,30.545964125560538,-10.596928982725528,-52.20803295571576,-40.04132901134522,0.5360628401141685,0.8698437173697267,-2.171041054046893,2,-3.267944163499044,-2.5440267621097927,-3.790443156541513,-4.406038664048214,-4.53543403172072,-2.135917634813727,2.0569048513364727,2.008600171761917
Cape Verde,CPV2020-08-31,CPV,555988.0,135.58,25.7,0.0,58,0,114,102,81.73,77.40013071895397,67.73,76.64091503267974,77.8363398692809,75.0,107.0,3.0,3.0,61.0,0.0,1.0,0.01924501967668367,0.0005395799909350561,0.0005395799909350561,0.0,0.010971459815679476,0.00017985999697835205,0.004843449858630043,0.05338225600461418,20.845070422535212,-53.586988044518826,-56.60797342192691,-55.691176470588225,-35.523012552301246,-75.21,-44.90277777777778,3.233261331882736,-0.002481419096782865,0.7815450759181474,2,-3.8388278700329503,-4.446970914812559,-4.878391286486831,-4.9441251368517065,-1.9597355832079395,-1.7156816405334967,1.8750612633917,1.9956351945975501
Central African Republic,CAF2020-08-31,CAF,4829764.0,7.479,18.3,0.0,43,-10,75,99,62.82,54.51313725490197,48.82,64.8572549019607,59.87980392156866,25.0,216.0,7.0,0.0,11.0,0.0,0.0,0.004472268210206544,0.00014493461792336023,0.0,0.0,0.00022775439959385176,0.0,0.0,0.0,0.0,0.0,0.0,0.0,0.0,0.0,0.0,-3.2019378299076786,-1.0098448453851971,-0.3697011553146933,0,-4.2155280905121915,-2.534957069610448,-4.671559438075634,-4.3123115183181415,-3.6425332248889823,-2.3494721588962766,1.6901960800285136,1.6901960800285136
Chad,TCD2020-08-31,TCD,16425859.0,11.833,16.7,0.0,24,0,49,49,75.64,64.13928104575153,61.64,70.78549019607833,66.71019607843137,50.0,83.0,10.0,0.0,33.0,0.0,0.0,0.0005053008186664699,6.087961670680359e-05,0.0,0.0,0.00020090273513245183,0.0,3.4924606784136323e-06,0.001864260186215136,0.0,0.0,0.0,0.0,0.0,0.0,0.0,-3.1109925031403822,-0.7867825154051342,-0.10128742097976216,0,-2.2573267827653587,-1.845538711069986,-5.730550536309769,-3.878008918058775,-3.697014150634303,-3.296449998136117,1.977723605288848,2.133538908370217
Chile,CHL2020-08-31,CHL,19116209.0,24.282,35.4,0.0,110,-11,95,136,86.22,77.60065359477122,72.22,80.18967320261423,80.76156862745087,60.2124183006536,36179.0,1057.0,373.0,3404.0,2.0,18.0,0.18925823629570068,0.005529339002309506,0.0019512236971253034,1.046232545375498e-05,0.017806877922290968,9.41609290837948e-05,0.0,0.0,21.244982698961934,-51.69464052287582,-60.14248366013072,-62.59934640522876,-39.378431372549024,-60.18366013071896,-36.16928104575163,4.794638673388183,0.23304331200240405,2.3307882356036487,2,-4.047568788602619,-2.7172824982292214,-4.837038088537013,-2.988211521076312,-1.7494122186602348,-0.7229452114319052,1.4623979978989559,2.0211892990699383
China,CHN2020-08-31,CHN,1439323774.0,147.674,38.7,0.0,127,-12,29,105,77.88,72.3137254901959,63.88,75.89483660130722,80.2822875816991,28.513071895424837,15141.0,1290.0,2590.0,14399.0,45.0,304.0,0.001051952331609302,8.962542155577569e-05,0.00017994561382128605,3.1264681938061286e-06,0.0010004003449469877,2.112102957593473e-05,0.0,0.0,0.0,0.0,0.0,0.0,0.0,0.0,0.0,-2.6923696909712596,-1.8132364784032544,1.6196271587867883,0,-3.1045117274639216,-3.365760318779332,-4.1339045517056485,-3.5383864947571,-2.9998261671928863,-2.97800393944852,2.214843848047698,2.227886704613673
Colombia,COL2020-08-31,COL,50882884.0,44.223,32.2,13254.948999999999,49,-2,164,169,87.18,84.49751633986952,73.18,87.15411764705914,86.39509803921581,74.01960784313725,13056.0,400.0,79.0,1485.0,3.0,35.0,0.025658922949414586,0.0007861189629109858,0.00015525849517491973,5.895892221832396e-06,0.002918466649807035,6.878540925471127e-05,0.0,0.0,22.396500213401623,-54.65943460546902,-64.51983218916857,-55.784497740702115,-44.934600760456284,-64.8840830449827,-43.1741592920354,4.5235092298352875,-1.767853285831526,0.11832175062625612,2,-3.537668954291747,-4.779572738935305,-3.79655768262357,-4.6510908974684835,-2.5348452651386526,-1.5907615773820976,2.0827853703164503,2.187520720836463
Congo,COG2020-08-31,COG,5518092.0,15.405,19.0,0.0,12,-3,121,154,85.26,72.7302614379085,71.26,79.12758169934641,72.31424836601296,75.0,275.0,16.0,4.0,74.0,0.0,5.0,0.004983606652444361,0.00028995529614221735,7.248882403555435e-05,0.0,0.0013410432446577547,9.061103004444289e-05,0.0002899083126451572,0.02003492713562158,0.0,0.0,0.0,0.0,0.0,0.0,0.0,-2.2824485467823608,-1.492596813265027,0.8293291867616491,0,-3.4517961546088904,-3.698047050531241,-5.508303264584656,-3.0468404305893224,-2.872557217216696,-2.3024562431174087,2.24551266781415,2.187520720836463
Costa Rica,CRI2020-08-31,CRI,5094114.0,96.079,33.6,0.0,51,0,176,154,74.36,66.30222222222226,60.36,72.09477124183003,69.50222222222237,48.692810457516345,1214.0,18.0,19.0,454.0,0.0,2.0,0.02383142583774136,0.0003533489827671701,0.0003729794818097907,0.0,0.008912246565349734,3.926099808524112e-05,0.0,0.0,17.511111111111113,-40.77333333333333,-46.18888888888889,-50.27777777777778,-25.7,-49.34444444444443,-32.355555555555554,2.0655792991323336,-1.016055296817025,-0.17772477419978602,2,-4.8191864002434075,-2.309806666040221,-4.003671919165163,-3.693727828061384,-2.050012806855092,-1.6228499729729573,1.9912260756924949,1.968482948553935
Cote d'Ivoire,CIV2020-08-31,CIV,26378275.0,76.399,18.7,0.0,15,-4,98,93,68.59,57.649411764705896,54.59,58.36215686274507,59.752745098039156,46.07843137254902,618.0,4.0,36.0,480.0,0.0,3.0,0.002342837050565285,1.5163993854791488e-05,0.00013647594469312342,0.0,0.001819679262574979,1.1372995391093615e-05,8.765954909135234e-06,0.002899331275720165,0.0,0.0,0.0,0.0,0.0,0.0,0.0,-3.15680925824132,-0.7656960250185324,-0.4382653109070821,0,-3.710251526990179,-5.759530295064829,-5.090029356027041,-3.3277756570940467,-2.740005154195781,-2.6302579164825532,2.3138672203691533,1.7323937598229686
Croatia,HRV2020-08-31,HRV,4105268.0,73.726,44.0,0.0,59,23,206,54,92.95,64.30294117647064,78.95,52.329999999999856,59.374705882352934,91.42156862745098,358.0,8.0,77.0,495.0,1.0,2.0,0.008720502534791879,0.00019487156502328234,0.0018756388133490925,2.4358945627910292e-05,0.012057678085815593,4.8717891255820584e-05,1.5927002910556726e-05,0.001028500074628457,10.269509251810137,-25.255938919427862,-37.209467455621294,-1.2943770672546857,-17.481166464155525,-40.543245175125094,-29.751438434982727,0.3010313698360552,0.6891863133393896,0.3398929065728733,2,-4.275948926730813,-4.743566046900479,-3.265397941326418,-3.4541822215618696,-1.918736315048554,-2.0594584873382487,2.1818435879447726,1.6434526764861874
Cuba,CUB2020-08-31,CUB,11326616.0,110.408,43.1,0.0,60,0,152,44,87.18,72.98771241830076,73.18,78.88986928104566,77.3631372549021,48.937908496732035,93.0,6.0,49.0,564.0,0.0,15.0,0.0008210748912119912,5.297257362658008e-05,0.0004326093512837374,0.0,0.004979421920898528,0.0001324314340664502,0.0,0.0,0.0,0.0,0.0,0.0,0.0,0.0,0.0,-2.3633681946278737,-0.7723237053708364,1.2056627608133503,0,-3.4653327757959738,-3.870350834606594,-4.683248190730276,-5.708991664649598,-2.3028210731311143,-3.085617228560521,1.3617278360175928,1.1760912590556811
Cyprus,CYP2020-08-31,CYP,875899.0,127.657,37.3,0.0,37,0,23,15,96.15,76.8795424836598,82.15,67.63254901960781,72.67784313725481,100.0,58.0,3.0,32.0,526.0,0.0,9.0,0.0066217680348990005,0.0003425052431844311,0.003653389260633932,0.0,0.06005258597167025,0.0010275157295532927,0.004441493825201308,0.04565746662958843,0.0,0.0,0.0,0.0,0.0,0.0,0.0,-2.6357604176626044,2.4905268668047684,2.513617735227893,1,-3.774475683488067,-4.299853093006667,-5.383934439662807,-3.966892362823821,-1.2214682863618973,-2.179026036952699,2.2405492482826,1.6434526764861874
Czech Republic,CZE2020-08-31,CZE,10708982.0,137.17600000000002,43.3,0.0,30,1,174,44,85.26,57.49405228758162,71.26,46.88104575163389,53.50771241830057,79.41176470588233,506.0,18.0,306.0,3308.0,7.0,31.0,0.004725005607442425,0.00016808320342680564,0.002857414458255696,6.536569022153553e-05,0.030889957607548507,0.00028947662812394304,0.0,0.3839632252367369,0.0,0.0,0.0,0.0,0.0,0.0,0.0,-3.2059514622421688,1.4148448946636278,1.2389869487923424,0,-4.952120893132464,-5.321100814105153,-4.433068798615103,-4.122720022683076,-1.5101826877108635,-2.3255976717515736,2.0293837776852097,1.8195439355418688
Democratic Republic of Congo,COD2020-08-31,COD,89561404.0,35.879,17.0,0.0,35,0,107,66,69.87,63.34274509803911,55.87000000000001,71.63915032679752,66.18300653594747,47.7124183006536,384.0,10.0,32.0,215.0,0.0,20.0,0.0004287561190979097,1.1165523934841395e-05,3.5729676591492464e-05,0.0,0.00024005876459908999,2.2331047869682793e-05,0.0,0.0,0.0,0.0,0.0,0.0,0.0,0.0,0.0,-2.9598288680290317,-1.2443841437408971,0.2652664079232566,0,-3.4204210934019152,-4.015261161607007,-4.032897457847594,-5.583439036009148,-3.619682433216859,-3.3677896687649334,1.5563025007672873,1.57978359661681
Denmark,DNK2020-08-31,DNK,5792203.0,136.52,42.3,0.0,70,-5,36,38,74.36,70.19150326797393,60.36,63.20457516339853,68.05281045751617,81.94444444444444,390.0,22.0,169.0,2046.0,11.0,52.0,0.006733189427235199,0.00037982094204916514,0.002917715418468586,0.00018991047102458246,0.035323347610572355,0.0008977585902980265,0.00014983590872074065,0.010579854579795638,10.511111111111113,0.09689204974919224,-19.766666666666666,95.60853432282005,-5.644444444444448,-37.3537037037037,-32.35925925925926,-1.3479489887920773,3.348919789532716,0.7130038332316825,1,-3.3926978323974035,-3.1487633513776467,-4.518143262738255,-5.814736980264344,-1.4519381448479802,-2.1717791671976223,1.7993405494535817,1.8325089127062364
Djibouti,DJI2020-08-31,DJI,988002.0,41.285,25.4,0.0,42,0,63,68,88.46,60.36019607843154,74.46,62.50333333333357,68.17124183006554,17.401960784313722,310.0,4.0,141.0,732.0,0.0,2.0,0.03137645470353299,0.0004048574800455869,0.014271226171606937,0.0,0.07408891884834241,0.00020242874002279347,0.0,0.0,0.0,0.0,0.0,0.0,0.0,0.0,0.0,-2.8543042277197617,2.1497115362938453,2.013141557262444,0,-3.4555622365751733,-3.2273287018986885,-4.431898891859429,-4.347472089326256,-1.1302467426669738,-1.5033961298910932,2.123851640967086,1.6232492903979006
Dominican Republic,DOM2020-08-31,DOM,10847904.0,222.873,27.6,0.0,43,-14,133,42,80.13,70.4748366013071,66.13,83.27705882352956,78.74352941176467,25.0,2012.0,38.0,208.0,1109.0,9.0,51.0,0.018547361776062917,0.00035029808523379265,0.0019174210981218122,8.296533597642457e-05,0.010223173066428316,0.00047013690386640583,0.0,0.0,23.704712041884818,-52.6766822044081,-55.40100755667506,-52.06304347826087,-38.5925925925926,-70.89667565139263,-46.430091743119256,3.2380162291671297,0.18329480258472974,-0.7625899021780793,2,-2.633790054340388,-4.211837872310388,-3.5770961759722724,-4.38321627262957,-1.9904142870428232,-1.731717856808093,1.6532125137753435,1.8512583487190752
Ecuador,ECU2020-08-31,ECU,17643060.0,66.939,28.1,0.0,19,-12,45,71,87.82,80.90346405228733,73.82,83.52699346405205,81.97745098039212,75.0,11536.0,410.0,76.0,1966.0,4.0,62.0,0.06538548301711834,0.002323859919991203,0.0004307642778520279,2.2671804097475155e-05,0.011143191713909038,0.0003514129635108649,1.3691250585530827e-05,0.003573653632993159,29.145069274653626,-62.29094441051138,-64.80323193916351,-60.29155555555555,-53.67159931701765,-74.58744635193132,-58.1008888888889,5.051380330971196,0.6197675930868796,-0.888608531865234,2,-4.023249926047334,-3.196761300389848,-4.45649356942351,-4.5892924293347255,-1.9529903975640068,-1.1845186636847698,1.9867717342662448,2.0863598306747484
Egypt,EGY2020-08-31,EGY,102334403.0,97.999,25.3,0.0,77,-29,97,122,82.69,71.753071895425,68.69,71.94627450980401,72.94300653594776,65.19607843137257,1774.0,97.0,17.0,110.0,0.0,2.0,0.0017335323683864165,9.478728282608929e-05,1.6612204206634207e-05,0.0,0.00010749073310175072,1.9543769654863774e-06,0.0,0.0,12.747083527764811,-30.61204733014009,-48.61625947767481,-31.612294288480157,0.30470085470085473,-47.426463104325705,-25.70992063492064,0.4945191023070458,-0.7343898890728976,-0.9723406135823952,2,-3.3806266386790904,-3.995837291908309,-4.4390547015307655,-3.5708370397664044,-3.9686289751553536,-2.761068044817871,2.1931245983544616,2.146128035678238
El Salvador,SLV2020-08-31,SLV,6486201.0,307.811,27.6,7292.4580000000005,57,0,156,140,92.31,84.83098039215693,78.31,92.58450980392135,87.62490196078461,69.44444444444444,456.0,27.0,13.0,177.0,1.0,7.0,0.007030309421493413,0.00041626832100947846,0.0002004254878934526,1.5417345222573274e-05,0.0027288701043954697,0.00010792141655801291,0.0,0.0,30.070103092783505,-60.0064911601669,-68.70242537313433,-59.30666666666666,-51.49405548216645,-67.81004901960785,-52.71925925925926,5.074696773719633,-1.5902481411589666,-0.21204861292531127,2,-3.3445687722994326,-3.244630171943512,-4.7636010154598605,-2.5283586975626697,-2.5640171364762714,-2.153025560173643,1.1760912590556811,1.5440680443502757
Eritrea,ERI2020-08-31,ERI,3546427.0,44.304,19.3,0.0,10,0,85,0,75.0,75.0,61.0,93.52000000000031,84.09000000000009,25.0,31.0,0.0,0.0,39.0,0.0,0.0,0.0008741192191464817,0.0,0.0,0.0,0.0010996983724746061,0.0,0.0,0.4526981368186874,0.0,0.0,0.0,0.0,0.0,0.0,0.0,-3.1352364862841684,-1.4392825868368613,1.579520889757157,0,-4.344556947094012,-1.7771978043763212,-5.223857399714452,-4.554260553132595,-2.9587264176899915,-3.0584293308822184,2.2013971243204518,2.155336037465062
Estonia,EST2020-08-31,EST,1326539.0,31.033,42.7,0.0,46,-13,15,35,64.74,41.61228758169931,50.74,42.70006535947708,40.85967320261438,45.7516339869281,134.0,6.0,65.0,640.0,0.0,1.0,0.010101474589137596,0.0004523048323494449,0.004899969017118985,0.0,0.04824584878394077,7.538413872490745e-05,0.00047168299036284736,0.0074751497821350784,11.413612565445025,-15.331688824228547,-34.10960757780785,27.584415584415584,-9.773778920308484,-25.98425196850393,-34.37522123893805,-1.437043701957252,3.1763700435669713,-1.6321887219859497,1,-3.9525231647843033,-4.3800899858302085,-3.9877043055164094,-3.1175800543422234,-1.3165400486991892,-1.995615224318269,1.3802112417116061,2.127104798364808
Ethiopia,ETH2020-08-31,ETH,114963583.0,104.957,19.8,1729.9270000000001,149,-2,159,143,73.08,66.32156862745093,59.08,78.02862745098065,72.372745098039,33.00653594771242,1829.0,52.0,2.0,71.0,0.0,3.0,0.0015909385844385172,4.523171481181132e-05,1.73968133891582e-06,0.0,6.175868753151161e-05,2.60952200837373e-06,3.926709307838565e-07,0.0015383699243852506,0.0,0.0,0.0,0.0,0.0,0.0,0.0,-2.4909119387339937,-2.5719036264190005,1.9022424270091909,0,-3.1100975913208906,-2.8318731506994625,-4.424717520680778,-4.579880083084097,-4.209301942009736,-2.7983465852523945,1.57978359661681,1.919078092376074
Fiji,FJI2020-08-31,FJI,896444.0,49.562,28.6,0.0,37,9,24,134,88.46,74.59823529411774,74.46,69.25150326797382,74.52692810457519,75.0,5.0,1.0,0.0,17.0,0.0,0.0,0.0005577593246203892,0.00011155186492407781,0.0,0.0,0.0018963817037093227,0.0,0.0018611141525679406,0.019899612479382208,13.411111111111113,-20.693333333333328,-24.75555555555556,-13.766666666666667,-14.288888888888893,-34.2,-16.455555555555556,-0.16994881510127202,-0.2842406049134665,0.2599887499634827,0,-2.5128392630691363,-4.127347838027011,-3.715780292853075,-3.615626050196704,-2.7220742434060297,-3.253553160448285,1.5563025007672873,1.845098040014257
Finland,FIN2020-08-31,FIN,5540718.0,18.136,42.8,0.0,30,-28,38,83,55.77,48.27215686274511,41.77,44.85718954248368,45.34751633986931,64.37908496732027,267.0,43.0,1.0,3.0,0.0,0.0,0.004818870045362352,0.0007760727039347608,1.804820241708746e-05,0.0,5.414460725126238e-05,0.0,0.0,0.0,9.172990353697749,-11.595436781160322,-31.16382853787434,50.01717557251909,-6.532748538011696,-39.952168367346935,-30.34561403508772,-1.44057036224652,1.849778111246769,-2.6536430497899577,0,-3.6485020849902376,-2.2237111275552937,-4.724090613057472,-3.4798428831178496,-4.266444792180815,-2.317054785535902,1.977723605288848,2.008600171761917
France,FRA2020-08-31,FRA,65273512.0,122.578,42.0,0.0,21,-31,36,70,82.69,68.66176470588225,68.69,64.41450980392182,65.87679738562099,83.98692810457516,7578.0,2004.0,0.0,12.0,0.0,1.0,0.011609609729594449,0.003070158075759736,0.0,0.0,1.8384180094369673e-05,1.5320150078641394e-06,0.0,0.0,19.397926634768734,-44.345396825396826,-58.63333333333333,-34.580952380952375,-26.225396825396825,-57.05396825396826,-45.23333333333333,2.394852860418126,1.2914611870903316,-2.3150803673340135,2,-3.2370882369513314,-2.6631363686406133,-5.472088335854527,-3.2320426643848315,-4.735555734216718,-1.9351823793253702,2.1903316981702914,2.1903316981702914
Gabon,GAB2020-08-31,GAB,2225728.0,7.859,23.1,0.0,42,0,95,102,85.26,77.87790849673195,71.26,72.07222222222235,76.69392156862739,84.39542483660131,570.0,5.0,3.0,49.0,0.0,1.0,0.025609598297725505,0.0002246455991028553,0.0001347873594617132,0.0,0.0022015268712079826,4.492911982057106e-05,0.0,0.0,19.994444444444444,-26.95300071789506,-31.93333333333333,-18.80208333333333,-21.156133828996282,-41.93333333333333,-20.940119760479046,0.9970554648121336,-0.6159513703743978,-0.15075730057836156,2,-4.299853093006667,-3.4012700317671687,-3.1738199100576816,-4.303455928796463,-2.6572760092977425,-1.5915972336537652,1.8195439355418688,1.5910646070264989
Gambia,GMB2020-08-31,GMB,2416664.0,207.566,17.5,0.0,141,0,155,155,66.67,60.49052287581704,52.67,71.36130718954256,71.49058823529434,0.0,416.0,14.0,0.0,9.0,0.0,1.0,0.017213812097999555,0.0005793109840672928,0.0,0.0,0.0003724142040432596,4.1379356004806626e-05,0.0036336178026127475,0.20513677233963665,0.0,0.0,0.0,0.0,0.0,0.0,0.0,-2.8910479976265955,-2.175037472496436,3.10054051833008,0,-3.4248502516435133,-4.170432025204115,-5.776223146224183,-2.7679966599312387,-3.428973763190245,-1.7641229420028268,1.7853298350107671,1.8976270912904412
Georgia,GEO2020-08-31,GEO,3989175.0,65.032,38.7,0.0,58,1,66,39,87.82,68.79254901960806,73.82,73.76647058823545,75.50477124182994,31.862745098039216,43.0,2.0,2.0,81.0,0.0,0.0,0.0010779171131875638,5.01356796831425e-05,5.01356796831425e-05,0.0,0.0020304950271672717,0.0,0.0,0.0,14.426829268292684,-35.85365853658537,-49.5,-17.170731707317074,-26.792682926829272,-43.487804878048784,-42.31707317073171,1.146058339401983,0.0042686298208238545,-0.8984468185245641,2,-4.316291157270988,-6.102009694585488,-5.072566695659934,-4.142071094847717,-2.6923980697919982,-2.967414633091061,2.146128035678238,2.0
Germany,DEU2020-08-31,DEU,83783945.0,237.016,46.6,0.0,93,1,61,79,74.36,64.4227450980392,60.36,63.27307189542493,66.61516339869286,52.36928104575163,6294.0,315.0,4.0,21.0,0.0,0.0,0.007512179093500552,0.00037596701850217245,4.774184361932349e-06,0.0,2.506446790014484e-05,0.0,0.0,0.0,8.543300653594773,-13.168491864831035,-30.35294117647059,23.419117647058826,-5.585106382978723,-30.201797385620914,-23.12173202614379,-0.946642727830688,0.34685930654128033,-0.05920220831872061,0,-4.063752561669299,-4.4066738544355015,-3.934802716635,-2.961139383710488,-4.6009415106991955,-2.1242340668559123,2.2430380486862944,1.57978359661681
Ghana,GHA2020-08-31,GHA,31072945.0,126.719,21.1,4227.63,25,-2,140,100,82.69,60.94359477124193,68.69,59.63581699346396,66.9718300653596,27.777777777777786,1513.0,15.0,30.0,408.0,2.0,8.0,0.0048691876486120006,4.8273506099920676e-05,9.654701219984135e-05,6.436467479989425e-06,0.0013130393659178427,2.57458699199577e-05,0.0,0.0,16.22222222222222,-23.38444444444445,-28.4,-20.877777777777773,-16.72222222222222,-31.566666666666666,-19.355555555555554,-0.11402767373956915,-1.080237909015132,-0.9399086731323804,2,-2.926298706234708,-2.935162935798992,-5.339786811724248,-4.9372942179042925,-2.8817222532367888,-2.312543488303482,2.206825876031849,1.1139433523068367
Greece,GRC2020-08-31,GRC,10423056.0,83.479,45.3,0.0,34,-7,175,38,71.15,63.023856209150296,57.15000000000001,61.64816993464057,63.19326797385625,62.09150326797386,293.0,9.0,74.0,966.0,2.0,28.0,0.002811075753598561,8.634703679995579e-05,0.0007099645247996366,1.9188230399990177e-05,0.009267915283195257,0.00026863522559986245,0.0,0.0,13.922222222222222,-26.21613467779323,-51.356944444444466,0.9680555555555556,-1.0848400556328233,-44.477777777777774,-35.12916666666667,0.33685292151021584,0.9002522754814706,-0.9492799689507148,2,-3.3839988377376367,-4.952399285926126,,-4.3190832755798185,-2.03301794469313,-2.5511274507545143,2.1003705451175634,2.1367205671564067
Guam,GUM2020-08-31,GUM,168783.0,304.128,31.4,0.0,154,0,161,13,72.44,60.75575163398697,58.44,66.20078431372556,69.42150326797376,13.0718954248366,136.0,2.0,1.0,136.0,0.0,5.0,0.08057683534479182,0.0011849534609528216,0.0005924767304764108,0.0,0.08057683534479182,0.002962383652382053,0.0077373511155349375,0.01922338606682322,0.0,0.0,0.0,0.0,0.0,0.0,0.0,-2.337659843794228,2.0814235854918546,5.859051893474464,1,-4.6412358111483165,-4.329455137364682,,-3.869402029540134,-1.0937897935284715,-1.0937897935284715,1.8388490907372552,1.7853298350107671
Guatemala,GTM2020-08-31,GTM,17915567.0,157.834,22.9,0.0,37,0,126,137,83.33,79.82385620915029,69.33,93.81228758169948,82.81424836601332,63.39869281045753,4233.0,74.0,11.0,167.0,0.0,5.0,0.02362749669044804,0.00041304860739266585,6.1399117315126e-05,0.0,0.0009321502356023672,2.7908689688693635e-05,0.0,0.0,20.983333333333334,-48.04289073459997,-53.775245986535474,-45.928985507246374,-40.97232037691403,-62.45432692307693,-37.08357487922704,3.3112070622464262,-1.5001271598670731,-0.07777547162872474,2,-3.4186100500062038,-3.5840777454338366,,-6.102009694585488,-3.0305140863210305,-1.626582288994603,2.220108088040055,2.227886704613673
Guinea,GIN2020-08-31,GIN,13132792.0,51.755,19.0,0.0,16,0,69,61,63.46,58.32856209150334,49.46,71.29084967320252,68.93653594771239,0.0,204.0,3.0,0.0,250.0,0.0,0.0,0.0015533635193491224,2.284358116689885e-05,0.0,0.0,0.0019036317639082388,0.0,0.0,0.0,0.0,0.0,0.0,0.0,0.0,0.0,0.0,-3.2266936914323123,-1.2050916280231971,-0.17316016564993164,0,-3.9778200917561346,-2.5943469636384764,,-4.309763841427444,-2.7204170571959416,-2.808726898442081,1.8920946026904804,2.0530784434834195
Guyana,GUY2020-08-31,GUY,786559.0,3.952,26.3,0.0,27,0,166,169,74.36,71.09679738562085,60.36,81.16464052287574,78.52627450980376,30.22875816993464,105.0,3.0,5.0,45.0,0.0,6.0,0.013349284669045806,0.0003814081334013088,0.0006356802223355146,0.0,0.005721122001019631,0.0007628162668026175,0.0,0.0,0.0,0.0,0.0,0.0,0.0,0.0,0.0,-2.0373340601365166,-1.6054073674699034,1.6330113603766767,0,-3.1896573179244223,-3.5788582754366645,,-4.127491393725359,-2.242518790950523,-1.8745420056559283,2.2253092817258633,2.2253092817258633
Haiti,HTI2020-08-31,HTI,11402533.0,398.448,24.3,0.0,74,0,78,113,65.38,52.9324183006536,51.38,62.36784313725492,56.76241830065363,31.862745098039216,284.0,12.0,0.0,44.0,0.0,3.0,0.002490674659744461,0.00010523977435539982,0.0,0.0,0.00038587917263646594,2.6309943588849954e-05,0.0,0.0,10.122222222222222,-29.744386024607028,-32.73888888888889,-16.513333333333332,-27.63333333333333,-47.70142180094787,-24.134952766531715,0.019507504733293688,-0.5697763180507498,-0.9816048397728908,2,-3.587052852765718,-4.837038088537013,,-4.827460549317826,-3.4135486613175723,-2.6036829977567217,2.255272505103306,1.6989700043360187
Honduras,HND2020-08-31,HND,9904608.0,82.805,24.9,0.0,22,0,168,168,89.1,86.68450980392187,75.1,96.7640522875814,86.74163398692825,86.3562091503268,1170.0,64.0,10.0,392.0,1.0,24.0,0.011812683550929022,0.0006461638865465448,0.00010096310727289764,1.0096310727289762e-05,0.003957753805097586,0.0002423114574549543,0.0,0.0,22.970588235294123,-54.71895441361178,-65.73664825046039,-47.61072423398328,-48.05864197530864,-68.178231292517,-44.01052631578948,4.442665359032064,-1.4483202768808487,0.007075231810662276,2,-3.2320426643848315,-2.8786320466023425,,-4.115556662476092,-2.402551224887852,-1.9276514301621481,1.3979400086720375,1.5314789170422551
Hungary,HUN2020-08-31,HUN,9660350.0,108.043,43.4,0.0,43,1,180,50,76.92,64.52745098039233,62.92,60.52300653594759,61.640588235294246,80.3921568627451,292.0,25.0,55.0,678.0,6.0,32.0,0.003022664810281201,0.00025878979540078776,0.0005693375498817331,6.210955089618906e-05,0.007018379251269365,0.00033125093811300834,0.0,0.0,11.14317302377004,-15.569239596472276,-26.19787234042553,18.322044728434502,-12.123280423280425,-28.31005291005291,-29.537037037037038,-0.3883612098058247,0.8828305049912346,-0.13489408896995345,0,-3.83819951709192,-2.2167740860067595,,-4.232070789212008,-2.153763167570692,-2.519610009989337,2.3263358609287508,2.143014800254095
Iceland,ISL2020-08-31,ISL,341250.0,3.404,37.3,0.0,12,-9,25,34,67.95,59.322875816993616,53.95,41.24058823529422,51.92529411764703,100.0,99.0,2.0,57.0,1020.0,0.0,2.0,0.029010989010989013,0.0005860805860805861,0.0167032967032967,0.0,0.2989010989010989,0.0005860805860805861,0.0017819640676783536,0.0071202501202501205,0.0,0.0,0.0,0.0,0.0,0.0,0.0,-2.8881394855682183,7.175629590455806,2.824023865048797,1,-4.293980036912587,-4.840278946285952,,-3.9257998400267113,-0.5244724882868949,-1.5374374654512626,2.3201462861110542,2.155336037465062
India,IND2020-08-31,IND,1380004385.0,450.419,28.2,6426.674,69,-1,212,139,96.15,82.67019607843119,82.15,82.60431372549017,84.06300653594768,75.0,78761.0,2003.0,0.0,3.0,0.0,0.0,0.005707300705424932,0.00014514446633443124,0.0,0.0,2.1739061358127495e-07,0.0,0.0,0.0,13.603982300884955,-27.283600891503113,-37.93567251461988,-20.424144144144144,-25.402307406029028,-28.571954361428045,-24.08392603129445,1.3252596602734308,-2.8879106360104965,1.4256854812828341,2,-3.4245557677101783,-5.2817139484238105,,-4.536008092873032,-6.6627592116658345,-2.2435692448040663,1.5910646070264989,2.230448921378274
Indonesia,IDN2020-08-31,IDN,273523621.0,145.725,29.3,11188.743999999999,81,28,209,143,65.71,55.82320261437913,51.71,65.81718954248365,61.425751633987005,25.0,3308.0,139.0,114.0,1528.0,14.0,136.0,0.0012094019477754722,5.081828015138773e-05,4.1678301706893535e-05,5.11838792891675e-06,0.0005586354825274851,4.972148273804842e-05,7.576096615474189e-07,0.006312456730057185,8.560940325497288,-19.31588009438604,-21.567811934900547,-19.95985533453888,-11.090415913200724,-29.39314369073669,-14.568173598553345,-0.4186986018034747,-2.332648048976252,1.1240239639351035,0,-3.518109262071925,-4.102322931025105,,-3.589836507355373,-3.2528714829270107,-2.9174293362861725,2.247973266361807,2.089905111439398
Iran,IRN2020-08-31,IRN,83992953.0,49.831,32.4,0.0,138,-6,39,170,66.99,56.50333333333332,52.99,54.883398692810495,55.50169934640535,62.00980392156863,5275.0,316.0,1237.0,19644.0,149.0,1433.0,0.006280288776131017,0.00037622203853220873,0.0014727426002036144,0.00017739583462436423,0.023387676344704768,0.0017060955101792885,1.9738759115501837e-06,0.00341692393214409,0.0,0.0,0.0,0.0,0.0,0.0,0.0,-2.659835247263519,1.448631031984287,1.9181699105850465,0,-2.3243172861233137,-4.104407551655739,,-2.454135001801364,-1.6310129248690166,-2.202020386358853,1.6127838567197357,1.7481880270062005
Iraq,IRQ2020-08-31,IRQ,40222503.0,88.125,20.0,0.0,92,1,177,123,80.77,77.43084967320287,66.77,91.10960784313733,85.14725490196093,34.967320261437905,4576.0,122.0,30.0,346.0,2.0,29.0,0.011376716163089105,0.00030331279980263783,7.458511470556669e-05,4.972340980371112e-06,0.0008602149896042024,7.209894421538112e-05,0.0,0.0,12.866666666666667,-26.82,-36.27777777777778,-24.211111111111112,-14.844444444444445,-33.333333333333336,-25.43333333333333,0.8571907580320062,-2.288934677747002,1.1717899784919672,2,-3.086035869185217,-3.9489952536776434,,-4.804592693704149,-3.0653929939538966,-1.9439830769617048,2.230448921378274,2.255272505103306
Ireland,IRL2020-08-31,IRL,4937796.0,69.874,38.7,0.0,37,1,41,56,84.62,73.01098039215674,70.62,68.72339869281039,68.10372549019618,100.0,1169.0,234.0,295.0,2910.0,8.0,54.0,0.02367453009399335,0.004738956408891741,0.005974325387278047,0.00016201560372279455,0.05893317585416651,0.0010936053251288634,0.0,0.0,19.26,-34.02728135000551,-55.70359151882303,-17.746794871794872,-10.756700167504187,-41.87367303609342,-44.05564715581203,2.147419239755259,3.7693704517851017,1.1238872690098325,1,-2.794262043570769,-2.601410536710484,,-3.9842236189471114,-1.2296401545475495,-1.6257186323716166,1.7075701760979365,1.7558748556724917
Israel,ISR2020-08-31,ISR,8655541.0,402.606,30.6,0.0,59,13,170,180,91.03,71.22052287581715,77.03,68.59705882352944,65.98816993464051,100.0,2502.0,71.0,188.0,1071.0,0.0,1.0,0.028906338725678733,0.0008202837927750559,0.0021720190569255,0.0,0.012373576648761759,1.1553292855986705e-05,2.879994095891197e-05,0.0023551266702050893,16.59495798319328,-30.46966523343689,-45.65714285714286,-22.87457627118644,-11.465346534653465,-36.11596638655463,-36.23529411764706,1.5510391720810404,-0.4126256848801435,0.859232689950159,2,-3.994340766148434,-4.5156476339022165,,-4.667421196863623,-1.907504747072437,-1.5390069125468917,2.2355284469075487,2.2227164711475837
Italy,ITA2020-08-31,ITA,60461828.0,205.859,47.9,0.0,72,0,51,57,85.26,66.93000000000004,71.26,63.74444444444442,67.30725490196076,64.86928104575163,6557.0,971.0,240.0,1128.0,8.0,29.0,0.010844859007570859,0.0016059719530808762,0.0003969446639952731,1.3231488799842439e-05,0.001865639920777784,4.796414689942885e-05,7.729394707241292e-07,0.0004796996662958843,19.92703045685279,-47.330255497678365,-57.684837092731826,-48.96491228070175,-31.438871473354233,-54.74561403508772,-43.81704260651628,2.460760542942245,0.8905360290894683,-1.0374613151385352,2,-4.097688320802844,-3.998948886679708,,-3.1501650422164142,-2.7291721738314507,-1.964776089812259,2.285557309007774,1.9956351945975501
Jamaica,JAM2020-08-31,JAM,2961161.0,266.879,31.4,0.0,41,0,172,167,74.36,65.50058823529423,60.36,74.53326797385637,68.5594117647057,48.692810457516345,244.0,3.0,2.0,65.0,0.0,4.0,0.00824001126585147,0.00010131161392440328,6.75410759496022e-05,0.0,0.0021950849683620714,0.0001350821518992044,0.0,0.0,19.75786924939468,-40.82999538485107,-43.45676004872107,-43.9281210592686,-29.29027962716378,-51.80890538033396,-35.665910808767954,2.1722625063481837,-1.1636339554520383,-0.5056211823444565,2,-4.4066738544355015,-4.957525831250387,,-4.8093332602486365,-2.6585486642252407,-2.0840721945293668,2.214843848047698,1.4471580313422192
Japan,JPN2020-08-31,JPN,126476458.0,347.778,48.2,0.0,72,-20,193,99,50.64,42.56333333333336,36.64,34.089150326797466,37.11143790849674,72.54901960784314,2064.0,101.0,1.0,30.0,0.0,1.0,0.0016319242589794855,7.985675879696126e-05,7.906609781877351e-07,0.0,2.371982934563205e-05,7.906609781877351e-07,0.0,0.0,6.40078125,-8.577083333333333,-11.586458333333333,2.7046875,1.8075520833333327,-25.301041666666666,-10.51015625,-2.165204276863678,0.705637656666418,-1.4289971288779708,0,-2.7630744191969843,-2.1697974539167566,,-3.3269783095402987,-4.624888439865824,-2.7873000016303124,2.041392685158225,2.170261715394957
Jordan,JOR2020-08-31,JOR,10203140.0,109.285,23.2,0.0,14,-12,164,28,83.97,62.27934640522885,69.97,66.95810457516315,66.78450980392161,37.5,77.0,4.0,4.0,278.0,0.0,5.0,0.0007546696409144638,3.9203617709842265e-05,3.9203617709842265e-05,0.0,0.002724651430834037,4.9004522137302836e-05,0.0,0.0,17.767184035476717,-48.607864094001776,-46.015789473684215,-48.10445682451253,-30.647490820073447,-78.24822695035459,-40.02335640138409,1.9754851205954107,-0.4012821695584155,-2.092482871386844,2,-4.368822700292177,-2.9050969403466316,,-3.9760860037202037,-2.5646890498453865,-3.1222431205909813,2.133538908370217,2.14921911265538
Kazakhstan,KAZ2020-08-31,KAZ,18776707.0,6.681,30.6,24055.588,49,2,110,148,83.01,76.32549019607858,69.01,81.14418300653601,83.38542483660126,37.5,19246.0,324.0,218.0,1179.0,4.0,14.0,0.10249933601243284,0.001725542183727956,0.0011610129507799213,2.130298992256736e-05,0.0062790562796767296,7.456046472898575e-05,0.0,0.03706563068521234,10.644444444444442,-23.88444444444445,-35.822222222222216,-6.322222222222222,-19.777777777777786,-22.3,-35.2,1.7014005825499774,-1.4400316250088183,1.7800218615778138,2,-3.5890924478704376,-4.429691930223481,,-5.036707077298011,-2.2021056243085075,-0.9892789479455,1.9030899869919435,1.919078092376074
Kenya,KEN2020-08-31,KEN,53771300.0,87.324,20.0,2993.028,52,1,136,141,80.77,76.41928104575189,66.77,83.51535947712433,81.22228758169923,50.0,960.0,23.0,6.0,197.0,1.0,8.0,0.0017853390191421821,4.277374733361477e-05,1.1158368869638636e-05,1.8597281449397724e-06,0.0003663664445531352,1.487782515951818e-05,4.378160000571117e-05,0.03034124850657109,19.00239520958084,-22.23719018385966,-25.966686496133253,-18.23866171003717,-19.638425617078045,-28.6860628812764,-18.65611421477343,0.6225040739844027,-1.9714771327939884,0.4421392420818809,2,-1.9523952874990729,-5.110041418947333,,-2.4283800317219533,-3.4360843101481766,-2.748279303270201,2.0827853703164503,2.0827853703164503
Kuwait,KWT2020-08-31,KWT,4270563.0,232.128,33.7,0.0,70,-6,80,83,87.82,75.73751633986953,73.82,83.8549673202615,83.75915032679734,31.617647058823533,1073.0,11.0,2.0,191.0,0.0,0.0,0.0251254928214383,0.000257577279623319,4.683223265878527e-05,0.0,0.004472478218913994,0.0,7.258996062111717e-07,0.00011918674022865923,25.126475548060714,-48.4526984126984,-58.94603174603174,-51.38095238095239,-39.88095238095238,-45.73809523809525,-46.317460317460316,3.1077361401555867,-0.7212438897173726,-0.5354407550045651,2,-3.6735282096861015,-2.1057098642287717,,-4.683248190730276,-2.3494517657809357,-1.5998854110627116,1.2552725051033058,1.6989700043360187
Kyrgyzstan,KGZ2020-08-31,KGZ,6524191.0,32.333,26.3,0.0,22,0,121,121,77.88,70.8410457516339,63.88,80.78339869281042,74.898954248366,48.529411764705884,11505.0,728.0,17.0,506.0,0.0,5.0,0.1763437029970459,0.011158471602072962,0.000260568704993462,0.0,0.007755750866275987,7.663785440984176e-05,0.0,0.0,10.07816091954023,-33.52239500604293,-40.09630818619583,-11.26984126984127,-36.21111111111111,-48.08193668528864,-31.952777777777786,3.3638268867991536,0.0123775904388802,2.436846898831205,2,-3.7549495344923463,-3.532042452845322,,-4.8211566445923815,-2.110376149972311,-0.7536400438074479,2.2405492482826,2.2695129442179165
Laos,LAO2020-08-31,LAO,7275556.0,29.715,24.4,0.0,37,0,2,0,86.54,50.8161437908496,72.54,49.05692810457518,51.96228758169942,44.52614379084967,4.0,0.0,0.0,19.0,0.0,0.0,5.4978616067280626e-05,0.0,0.0,0.0,0.000261148426319583,0.0,0.0,0.0,9.044444444444443,-24.42222222222223,-32.96666666666667,-11.222222222222221,-17.844444444444445,-42.833333333333336,-17.244444444444444,-1.2291465024336292,0.8427655332186584,-2.124110341042856,0,-3.6319005526230153,-2.1893532459019585,,-4.082904443998825,-3.5831125868776503,-4.259806196502517,1.8976270912904412,1.9030899869919435
Latvia,LVA2020-08-31,LVA,1886202.0,31.212,43.9,0.0,15,-9,18,50,65.38,57.94803921568626,51.38,53.39718954248374,57.431437908497,60.78431372549018,71.0,4.0,48.0,446.0,0.0,0.0,0.003764177961851381,0.00021206636404796515,0.002544796368575582,0.0,0.023645399591348117,0.0,0.002838558774773454,0.1097111141173641,8.738181818181818,-19.66720381926314,-24.53926282051281,8.161290322580646,-8.871446229913474,-37.26223776223776,-35.82436260623229,-1.006126269508028,2.2852624114676234,-0.7225527338762131,0,-3.5278598313546743,-2.7897894807170265,,-6.314161401603258,-1.626253342301922,-2.4243298522949885,2.012837224705172,2.0827853703164503
Lebanon,LBN2020-08-31,LBN,6825442.0,594.561,31.1,0.0,40,-6,174,186,69.23,59.67784313725504,55.23,69.34150326797385,66.19071895424834,23.8562091503268,1010.0,12.0,18.0,248.0,0.0,4.0,0.01479757647929614,0.00017581278985302342,0.0002637191847795352,0.0,0.0036334643236291507,5.860426328434115e-05,0.0,0.0,11.517647058823528,-34.52025691834764,-38.909224011713036,-22.057010785824342,-13.192151556156967,-63.44660194174757,-34.99629629629629,1.1284688475216842,-1.1175435796395126,-0.576588045792359,2,-3.723094736230177,-2.98474086051721,,-3.5299788116231587,-2.4396790997137536,-1.829809406757328,2.1643528557844367,2.12057393120585
Lesotho,LSO2020-08-31,LSO,2142252.0,73.562,22.2,0.0,65,0,79,80,63.46,58.41403669724772,49.46,64.01027522935789,59.94431192660544,50.0,98.0,5.0,0.0,4.0,0.0,0.0,0.00457462520749193,0.00023339924528020044,0.0,0.0,0.0001867193962241604,0.0,0.0,0.0,0.0,0.0,0.0,0.0,0.0,0.0,0.0,-3.0667359744660248,-0.7928421448610208,0.1955749242056672,0,-3.6567832969859864,-2.1010485793566733,,-5.389938128739953,-3.7288105656310715,-2.339644481266539,1.3617278360175928,1.6434526764861874
Liberia,LBR2020-08-31,LBR,5057677.0,49.127,19.2,0.0,26,0,103,121,67.31,60.52209150326785,53.31,78.15797385620922,71.52660130718931,0.0,45.0,15.0,0.0,59.0,0.0,6.0,0.0008897365331949828,0.00029657884439832755,0.0,0.0,0.0011665434546334215,0.00011863153775933101,0.0,0.0,0.0,0.0,0.0,0.0,0.0,0.0,0.0,-2.8211098117104667,-1.7972167464501914,0.4496808672068594,0,-2.8934676956316268,-2.650313595439623,,-4.707690739947176,-2.9330990787682114,-3.0507385766350112,1.3222192947339193,1.6232492903979006
Libya,LBY2020-08-31,LBY,6871287.0,3.623,29.0,0.0,23,0,146,132,75.64,71.37640522875797,61.64,93.83895424836584,84.35287581699322,0.0,841.0,13.0,1.0,60.0,1.0,2.0,0.012239337405059636,0.0001891930871174497,1.4553314393649982e-05,1.4553314393649982e-05,0.0008731988636189987,2.9106628787299964e-05,0.0,0.0,12.017316017316015,-21.597546089986004,-25.26462395543175,-10.266666666666667,-7.281481481481482,-48.46590909090909,-16.70904925544101,0.2496582514698677,-1.88952196174788,0.4106793098280903,2,-4.442338937613915,-2.688700291205287,,-2.8356168997219737,-3.0588868381533696,-1.9122420927391008,2.093421685162235,2.071882007306125
Lithuania,LTU2020-08-31,LTU,2722291.0,45.135,43.5,0.0,29,-13,23,44,84.62,57.91470588235293,70.62,49.34130718954243,55.164117647058774,73.03921568627452,122.0,6.0,36.0,394.0,2.0,7.0,0.00448151942610103,0.00022040259472628018,0.0013224155683576812,7.346753157542672e-05,0.014473103720359062,0.00025713636051399354,0.0,0.0,10.978234582829504,-11.869577844957238,-39.9898580121704,47.702005730659025,-5.020742358078604,-31.112021857923498,-30.92727272727273,-1.1900465191954186,2.57500227349031,-1.6021892985353383,0,-4.202532702376186,-2.864196993055265,,-4.154273602674771,-1.839438325544056,-2.3485747166948814,2.0,2.060697840353612
Luxembourg,LUX2020-08-31,LUX,625976.0,231.447,39.7,0.0,12,-4,21,42,80.77,59.708039215686206,66.77,44.13522875816996,52.70777777777778,98.20261437908495,234.0,8.0,38.0,1988.0,1.0,22.0,0.03738162485462702,0.0012780042685342568,0.006070520275537721,0.0001597505335667821,0.31758406073076284,0.0035145117384692065,0.0,0.0,22.0,-39.53333333333333,-60.83333333333334,-5.066666666666666,-28.31111111111111,-52.12222222222222,-51.33333333333334,2.374240874524141,8.688564903031015,1.6956575795514983,1,-4.664990962942058,-5.112343843683425,,-3.5990651703621808,-0.4981413025622757,-1.4273418252134271,2.127104798364808,1.8129133566428557
Madagascar,MDG2020-08-31,MDG,27691019.0,43.951,19.6,0.0,15,0,124,118,72.44,61.03941176470582,58.44,72.08215686274498,66.55411764705887,30.718954248366014,614.0,10.0,4.0,121.0,0.0,0.0,0.0022173254079237746,3.6112791659996336e-05,1.4445116663998532e-05,0.0,0.0004369647790859556,0.0,0.0,0.0,0.0,0.0,0.0,0.0,0.0,0.0,0.0,-2.8127297008544128,-1.5328920405538755,0.2055862768842247,0,-4.461344873666773,-3.345852613434269,,-6.039735596218969,-3.3595535672974646,-2.6541705664727475,1.8512583487190752,1.8512583487190752
Malawi,MWI2020-08-31,MWI,19129955.0,197.519,18.1,0.0,127,0,100,115,67.31,63.756490066225155,53.31,57.45880794701978,59.04947019867559,89.6523178807947,192.0,12.0,1.0,38.0,0.0,3.0,0.001003661535011452,6.272884593821573e-05,5.2274038281846464e-06,0.0,0.0001986413454710165,1.5682211484553933e-05,0.00020075495908554585,0.049392390722201626,0.0,0.0,0.0,0.0,0.0,0.0,0.0,-2.955761760496426,-1.0048106189590111,1.0263371945148891,0,-3.412148691760317,-4.047766140658771,,-3.822152071865176,-3.701930351807,-2.998412719720261,1.9912260756924949,1.9395192526186185
Malaysia,MYS2020-08-31,MYS,32365998.0,96.254,29.9,0.0,120,1,134,65,78.85,69.48686274509811,64.85,62.00209150326806,68.63300653594776,74.1830065359477,296.0,7.0,0.0,22.0,0.0,0.0,0.0009145400058419332,2.1627635273288958e-05,0.0,0.0,6.797256800176531e-05,0.0,0.0,1.400089605734767e-07,18.223580786026197,-34.182267689684565,-41.85933503836317,-31.848252344416032,-24.491048593350385,-42.97953964194373,-29.73316283034953,1.070816258273575,-0.5659601300703887,-0.24312579889447014,2,-3.8033775559917578,-2.3794840054836293,,-2.7366183335947607,-4.167666322134108,-3.038797291897376,1.3222192947339193,1.1139433523068367
Mali,MLI2020-08-31,MLI,20250834.0,15.196,16.4,0.0,36,0,71,71,66.03,56.23032679738561,52.03,56.965098039215576,57.361437908496846,50.0,110.0,7.0,16.0,325.0,0.0,21.0,0.0005431875052652153,3.4566477607786423e-05,7.90090916749404e-05,0.0,0.0016048721746472268,0.00010369943282335928,5.782477896959701e-05,0.012778472994685451,8.988888888888889,-13.826666666666668,-13.466666666666667,-4.388888888888889,-11.277777777777779,-33.96666666666667,-6.033333333333332,-1.7079931503827157,-0.3607517281652314,-0.9668753418774616,0,-3.0725385053242764,-3.9987487884084962,,-2.532214283361629,-2.794559552702156,-3.265050228522805,2.12057393120585,1.9822712330395684
Mauritania,MRT2020-08-31,MRT,4649660.0,4.289,20.3,0.0,65,0,98,87,71.79,59.10627450980378,57.790000000000006,60.482941176470355,60.76490196078443,50.0,590.0,18.0,0.0,7.0,0.0,1.0,0.012689099848160941,0.0003871250801133847,0.0,0.0,0.00015054864226631624,2.1506948895188034e-05,7.005530153459251e-05,0.003776176204012689,0.0,0.0,0.0,0.0,0.0,0.0,0.0,-3.006715396998468,-0.8901717122902257,0.3435258883237131,0,-3.4296406514374453,-4.290060074377974,,-4.459552302847429,-3.8223231568493663,-1.896569185221479,2.155336037465062,2.2013971243204518
Mauritius,MUS2020-08-31,MUS,1271767.0,622.962,37.4,0.0,12,0,21,13,71.15,54.71640522875821,57.15000000000001,48.25816993464051,54.179803921568535,57.6797385620915,41.0,2.0,1.0,325.0,0.0,9.0,0.003223860974533857,0.0001572615109528711,7.863075547643553e-05,0.0,0.02555499552984155,0.0007076767992879199,0.0,0.0,21.55755395683452,-62.811657354563856,-65.26175349428209,-68.83359013867488,-53.81652661064425,-71.61510128913443,-54.5313152400835,3.0797470403589933,2.093954031777795,-2.8321901138956114,2,-3.7747589212484502,-3.5910362099204587,,-3.903941499833417,-1.5925241906768648,-2.491623694936004,2.204119982655925,2.230448921378274
Mexico,MEX2020-08-31,MEX,128932753.0,66.444,29.3,17336.468999999994,14,-23,132,96,63.46,58.651895424836596,49.46,75.58058823529402,69.31588235294127,0.0,9556.0,1091.0,145.0,993.0,4.0,20.0,0.007411615572964612,0.0008461775418694426,0.00011246172646294153,3.1023924541501104e-06,0.0007701689267427649,1.551196227075055e-05,0.0,0.0,17.81111111111111,-41.523893612219645,-52.33400673400674,-45.44848484848485,-20.122222222222227,-52.82014146177164,-36.8946127946128,1.9102470193127459,-1.368342881265621,-1.774242197688004,2,-5.193895551944862,-2.7496385601140427,,-4.337632283187578,-3.1134140074172367,-2.130087114834778,2.14921911265538,2.123851640967086
Moldova,MDA2020-08-31,MDA,4033963.0,123.655,37.6,0.0,50,-3,143,159,76.92,69.12967320261426,62.92,74.86980392156876,74.97032679738605,37.00980392156863,786.0,15.0,101.0,965.0,4.0,19.0,0.019484561459785325,0.0003718427759501017,0.002503741358064018,9.91580735866938e-05,0.02392188525278988,0.0004710008495367954,0.0002330765607473897,0.011349849353321577,12.788888888888893,-34.86888888888889,-43.4,-17.622222222222227,-26.277777777777786,-48.077777777777776,-38.96666666666667,1.7076841222208765,0.3408806436409261,0.5791164056273403,2,-5.43464708597005,-3.9001818721131527,,-5.223857399714452,-1.6212045971493338,-1.7103093644537188,2.220108088040055,1.2041199826559248
Mongolia,MNG2020-08-31,MNG,3278292.0,1.98,28.6,0.0,56,0,67,0,80.77,63.51647058823541,66.77,64.38026143790844,65.88163398692794,50.49019607843139,74.0,0.0,1.0,16.0,0.0,0.0,0.0022572729945959666,0.0,3.0503689116161713e-05,0.0,0.0004880590258585874,0.0,0.0,0.0,2.1277777777777778,1.7004726826273788,-7.3,7.95,13.888888888888893,-3.611111111111111,-2.425414364640885,-3.2797652403021043,-0.11420585259774405,-0.022487772613279132,0,-3.62683905758704,-3.870028344526564,,-3.1252321694327314,-3.3115276512462914,-2.6464159141712402,2.2095150145426308,2.2095150145426308
Morocco,MAR2020-08-31,MAR,36910558.0,80.08,29.6,0.0,80,-10,160,170,85.26,75.39307189542501,71.26,80.08261437908511,75.94320261437896,72.38562091503267,2755.0,62.0,37.0,654.0,3.0,39.0,0.007463989029913879,0.00016797361882201834,0.00010024232090991418,8.127755749452501e-06,0.0017718507533806454,0.00010566082474288252,0.0,0.0,25.23333333333333,-60.96222222222222,-74.13333333333334,-61.56666666666667,-49.13333333333333,-66.72222222222223,-53.25555555555553,4.4959534415005,-1.0997375719448863,-0.7863924058653267,2,-4.31831393646686,-4.5337651377407004,,-4.0567407353861835,-2.751572862422436,-2.1270290075589,2.184691430817599,2.3404441148401185
Mozambique,MOZ2020-08-31,MOZ,31255435.0,37.728,17.7,0.0,86,0,141,133,66.03,55.61633986928109,52.03,65.51712418300657,65.72313725490177,0.0,142.0,2.0,0.0,39.0,0.0,0.0,0.0004543209844943768,6.398887105554602e-06,0.0,0.0,0.00012477829855831474,0.0,0.0,0.0,12.075675675675676,-17.631078253734547,-21.13276836158192,-30.263513513513512,-9.816666666666666,-26.622317596566525,-0.32012513034410844,-1.1330775113030265,-2.0272287975623358,-0.013571004130067944,0,-2.86466503247021,-3.9374322858508792,,-3.0168102885170565,-3.9038609405823435,-3.3426372032257863,1.5185139398778875,1.6020599913279625
Myanmar,MMR2020-08-31,MMR,54409794.0,81.721,29.1,5591.597,42,7,166,16,70.51,64.34431372549011,56.51000000000001,79.6552287581701,75.77882352941178,1.4705882352941178,93.0,2.0,6.0,127.0,0.0,5.0,0.00017092510954921095,3.675808807509913e-06,1.1027426422529738e-05,0.0,0.00023341385927687944,9.189522018774781e-06,0.0,0.0,0.0,0.0,0.0,0.0,0.0,0.0,0.0,-2.729552410906844,-1.803339021206184,0.8906061188254553,0,-4.0811881994023125,-4.064519385141303,,-4.502241863441115,-3.6318733606780738,-3.767194133080096,1.505149978319906,1.662757831681574
Namibia,NAM2020-08-31,NAM,2540916.0,3.0780000000000003,22.0,0.0,33,0,162,162,72.44,63.45771241830069,58.44,61.52398692810465,62.45928104575178,68.95424836601308,316.0,6.0,0.0,16.0,0.0,0.0,0.012436459922327224,0.00023613531498089667,0.0,0.0,0.000629694173282391,0.0,0.0,0.0,14.823529411764708,-32.95909728164025,-34.14388489208633,-30.83333333333333,-15.845272206303726,-58.694444444444436,-25.278551532033426,0.9353267188312496,-0.9908819905897328,-0.7804438817883176,2,-3.5658841394890746,-4.527168728327381,,-4.818875822079184,-3.2008703253147592,-1.90530322535228,1.6232492903979006,1.8388490907372552
Nepal,NPL2020-08-31,NPL,29136808.0,204.43,25.0,2442.804,66,1,153,219,88.46,83.45130718954242,74.46,90.21934640522888,86.59254901960779,66.17647058823529,1702.0,14.0,0.0,1.0,0.0,0.0,0.005841408571590958,4.804918919052492e-05,0.0,0.0,3.432084942180352e-06,0.0,0.0,0.0,11.81159420289855,-29.50144927536232,-34.73913043478261,-23.6231884057971,-27.69565217391305,-31.231884057971016,-30.217391304347824,1.5952054581325004,-2.365565642417963,1.0223651404775569,2,-4.684964435326788,-1.93724790362062,,-5.340932362085684,-5.464441972145098,-2.2334824163965283,1.230448921378274,1.2041199826559248
Netherlands,NLD2020-08-31,NLD,17134873.0,508.544,43.2,0.0,22,-10,33,40,71.15,60.58679738562094,57.15000000000001,58.79790849673228,60.24215686274505,62.5,1335.0,234.0,1159.0,9762.0,93.0,639.0,0.007791128653244176,0.00136563603360235,0.006763983602329589,0.0005427527825855494,0.05697153401720573,0.0037292368609910327,0.0,0.0,12.57008547008547,-13.226491305629235,-32.251282051282054,55.70258620689656,-6.495726495726496,-48.78290598290598,-34.30512820512821,-0.0324860856823525,7.330922063941164,1.917733517900588,1,-4.8227997077689855,-2.5920511906118717,,-3.7683672301148254,-1.244342086559851,-2.108399624179759,2.096910013008056,2.041392685158225
New Zealand,NZL2020-08-31,NZL,4822233.0,18.206,37.9,0.0,33,0,32,46,89.1,58.325490196078405,75.1,49.914509803921604,55.989542483660145,71.16013071895425,95.0,4.0,60.0,476.0,1.0,1.0,0.0019700416798607615,8.294912336255838e-05,0.0012442368504383759,2.0737280840639594e-05,0.009870945680144448,2.0737280840639594e-05,0.0001353038450582265,0.00929050628586872,15.184238551650695,-41.52170788258967,-53.92312925170068,-51.8125,-22.177668539325843,-51.28615071283096,-28.40909090909091,0.8974543238849523,1.3688652980576057,-1.8896065302618348,2,-3.6201554419722473,-4.232155101873907,,-2.73042202758877,-2.005641238009782,-2.705524585441428,1.230448921378274,1.6812412373755872
Nicaragua,NIC2020-08-31,NIC,6624554.0,51.667,27.3,0.0,0,-27,42,69,14.1,12.116339869281015,0.09999999999999963,13.435751633986944,14.321111111111117,0.0,480.0,18.0,0.0,9.0,0.0,1.0,0.007245770809627334,0.0002717164053610251,0.0,0.0,0.00013585820268051255,1.5095355853390287e-05,0.0,0.0,11.469945355191257,-26.418466792349463,-35.23748544819558,-28.328547297297305,-18.843980343980345,-35.15732087227414,-14.525,-2.000088312884874,1.6870921075067202,-4.768840493327884,0,-2.8820589092001767,-5.843855285739492,,-3.3073431590148834,-3.8669141351530563,-2.1399154072167934,2.2095150145426308,2.2121876044039577
Niger,NER2020-08-31,NER,24206636.0,16.955,15.1,0.0,25,0,17,16,52.56,33.332222222222235,38.56,32.96869281045755,34.553921568627466,26.633986928104573,69.0,5.0,9.0,648.0,1.0,20.0,0.00028504580314257615,2.065549298134611e-05,3.7179887366422994e-05,4.1310985962692215e-06,0.002676951890382456,8.262197192538443e-05,0.0,0.0,9.272222222222222,-15.51273504273504,-15.738888888888884,-21.566666666666666,-4.822222222222221,-28.94444444444445,-6.491452991452992,-2.763821234294363,0.7894026008924213,-2.58711613772278,0,-4.1594892073616805,-3.642939774643775,,-5.17416315489622,-2.5723594337922133,-3.545085348925552,2.049218022670181,2.0569048513364727
Nigeria,NGA2020-08-31,NGA,206139587.0,209.588,18.1,0.0,55,0,125,110,69.55,63.015163398692685,55.55,74.87490196078446,73.93470588235301,2.9411764705882355,790.0,31.0,16.0,97.0,0.0,1.0,0.0003832354626770451,1.5038353598719492e-05,7.761730889661675e-06,0.0,4.7055493518573904e-05,4.851081806038547e-07,0.0,0.0,12.710303633648582,-22.860610321464968,-23.83679169992019,-21.334291187739467,-19.76834589448632,-32.94461697722567,-16.419005847953215,-0.2902905680004444,-1.9260689776920739,-0.14914127900643714,0,-3.862592699932919,-4.440842831368477,,-4.440842831368477,-4.3273896673370125,-3.4165343103128163,2.24551266781415,2.198657086954422
Norway,NOR2020-08-31,NOR,5421242.0,14.462,39.7,0.0,21,-13,17,48,75.0,56.5232026143791,61.0,47.43339869281057,50.89130718954259,87.5,425.0,13.0,425.0,3581.0,2.0,16.0,0.00783953197440734,0.00023979744862893043,0.00783953197440734,3.689191517368161e-05,0.06605497411847691,0.00029513532138945284,0.0,0.0,10.529906542056077,-8.390150630232649,-26.575,58.03780718336484,-2.870967741935484,-36.09537037037037,-34.447222222222216,-1.4414188142310582,4.0659880656464775,-0.9004585417491823,1,-3.0221735924558204,-3.66884885518298,,-3.2428801229106985,-1.1800944732671808,-2.1057098642287717,2.1003705451175634,2.1367205671564067
Oman,OMN2020-08-31,OMN,5106622.0,14.98,30.7,0.0,173,22,162,163,91.67,82.97562091503265,77.67,88.7172549019607,87.74078431372554,56.78104575163399,2164.0,67.0,15.0,99.0,0.0,0.0,0.04237634976702799,0.001312021919773972,0.00029373625069566535,0.0,0.0019386592545913915,0.0,0.0,0.0065338809669671935,10.286868686868683,-24.635800325874072,-29.10126582278481,-25.776902887139112,-21.883544303797468,-32.699367088607595,-13.717921527041357,1.1336765129564397,-2.4110212080479907,3.237675331076073,2,-4.951678747942754,-3.567416717340029,,-4.072566695659935,-2.712498517303453,-1.3728764554664714,2.1613680022349753,2.113943352306837
Pakistan,PAK2020-08-31,PAK,220892331.0,255.573,23.5,5034.708,68,4,112,114,82.69,69.72156862745113,68.69,72.5565359477124,70.92999999999991,63.071895424836605,6825.0,153.0,0.0,1197.0,0.0,9.0,0.0030897405849730475,6.926451421258261e-05,0.0,0.0,0.0005418929641337344,4.074383188975447e-06,9.989162601415556e-06,0.029196345177772733,12.261904761904766,-25.040858906525568,-37.10634920634921,-5.5246913580246915,-25.305,-33.84603174603175,-23.42222222222221,0.42209598097395945,-1.2750513155393828,0.10885554298797898,2,-3.5744900060579616,-2.249609560609134,,-2.923430811607586,-3.2660864877728675,-2.5100779824664845,2.247973266361807,2.206825876031849
Palestine,PSE2020-08-31,PSE,5101416.0,778.202,20.4,0.0,46,0,176,158,80.77,72.67013071895444,66.77,86.05294117647085,77.97823529411737,43.4640522875817,724.0,7.0,0.0,155.0,0.0,1.0,0.014192138025991213,0.0001372168041186996,0.0,0.0,0.003038372091199777,1.9602400588385654e-05,7.579594894175786e-06,0.0004080843569241451,0.0,0.0,0.0,0.0,0.0,0.0,0.0,-2.057994817692093,-2.3511010989170518,1.6590834037257487,0,-1.9231985260431717,-5.660305655017877,,-4.2983941265660235,-2.517359041776884,-1.8479521737500288,2.214843848047698,2.204119982655925
Panama,PAN2020-08-31,PAN,4314768.0,55.133,29.7,0.0,51,0,126,137,83.33,76.808954248366,69.33,86.34575163398688,81.25470588235312,52.36928104575163,1540.0,41.0,279.0,2528.0,4.0,63.0,0.035691374368216316,0.0009502249020109539,0.0064661645770989285,9.270486848887356e-05,0.058589476884968086,0.0014601016786997586,0.0004270913291282405,0.021458464652082558,33.98888888888889,-63.07111111111111,-71.9,-63.84444444444443,-50.32222222222222,-68.3888888888889,-60.9,5.450575738502073,1.7084110393391876,1.132383863307017,2,-3.8302205816763375,-3.6279795826830568,,-3.637705697282538,-1.2321803795652084,-1.4474367283390928,2.285557309007774,2.2174839442139063
Papua New Guinea,PNG2020-08-31,PNG,8947027.0,18.22,22.6,0.0,26,0,145,130,78.53,59.65594771241829,64.53,56.44444444444451,59.83797385620903,58.66013071895425,55.0,1.0,0.0,7.0,0.0,0.0,0.0006147293397013332,1.1176897085478784e-05,0.0,0.0,7.82382795983515e-05,0.0,0.0,0.0,6.12987012987013,-5.506666666666668,-7.911111111111111,-11.244444444444444,9.733333333333333,-27.58888888888889,9.477777777777778,-2.3449905240117013,-1.047419845132415,-0.2896757976632923,0,-3.975966936209705,-5.132810241047379,,-4.9225853274223255,-4.106580707928498,-3.2113160584485114,2.2174839442139063,1.7160033436347992
Paraguay,PRY2020-08-31,PRY,7132530.0,17.144000000000002,26.5,8827.01,33,1,177,161,85.9,80.02882352941197,71.9,84.86196078431388,80.9430065359479,75.0,721.0,19.0,0.0,113.0,0.0,5.0,0.010108615035618496,0.00026638513963488406,0.0,0.0,0.0015842905673022056,7.010135253549583e-05,0.00018854097964514518,0.015326305448406055,18.95912806539509,-42.16602391685448,-46.0236220472441,-51.12641937925814,-31.982252559726962,-58.92759706190977,-22.77022853613341,2.7490055846024344,-1.9492577161977176,0.16711949778085927,2,-3.230308689747616,-3.695697644260224,,-4.499625125572133,-2.8001651635273705,-1.9953083422913611,1.6127838567197357,1.724275869600789
Peru,PER2020-08-31,PER,32971846.0,25.129,29.1,0.0,56,1,164,160,87.18,82.79235294117655,73.18,87.87686274509821,84.21032679738559,75.0,10143.0,3935.0,535.0,2281.0,10.0,83.0,0.03076260880267365,0.01193442429641337,0.0016225964418249436,3.0328905454671844e-05,0.006918023334210648,0.0002517299152737763,1.0656949882176073e-05,0.004357445037401936,28.47217630853995,-60.09354091424353,-69.57255244755245,-57.41687242798354,-51.38695061169008,-71.3156089193825,-50.77572016460906,6.278380314017986,-0.3684780881440594,1.3810945460303212,2,-3.2012210643202046,-3.3019288476027047,,-4.629496507558179,-2.160017977461606,-1.5119768372528235,2.103803720955957,2.14921911265538
Philippines,PHL2020-08-31,PHL,109581085.0,351.87300000000016,25.2,0.0,73,-1,193,165,91.67,76.05254901960801,77.67,86.11189542483656,86.0018954248365,21.323529411764707,6725.0,162.0,0.0,3.0,0.0,1.0,0.006137008042948288,0.00014783573278180263,0.0,0.0,2.737698755218567e-06,9.125662517395224e-07,0.0,0.0,18.046783625730995,-36.7453216374269,-44.82602339181287,-27.33698830409357,-33.340643274853804,-44.79093567251462,-33.43201754385965,2.110485336753791,-2.3770140330533387,0.480100150627256,2,-3.6144542628331737,-4.550777648019515,,-4.963408976244847,-5.562614341499307,-2.2120433075445227,1.9242792860618816,2.0453229787866576
Poland,POL2020-08-31,POL,37846605.0,124.027,41.8,0.0,30,-6,165,52,66.03,55.82836601307188,52.03,59.78928104575166,59.160849673202456,37.5,903.0,40.0,392.0,2946.0,14.0,57.0,0.0023859471675200467,0.00010568979701085472,0.0010357600107063763,3.6991428953799156e-05,0.0077840535498494515,0.000150607960740468,0.0,0.0023467592592592594,11.961437908496732,-26.12895936340659,-41.081045751634,4.701904136572553,-18.690491803278693,-46.90915032679739,-28.666013071895428,0.1278518896728931,0.6594361239369909,-1.1495172961988342,2,-3.5207247479820847,-4.662378980580865,,-4.694983090019275,-2.108794185031055,-2.6223391772241613,2.2380461031287955,2.257678574869185
Portugal,PRT2020-08-31,PRT,10196707.0,112.371,46.2,0.0,40,2,41,53,83.97,71.37013071895431,69.97,72.48032679738577,72.4914379084966,65.19607843137257,1516.0,60.0,808.0,8251.0,27.0,187.0,0.014867544982904775,0.0005884252631756508,0.007924126877432096,0.0002647913684290428,0.08091828077437156,0.0018339254035641113,0.0,0.0,20.700367647058822,-42.20490680476336,-54.925396825396824,-33.95933654360621,-26.674074074074074,-53.98107049608355,-41.484656084656095,2.5449366658603134,4.648257576692774,1.3372023265006734,1,-3.670003261416792,,,,-1.091953353016104,-1.8277607388352248,2.130333768495006,2.143014800254095
Puerto Rico,PRI2020-08-31,PRI,2860840.0,376.232,38.2,0.0,34,0,127,141,86.54,75.56888888888902,72.54,78.98019607843145,76.56522875816987,70.09803921568627,1091.0,18.0,64.0,1371.0,1.0,84.0,0.038135652465709366,0.0006291858335314102,0.002237105185889459,3.4954768529522795e-05,0.04792298765397576,0.002936200556479915,0.0,0.0,20.687196110210696,-48.19640560670596,-47.81660812844957,-52.16265912305517,-30.22156116135173,-70.50225225225225,-40.27894736842105,3.5395960708049925,1.9111724209122212,1.4210730349279062,2,-4.811313848019446,,,,-1.3194561146339976,-1.4186688188351686,2.214843848047698,2.1958996524092336
Qatar,QAT2020-08-31,QAT,2881060.0,227.322,31.9,0.0,138,-7,84,111,80.77,77.26352941176484,66.77,81.66346405228771,83.33287581699341,43.87254901960785,2355.0,7.0,59.0,693.0,0.0,1.0,0.08174074819684422,0.00024296613052140527,0.002047857385823273,0.0,0.02405364692161913,3.4709447217343625e-05,0.0,0.0,21.277777777777786,-37.60888888888889,-48.9888888888889,-38.022222222222226,-20.433333333333334,-49.111111111111114,-31.488888888888887,2.2910390017019524,-0.4483067322456439,1.3678298249862504,2,-3.7783242722805657,,,,-1.6188190682356238,-1.0875613913825155,2.0293837776852097,2.096910013008056
Romania,ROU2020-08-31,ROU,19237682.0,85.12899999999998,43.0,0.0,51,-10,173,181,82.69,64.27980392156874,68.69,61.09424836601318,60.05875816993447,87.5,1504.0,58.0,263.0,1292.0,7.0,24.0,0.007817989714145393,0.0003014916246146496,0.0013671085736836695,3.6386920212112876e-05,0.006715985844864262,0.00012475515501295844,0.0001520115573175604,0.032967061751601225,11.38563170933113,-33.080047764627416,-45.13971539456662,-25.272421814422326,-22.85994832041344,-39.99766233766234,-32.13049095607235,1.2492160664204204,0.20745455588648498,-0.38118637701768665,2,-4.269614890275126,,,,-2.172890227885957,-2.106904905289399,2.1818435879447726,2.1958996524092336
Russia,RUS2020-08-31,RUS,145934460.0,8.823,39.6,0.0,57,-33,135,139,83.97,75.59483660130735,69.97,73.8704575163398,78.42294117647045,60.04901960784314,12640.0,312.0,0.0,2.0,0.0,0.0,0.008661422394683201,0.0002137946034130664,0.0,0.0,1.3704782270068355e-06,0.0,0.0,0.0,7.9,-20.055555555555557,-28.0,-3.344444444444445,-8.644444444444442,-31.011111111111113,-29.277777777777786,0.041928411322394665,-0.6399590189637554,-0.5187624635113055,2,-3.577529840427361,,,,-5.863127859771254,-2.062410781488868,2.155336037465062,2.1003705451175634
Rwanda,RWA2020-08-31,RWA,12952209.0,494.869,20.3,0.0,6,0,164,157,82.05,70.85947712418292,68.05,73.37823529411759,78.21686274509787,30.39215686274509,231.0,2.0,1.0,127.0,0.0,0.0,0.0017834795593554738,1.5441381466281157e-05,7.720690733140578e-06,0.0,0.0009805277231088537,0.0,0.0,0.0,22.820224719101123,-37.073121693121685,-45.51666666666666,-16.322222222222226,-39.822222222222216,-50.69259259259259,-33.01190476190476,2.07903434792888,-1.5535509721989331,-0.9197547449500671,2,-4.202868771064422,,,,-3.008540122727469,-2.7487318637912823,1.7323937598229686,1.6434526764861874
Saudi Arabia,SAU2020-08-31,SAU,34813867.0,15.322,31.9,0.0,85,0,107,125,88.46,77.33732026143792,74.46,77.42562091503265,80.4201960784315,60.37581699346405,4919.0,58.0,157.0,1720.0,6.0,16.0,0.014129427219331884,0.00016660028028486464,0.000450969724219375,1.7234511753606686e-05,0.004940560036033917,4.595869800961784e-05,1.620427093989109e-05,0.010283803022935224,17.830119375573922,-41.5006548091084,-44.39920634920635,-46.52991452991454,-20.547619047619047,-61.06701030927835,-34.95952380952381,2.1049439027324865,-0.8344323472755267,0.1431015666470683,2,-4.4661513334336576,,,,-2.306223818935954,-1.8498754432841715,1.9637878273455556,1.7634279935629371
Senegal,SEN2020-08-31,SEN,16743930.0,82.32799999999997,18.7,0.0,28,-11,152,157,76.28,63.05934640522867,62.28,57.613921568627326,62.50771241830046,66.09477124183006,207.0,9.0,15.0,190.0,1.0,1.0,0.0012362689046119995,5.375082193965216e-05,8.958470323275359e-05,5.9723135488502415e-06,0.0011347395742815456,5.9723135488502415e-06,8.032447390911529e-05,0.01692872807017544,15.030405405405405,-29.45524456179177,-37.74594594594596,-23.46411483253589,-21.166666666666668,-52.09119496855346,-12.808300395256918,0.4575648046769235,-0.9173605962945496,-1.2287857301611238,2,-4.135104254270734,,,,-2.9451037987616235,-2.9078870542575346,2.2253092817258633,1.6020599913279625
Serbia,SRB2020-08-31,SRB,6804596.0,80.291,41.2,0.0,25,1,143,126,85.26,56.60254901960782,71.26,55.5245098039216,59.0961437908497,42.892156862745104,467.0,18.0,284.0,1908.0,7.0,51.0,0.006863008472508874,0.0002645270931588003,0.004173649692061072,0.00010287164733953346,0.028039871874832832,0.0007494934306166009,0.003088799431746501,0.25387174019105785,14.082191780821915,-39.123287671232866,-47.602739726027394,-26.698630136986303,-24.75342465753425,-51.57534246575342,-44.98630136986301,1.2421036173140996,2.061909777812065,0.7855681302294134,1,-3.5396890337973934,,,,-1.5522239751625908,-2.163485464964555,1.3802112417116061,1.505149978319906
Seychelles,SYC2020-08-31,SYC,98340.0,208.354,36.2,0.0,25,0,114,0,81.41,49.90222222222216,67.41,48.008888888888855,54.43150326797386,25.0,70.0,0.0,0.0,10.0,0.0,0.0,0.07118161480577588,0.0,0.0,0.0,0.01016880211511084,0.0,0.002447291709036675,0.004730842911877396,0.0,0.0,0.0,0.0,0.0,0.0,0.0,-3.2047809817049595,0.6971127018750249,0.5310066865245632,0,-4.4230606173934905,,,,-1.9927302039541428,-1.147632163939886,1.8512583487190752,1.568201724066995
Sierra Leone,SLE2020-08-31,SLE,7976985.0,104.7,19.1,0.0,32,0,54,44,82.05,56.10071895424854,68.05,57.469084967320136,62.17078431372539,22.7124183006536,86.0,5.0,8.0,124.0,3.0,7.0,0.001078101563435308,6.268032345554116e-05,0.00010028851752886586,3.7608194073324695e-05,0.0015544720216974207,8.775245283775763e-05,0.0,0.0,0.0,0.0,0.0,0.0,0.0,0.0,0.0,-3.445957688259216,-0.3631869912095688,-0.3798031332070802,0,-3.015722302725483,,,,-2.8084170902382044,-2.967340324156872,2.146128035678238,2.143014800254095
Singapore,SGP2020-08-31,SGP,5850343.0,7915.731,42.4,0.0,127,4,92,58,84.62,71.70888888888899,70.62,66.21856209150327,69.33235294117645,84.80392156862743,1426.0,2.0,3.0,89.0,0.0,0.0,0.02437463923055452,3.418602977637379e-05,5.127904466456072e-05,0.0,0.0015212783250486339,0.0,0.0,0.0,15.353846153846154,-19.301538461538463,-23.4,-18.33846153846153,-7.969230769230768,-28.784615384615392,-18.015384615384615,0.15497306817374634,0.1022478915460851,1.7188581450194158,2,-4.755613887357057,,,,-2.8177913224527256,-1.6130618035817914,1.4471580313422192,1.7781512503836436
Slovakia,SVK2020-08-31,SVK,5459643.0,113.128,41.2,0.0,32,0,168,40,83.97,61.3367973856209,69.97,53.03254901960776,56.579607843137204,87.5,123.0,4.0,14.0,485.0,0.0,0.0,0.0022528945573913896,7.326486365500455e-05,0.0002564270227925159,0.0,0.008883364718169301,0.0,1.2943459245717473e-05,0.0008731322228739875,12.451851851851853,-26.532214838853694,-52.67037037037037,18.13769123783032,-20.04567901234568,-44.43703703703704,-33.64567901234568,0.3768062556631109,0.95291253553406,-1.324673916037841,2,-2.598312240578758,,,,-2.0514225069964342,-2.6472591341592997,2.3138672203691533,2.143014800254095
Slovenia,SVN2020-08-31,SVN,2078932.0,102.619,44.5,0.0,25,0,24,32,86.54,59.0614379084966,72.54,51.684183006536045,57.43973856209158,67.97385620915033,59.0,6.0,37.0,934.0,4.0,20.0,0.0028379956631578137,0.0002886097284567268,0.0017797599921498153,0.00019240648563781788,0.044926914396430484,0.0009620324281890897,0.0,0.0,12.246315789473686,-36.82801784345904,-50.6125,-19.060532687651328,-30.908232826428947,-45.93092783505155,-37.627895868163364,0.9515454043080122,3.4411601704022763,-0.945606952897294,1,-5.330682587422822,,,,-1.3474934079509442,-2.546988272538893,2.1903316981702914,1.7853298350107671
Somalia,SOM2020-08-31,SOM,15893219.0,23.5,16.8,0.0,23,-2,71,37,44.23,33.312875816993426,30.23,42.74562091503259,38.32803921568628,5.718954248366012,97.0,6.0,20.0,80.0,3.0,5.0,0.0006103231824843036,3.775194943201877e-05,0.00012583983144006254,1.8875974716009387e-05,0.0005033593257602503,3.1459957860015634e-05,0.0,0.0,0.0,0.0,0.0,0.0,0.0,0.0,0.0,-4.138373587690527,0.02170326683620416,-1.5813948584125992,0,-4.062178761132855,,,,-3.2981218807851898,-3.2144401335108888,1.977723605288848,1.8864907251724816
South Africa,ZAF2020-08-31,ZAF,59308690.0,46.754,27.3,12294.876,83,-1,140,139,85.26,79.54915032679754,71.26,81.68183006535956,84.41699346405233,52.77777777777778,13944.0,572.0,80.0,1585.0,2.0,9.0,0.023510888539268027,0.0009644455138024463,0.00013488748444789454,3.3721871111973638e-06,0.0026724582856239108,1.5174842000388138e-05,0.0,0.0,20.636666666666667,-38.27307993966817,-47.67333333333333,-27.52,-26.054444444444453,-51.67873303167421,-38.43888888888889,2.6529122906591613,-1.7685586097547452,0.4665355134677234,2,-2.8141247206755016,,,,-2.5730890649647367,-1.6287309574165705,2.1958996524092336,2.1760912590556813
South Korea,KOR2020-08-31,KOR,51269183.0,527.967,43.4,0.0,65,-12,28,60,80.13,60.31843137254891,66.13,53.790915032679614,62.19215686274518,50.0,909.0,9.0,15.0,46.0,0.0,0.0,0.0017729949002698172,1.7554404953166504e-05,2.925734158861084e-05,0.0,8.972251420507325e-05,0.0,0.0,0.0,7.077922077922077,-4.335064935064935,-18.09090909090909,20.623376623376625,-0.2987012987012987,-15.92207792207792,-7.987012987012987,-2.299574059925127,0.7256763087323828,-0.8747843085290524,0,-3.365549380805284,,,,-4.047098565114808,-2.7512925135744144,2.1367205671564067,2.133538908370217
Spain,ESP2020-08-30,ESP,46754783.0,93.105,45.5,0.0,65,1,206,139,81.41,68.65697368421043,67.41,67.76684210526327,65.33309210526316,86.92434210526315,19382.0,1179.0,54.0,136.0,0.0,0.0,0.04145458230444573,0.002521667141520045,0.00011549620495511655,0.0,0.00029087933099807136,0.0,1.0337623283019693e-07,5.985449735449736e-05,16.636815920398007,-44.510926395389774,-56.16447368421053,-44.16447368421053,-31.12862796833773,-50.43653032440056,-40.660526315789475,2.9968355747910334,-0.29551719889942923,0.18579767032953332,2,-2.9435921426934324,,,,-3.5362871373036304,-1.3824274564395935,2.0374264979406242,1.8388490907372552
Sri Lanka,LKA2020-08-31,LKA,21413250.0,341.955,34.1,0.0,61,-9,155,61,82.05,62.95803921568624,68.05,63.78071895424848,67.21568627450982,39.54248366013072,256.0,1.0,0.0,1.0,0.0,0.0,0.001195521464513794,4.670005720757008e-06,0.0,0.0,4.670005720757008e-06,0.0,0.0,0.0,23.59756097560976,-38.52195121951221,-47.487804878048784,-25.81707317073171,-40.25609756097561,-40.84146341463415,-38.207317073170735,1.7790337526808326,-0.3518983511437753,-1.387836569986008,2,-3.045153300930139,,,,-5.330682587422822,-2.9224426221109723,1.505149978319906,1.5440680443502757
Sudan,SDN2020-08-31,SDN,43849269.0,23.25800000000001,19.7,0.0,76,0,95,77,80.13,69.1785620915032,66.13,80.13692810457505,76.17183006535944,30.718954248366014,520.0,38.0,0.0,19.0,0.0,2.0,0.0011858806585806482,8.666050966550891e-05,0.0,0.0,4.333025483275445e-05,4.5610794560794155e-06,1.0634156751849158e-05,0.011164444547439542,0.0,0.0,0.0,0.0,0.0,0.0,0.0,-2.751920272217993,-1.7176542534284098,1.033427447567946,0,-4.0763510299586585,,,,-4.363208756796836,-2.9259590141148664,1.4471580313422192,0.9542425094393248
Suriname,SUR2020-08-31,SUR,586634.0,3.612,29.6,0.0,81,0,157,150,78.85,68.66490196078428,64.85,82.37248366013084,75.68300653594756,30.065359477124186,139.0,9.0,0.0,10.0,0.0,1.0,0.023694501171087932,0.0015341763348186432,0.0,0.0,0.0017046403720207153,0.00017046403720207147,0.0017357784694829598,0.012010219688542826,0.0,0.0,0.0,0.0,0.0,0.0,0.0,-2.0370885218773043,-1.7288507701082247,2.3598082857892884,0,-4.998071895840539,,,,-2.7683672301148263,-1.6253524298607314,1.6434526764861874,1.6434526764861874
Swaziland,SWZ2020-08-31,SWZ,1160164.0,79.492,21.5,0.0,19,0,137,136,76.28,69.56006535947712,62.28,81.98450980392148,77.66816993464063,25.0,147.0,5.0,1.0,15.0,0.0,0.0,0.012670622429242762,0.00043097355201505993,8.619471040301199e-05,0.0,0.0012929206560451801,0.0,0.0,0.0,0.0,0.0,0.0,0.0,0.0,0.0,0.0,-2.3389894441886248,-1.978617744564348,0.9725516728274698,0,-5.2417952944115305,,,,-2.8884281260856213,-1.8972020503931264,1.3979400086720375,1.9138138523837167
Sweden,SWE2020-08-31,SWE,10099270.0,24.718000000000004,41.0,0.0,87,-37,109,69,50.64,46.56032679738557,36.64,41.95372549019614,43.658954248366,62.5,1698.0,115.0,3.0,14.0,0.0,0.0,0.016813096392115468,0.0011386961631880323,2.9705117300557374e-05,0.0,0.00013862388073593434,0.0,0.0,0.0,7.013491635186185,-1.6999507945430636,-12.813209494324045,53.98774080560421,-1.912537917087968,-26.94306049822064,-20.818686868686868,-2.332467979412044,1.3323256205115996,-1.7490949987000364,0,-4.616934090424158,,,,-3.858161947368806,-1.77435229713911,2.220108088040055,1.6127838567197357
Switzerland,CHE2020-08-31,CHE,8654618.0,214.243,43.1,0.0,76,1,32,35,67.95,57.541241830065324,53.95,54.484313725490104,59.37071895424842,47.467320261437905,1390.0,78.0,1000.0,10714.0,58.0,161.0,0.016060789742539758,0.0009012529495813679,0.011554524994632923,0.0006701624496887095,0.12379518079249716,0.0018602785241359008,0.0,0.0,13.989003880983182,-21.591345748841995,-47.43165115139637,10.233180428134556,-6.004186289900575,-34.39931594698589,-30.35475578406169,0.21737291085460586,7.703204815877193,2.8201369577860183,1,-3.5439101185746797,,,,-0.9072962615837789,-1.7942331033665246,2.2227164711475837,2.227886704613673
Tajikistan,TJK2020-08-31,TJK,9537642.0,64.281,23.3,0.0,50,0,28,9,64.74,52.94845528455286,50.74,58.50585365853655,55.443495934959394,39.227642276422756,463.0,8.0,244.0,3807.0,0.0,47.0,0.0048544493492207,8.387817450057362e-05,0.002558284322267496,0.0,0.03991552629046047,0.0004927842751908701,0.0,0.0,5.6,-24.882352941176467,-27.223529411764694,-19.88235294117647,-21.95294117647059,-34.24705882352941,-21.105882352941176,-1.0175971024810435,1.2763095609851869,-0.7993364935169378,0,-4.3735966913239155,,,,-1.398858140136234,-2.313860025932648,2.214843848047698,1.5185139398778875
Tanzania,TZA2020-08-31,TZA,59734213.0,64.699,17.7,0.0,26,0,44,44,38.46,27.344509803921643,24.46,35.47032679738557,32.31718954248361,0.0,174.0,6.0,35.0,88.0,1.0,4.0,0.0002912903531515515,1.0044494936260398e-05,5.859288712818565e-05,1.6740824893767328e-06,0.0001473192590651525,6.696329957506931e-06,2.0094570147485384e-06,0.0013233119103530672,6.959798994974874,-13.862562563787632,-22.525252525252533,-17.07638888888889,-7.75133214920071,-11.657973174366616,-10.301866081229418,-2.9167373725120638,0.33679174143583623,-2.460463219943612,0,-3.822225071371538,,,,-3.8317404740740137,-3.535673897941583,1.4913616938342726,1.5910646070264989
Thailand,THA2020-08-31,THA,69799978.0,135.132,40.1,16277.671,56,-53,25,82,81.41,68.53098039215678,67.41,62.060130718954106,64.65215686274527,89.86928104575163,263.0,4.0,1.0,33.0,0.0,0.0,0.0003767909497048839,5.730660832013442e-06,1.4326652080033609e-06,0.0,4.72779518641109e-05,0.0,0.0,0.0,13.377777777777775,-29.371111111111112,-34.755555555555546,-36.62222222222222,-8.011111111111111,-45.2,-22.266666666666666,0.4666922764521592,0.3992769470760812,-2.441029289515242,2,-5.058245663689915,,,,-4.325341345861603,-3.4238995372497336,2.1903316981702914,2.1818435879447726
Timor,TLS2020-08-31,TLS,1318442.0,87.176,18.0,0.0,26,0,26,0,74.36,56.4684967320261,60.36,43.29490196078439,50.813071895424784,87.58169934640524,12.0,0.0,3.0,22.0,0.0,0.0,0.000910165179810716,0.0,0.0002275412949526789,0.0,0.0016686361629863124,0.0,0.0,0.0,0.0,0.0,0.0,0.0,0.0,0.0,0.0,-3.694210740962904,0.6803680878152949,-1.1138236234746524,0,-3.711397881673936,,,,-2.7776383485412306,-3.040879783315812,2.2227164711475837,2.24551266781415
Togo,TGO2020-08-31,TGO,8278737.0,143.366,19.4,1429.8129999999999,71,-9,166,41,68.59,55.510522875817,54.59,60.75444444444443,58.56183006535962,38.72549019607843,39.0,2.0,3.0,44.0,0.0,3.0,0.00047108635049041903,2.4158274384124052e-05,3.6237411576186075e-05,0.0,0.0005314820364507292,3.6237411576186075e-05,0.0,0.0,16.75,-20.263836888435925,-28.88888888888889,-8.585635359116022,-16.666666666666668,-35.666666666666664,-11.511326860841427,-0.6031440674767209,-0.8024786844019461,-0.9771104834908272,0,-3.8812705039293576,,,,-3.2745114096019514,-3.326899479061639,1.919078092376074,2.0211892990699383
Trinidad and Tobago,TTO2020-08-31,TTO,1399491.0,266.886,36.2,0.0,46,0,167,169,87.18,70.21424836601305,73.18,73.09032679738567,73.73921568627436,50.81699346405229,159.0,4.0,3.0,112.0,0.0,8.0,0.01136127349157658,0.0002858182010459517,0.00021436365078446377,0.0,0.008002909629286648,0.0005716364020919034,0.0,0.0,20.177777777777774,-43.4088888888889,-48.83333333333334,-41.08888888888889,-18.177777777777774,-65.27777777777777,-43.66666666666666,2.5662133429374068,-0.5927223858897931,-0.21143172535908944,2,-2.743998827573854,,,,-2.0967520872324603,-1.9445729855821905,1.9242792860618816,1.9084850188786495
Tunisia,TUN2020-08-31,TUN,11818618.0,74.22800000000002,32.7,10849.296999999999,59,-6,164,33,82.05,57.687189542483644,68.05,53.15169934640529,54.53993464052287,75.0,242.0,5.0,32.0,394.0,1.0,10.0,0.0020476167348838924,4.230613088603083e-05,0.00027075923767059737,8.461226177206168e-06,0.0033337231138192303,8.461226177206166e-05,2.095563683221394e-05,0.002717044082125604,0.0,0.0,0.0,0.0,0.0,0.0,0.0,-2.837283329331948,-0.3736902273151884,-0.034447724134380124,0,-2.82716076764925,,,,-2.4770704738343605,-2.688751329679504,2.1613680022349753,1.934498451243568
Turkey,TUR2020-08-31,TUR,84339067.0,104.914,31.6,0.0,38,0,31,39,76.28,68.10790849673228,62.28,64.01196078431377,66.98738562091495,74.26470588235293,5138.0,127.0,4747.0,47029.0,98.0,1006.0,0.006092075929651913,0.00015058264754102627,0.005628471085647651,0.00011619763353559506,0.055761821505566335,0.001192804278947027,0.0001398953447889441,0.13280176805955568,14.304919197300658,-35.01932889579192,-49.64319930323705,-20.643187250996014,-15.940759344068544,-53.02202027263195,-35.847478308026034,0.8835475780514649,3.0561750048240364,0.4470100860043088,1,-4.2397656886105,,,,-1.2536630480934114,-2.2152346923971677,1.1760912590556811,1.2787536009528289
Uganda,UGA2020-08-31,UGA,45741000.0,213.759,16.4,1697.707,8,0,155,152,78.85,71.8209803921568,64.85,84.64130718954259,77.48058823529419,40.68627450980392,415.0,4.0,1.0,56.0,0.0,0.0,0.0009072823069019043,8.744889705078595e-06,2.1862224262696493e-06,0.0,0.00012242845587110026,0.0,0.0,0.0,21.29957805907173,-37.31887520713102,-47.71007371007371,-15.172222222222222,-43.2093023255814,-55.35833333333333,-25.144444444444453,2.1630689945297887,-1.864847158832223,-0.7178298970779434,2,-4.445464072702663,,,,-3.9121176280116776,-3.042257558305785,2.1903316981702914,2.1903316981702914
Ukraine,UKR2020-08-31,UKR,43733759.0,77.39,41.4,0.0,56,-8,167,176,80.13,62.27607843137257,66.13,65.28137254901961,66.77895424836588,37.5,3331.0,85.0,103.0,897.0,2.0,22.0,0.007616541720093166,0.00019435786436743292,0.00023551600035112466,4.573126220410187e-06,0.002051047109853969,5.030438842451206e-05,4.045457810362858e-08,0.0014403998778998778,9.0,-21.086666666666666,-34.322222222222216,7.288888888888889,-12.244444444444444,-33.94444444444444,-32.21111111111111,0.09438663561132804,-0.6426041344752669,-0.2877100909900454,2,-4.223418713633184,,,,-2.6880243643441366,-2.1182421746970523,2.1760912590556813,2.2253092817258633
United Arab Emirates,ARE2020-08-31,ARE,9890400.0,112.442,34.0,0.0,43,-34,83,105,85.26,67.29065359477121,71.26,64.44477124182994,70.4354901960785,50.0,994.0,13.0,0.0,13.0,0.0,0.0,0.010050149640055005,0.00013144058885383806,0.0,0.0,0.00013144058885383806,0.0,0.0,0.0,19.00614439324117,-37.28645833333333,-39.62222222222222,-49.111111111111114,-17.843055555555555,-49.68229166666666,-30.17361111111111,1.2276322149640977,-0.08431037916195741,-1.9655793898327796,2,-5.386225028412276,,,,-3.8812705039293576,-1.9978274718388809,2.2648178230095364,2.303196057420489
United Kingdom,GBR2020-08-31,GBR,67886004.0,272.898,40.8,0.0,129,1,84,81,78.85,73.71732026143799,64.85,71.12450980392167,68.93411764705868,100.0,5487.0,1224.0,5.0,47.0,0.0,0.0,0.008082667525989599,0.001803022608312605,7.3652884326495345e-06,0.0,6.923371126690561e-05,0.0,0.0,0.0,12.478063874461267,-26.24983044904183,-38.84003194037796,-9.5,-13.111510476023495,-35.04264640143049,-34.75496342737722,0.7721145348208084,0.0960516992887786,0.5642386732030171,2,-3.758591203937637,,,,-4.159682387447679,-2.092445285187317,1.8260748027008264,1.9731278535996983
United States,USA2020-08-31,USA,331002647.0,35.60800000000001,38.3,0.0,25,-41,145,86,71.47,69.8051633986926,57.47,70.27869281045719,71.13810457516323,62.5,78427.0,4928.0,0.0,15.0,0.0,0.0,0.023693768225364068,0.0014888098462850054,0.0,0.0,4.531685814585041e-06,0.0,0.0,0.0,12.56431623931624,-12.983664440673435,-26.46901709401709,29.022917112872143,-4.227777777777779,-30.00106837606837,-33.243376068376065,-0.2451725402892551,0.10699567343273957,-1.0742215666112247,0,-3.662378980580865,,,,-5.3437402077499385,-1.6253658641678916,2.0827853703164503,2.071882007306125
Uruguay,URY2020-08-31,URY,3473727.0,19.751,35.6,0.0,18,0,15,19,66.03,51.76450980392164,52.03,47.16732026143786,48.86287581699353,67.72875816993465,36.0,2.0,7.0,472.0,0.0,8.0,0.0010363508704051873,5.757504835584374e-05,0.00020151266924545307,0.0,0.013587711411979122,0.00023030019342337496,0.0,0.0,13.775026910656619,-38.64799928382892,-44.57630522088353,-58.48137854363535,-21.909868421052632,-50.87043418332185,-17.402010050251256,0.20886216282798986,1.4580530477251228,-2.3298387906614613,2,-3.916831839635632,,,,-1.8668536856403932,-2.984493183507194,2.127104798364808,2.1613680022349753
Uzbekistan,UZB2020-08-31,UZB,33469199.0,76.134,28.2,0.0,43,0,155,155,84.62,71.66058823529411,70.62,77.58307189542498,75.59836601307201,50.0,1156.0,12.0,167.0,1165.0,0.0,4.0,0.003453921917880377,3.585386073924267e-05,0.0004989662286211271,0.0,0.003480812313434809,1.195128691308089e-05,0.0,0.0,0.0,0.0,0.0,0.0,0.0,0.0,0.0,-2.235180562759687,-1.7357602253321986,1.18736922267797,0,,,,,-2.4583193933882503,-2.4616874846657777,,
Venezuela,VEN2020-08-31,VEN,28435943.0,36.253,29.0,0.0,99,0,150,168,75.64,72.38562091503275,61.64,84.12751633986944,76.45581699346391,50.0,2133.0,17.0,8.0,189.0,0.0,9.0,0.007501070036608245,5.978349302500713e-05,2.8133408482356294e-05,0.0,0.0006646517753956674,3.1650084542650824e-05,6.382767049434582e-05,0.054348468462901166,17.955555555555556,-46.00222222222222,-54.4111111111111,-47.477777777777774,-33.96666666666667,-55.4,-38.755555555555546,2.657355578177916,-1.6739280785973945,0.2871951951458044,2,,,,,-3.177405830838214,-2.124876779562029,,
Vietnam,VNM2020-08-31,VNM,97338583.0,308.127,32.6,6171.884,71,-5,184,201,85.9,67.00503267973852,71.9,68.95986928104577,73.45686274509808,31.535947712418302,50.0,4.0,0.0,16.0,0.0,0.0,5.136709253308115e-05,4.109367402646492e-06,0.0,0.0,1.6437469610585972e-05,0.0,0.0,0.0,9.433304272013947,-21.40621533756409,-27.892947635135137,-20.971131394608364,-20.098514635211888,-32.08938673908124,-5.979096283783784,0.10919483203744793,-2.1577414138918978,0.3525145185053542,2,,,,,-4.784165037084311,-4.2893150154042194,,
Yemen,YEM2020-08-31,YEM,29825968.0,53.508,20.3,0.0,21,0,67,94,40.38,32.00375000000001,26.38000000000001,46.229999999999826,37.827152777777854,0.0,116.0,52.0,0.0,34.0,0.0,7.0,0.0003889228339546264,0.0001743447186693153,0.0,0.0,0.00011399462374532151,2.3469481359330906e-05,0.00029985950497901697,0.1046403411197627,6.1555555555555586,-7.18,-8.622222222222222,-10.466666666666667,1.6333333333333333,-9.344444444444443,-9.1,-3.2009447687126253,-0.19286016172203296,-1.4395790658501009,0,,,,,-3.9431156305301807,-3.410136558345517,,
Zambia,ZMB2020-08-31,ZMB,18383956.0,22.995,17.7,0.0,44,0,121,118,63.14,48.77052287581688,49.14,50.07640522875825,53.09398692810456,25.0,527.0,40.0,4.0,52.0,0.0,2.0,0.0028666300115165635,0.00021758102554205407,2.1758102554205414e-05,0.0,0.00028285533320467044,1.0879051277102707e-05,0.0,0.0,11.311111111111117,-8.419999999999998,-12.6,-1.4888888888888892,-4.111111111111111,-16.433333333333334,-7.466666666666668,-2.0856673920400133,-0.8642298548803137,-0.8695887096876427,0,,,,,-3.5484356282740284,-2.5426283566962806,,
Zimbabwe,ZWE2020-08-31,ZWE,14862927.0,42.729,19.6,1899.775,19,0,134,145,71.15,66.13725490196096,57.15000000000001,81.16647058823517,73.826405228758,23.8562091503268,490.0,18.0,0.0,25.0,0.0,3.0,0.0032967934243369424,0.00012110669722054074,0.0,0.0,0.00016820374613963994,2.01844495367568e-05,0.0,0.0,28.82198952879581,-39.289466481346395,-43.195729537366546,-38.72375690607735,-27.11673151750973,-58.44852941176471,-28.96258503401361,2.2098990153094267,-1.6604284337044946,-0.9978645638039124,2,,,,,-3.774164336066901,-2.481908264710424,,
