location,primary_key_reaction,iso_code,minDate,maxDate,maxValue,changeGovResp,ramp_up_duration,population,population_density,median_age,newCases_startDate,CaseVsResp_Interval,AvgMaxGovResp_StartApr1,MaxNewCases_date,MaxNewCases_value,StartToMaxNewCases_Interval,MaxNewDeaths_date,MaxNewDeaths_value,MaxNewCasesToMaxNewDeaths_Interval,FirstNewCaseToMaxNewDeaths,3mth_date,newCases_3mnth,totCases_3mnth,newDeaths_3mnth,totDeaths_3mnth,gdp_per_capita,StringencyIndex_updated,ContainmentHealthIndex_updated,EconomicSupportIndex_updated,retail_and_recreation,grocery_and_pharmacy,parks,transit_stations,workplaces,residential,avgOutdoorMobil
Afghanistan,AFG2020-08-31,AFG,2020-03-01,2020-04-12,64.74,50.739999999999995,42 days 00:00:00.000000000,38928341.0,54.422,18.6,2020-02-25,-5 days +00:00:00.000000000,60.57888888888874,2020-05-16,1063.0,76 days 00:00:00.000000000,2020-07-07,56.0,52 days 00:00:00.000000000,133 days 00:00:00.000000000,2020-03-26,33.0,75.0,0.0,1.0,,77.05660130718965,71.5952941176471,0.0,-29.666666666666668,-13.307692307692308,-10.076923076923077,-31.41025641025641,-21.5,9.333333333333334,-21.192307692307693
Albania,ALB2020-08-31,ALB,2020-03-09,2020-05-26,81.41,67.41,78 days 00:00:00.000000000,2877800.0,104.871,38.0,2020-03-09,0 days 00:00:00.000000000,68.48954248365996,2020-08-25,178.0,169 days 00:00:00.000000000,2020-07-26,6.0,-30 days +00:00:00.000000000,139 days 00:00:00.000000000,2020-04-08,6.0,383.0,0.0,22.0,,71.0821568627453,69.28169934640518,64.13398692810458,,,,,,,
Algeria,DZA2020-08-31,DZA,2020-03-12,2020-08-08,78.85,64.85,149 days 00:00:00.000000000,43851043.0,17.348,29.1,2020-02-26,-15 days +00:00:00.000000000,66.17104575163397,2020-07-25,675.0,135 days 00:00:00.000000000,2020-04-04,42.0,-112 days +00:00:00.000000000,38 days 00:00:00.000000000,2020-03-27,65.0,367.0,4.0,25.0,,77.3498039215685,70.17986928104571,44.11764705882353,,,,,,,
Angola,AGO2020-08-31,AGO,2020-03-24,2020-04-09,75.64,61.64,16 days 00:00:00.000000000,32866268.0,23.89,16.8,2020-03-22,-2 days +00:00:00.000000000,67.04437908496712,2020-08-06,180.0,135 days 00:00:00.000000000,2020-07-30,6.0,-7 days +00:00:00.000000000,130 days 00:00:00.000000000,2020-04-21,0.0,24.0,0.0,2.0,,79.37686274509794,71.98398692810454,39.869281045751634,-39.76190476190476,-21.725581395348836,-34.577777777777776,-54.16256157635468,-20.486725663716815,20.988888888888887,-34.14291023502057
Argentina,ARG2020-08-31,ARG,2020-03-04,2020-03-25,91.03,77.03,21 days 00:00:00.000000000,45195777.0,16.177,31.9,2020-03-04,0 days 00:00:00.000000000,85.19019607843144,2020-08-30,11730.0,179 days 00:00:00.000000000,2020-08-26,323.0,-4 days +00:00:00.000000000,175 days 00:00:00.000000000,2020-04-03,0.0,1133.0,3.0,34.0,,91.49653594771223,87.04156862745101,75.0,-65.05955555555556,-28.504444444444445,-73.73333333333333,-60.525192918747166,-31.805777777777777,18.844,-51.92566080597165
Aruba,ABW2020-08-31,ABW,2020-03-19,2020-04-10,81.41,67.41,22 days 00:00:00.000000000,106766.0,584.8,41.2,2020-03-13,-6 days +00:00:00.000000000,57.20692810457518,2020-08-20,175.0,154 days 00:00:00.000000000,2020-04-16,1.0,-126 days +00:00:00.000000000,34 days 00:00:00.000000000,2020-04-12,6.0,92.0,0.0,0.0,,53.84457516339867,52.973856209150256,80.47385620915033,-53.24444444444445,-22.488888888888887,-36.044444444444444,-59.98888888888889,-47.9,22.211267605633804,-43.93333333333333
Australia,AUS2020-08-31,AUS,2020-01-25,2020-08-03,81.73,67.73,191 days 00:00:00.000000000,25499881.0,3.202,37.9,2020-01-25,0 days 00:00:00.000000000,71.28176470588234,2020-07-31,721.0,188 days 00:00:00.000000000,2020-08-18,25.0,18 days 00:00:00.000000000,206 days 00:00:00.000000000,2020-02-24,0.0,22.0,0.0,0.0,,68.20124183006544,70.60228758169946,75.0,-18.23968253968254,0.8841269841269841,-14.78888888888889,-25.447619047619046,-10.907936507936508,7.853035143769968,-13.7
Austria,AUT2020-08-31,AUT,2020-02-25,2020-03-30,85.26,71.26,34 days 00:00:00.000000000,9006400.0,106.749,44.4,2020-02-26,1 days 00:00:00.000000000,62.668169934640524,2020-03-27,1141.0,31 days 00:00:00.000000000,2020-04-23,31.0,27 days 00:00:00.000000000,57 days 00:00:00.000000000,2020-03-27,1141.0,7029.0,18.0,52.0,,50.26039215686271,58.156535947712364,87.5,-49.52444444444444,-17.827272727272728,-7.187082405345212,-45.02552204176334,-36.08444444444444,13.110862262038074,-31.12975321265403
Azerbaijan,AZE2020-08-31,AZE,2020-02-28,2020-06-21,87.18,73.18,114 days 00:00:00.000000000,10139175.0,119.309,32.4,2020-02-29,1 days 00:00:00.000000000,81.10490196078422,2020-06-25,590.0,118 days 00:00:00.000000000,2020-07-22,13.0,27 days 00:00:00.000000000,144 days 00:00:00.000000000,2020-03-30,27.0,209.0,0.0,4.0,,88.03215686274505,87.17640522875826,47.7124183006536,,,,,,,
Bahrain,BHR2020-08-31,BHR,2020-02-09,2020-04-01,83.33,69.33,52 days 00:00:00.000000000,1701583.0,1935.907,32.4,2020-02-24,15 days 00:00:00.000000000,79.4947058823531,2020-06-13,1046.0,125 days 00:00:00.000000000,2020-06-27,7.0,14 days 00:00:00.000000000,124 days 00:00:00.000000000,2020-03-25,51.0,390.0,1.0,3.0,,73.15843137254912,78.04307189542492,87.5,-30.058823529411764,-10.847058823529412,-30.31764705882353,-25.658823529411766,-14.376470588235295,11.388235294117647,-22.25176470588235
Bangladesh,BGD2020-08-31,BGD,2020-03-04,2020-04-13,85.26,71.26,40 days 00:00:00.000000000,164689383.0,1265.036,27.5,2020-03-09,5 days 00:00:00.000000000,73.92751633986961,2020-07-03,4019.0,121 days 00:00:00.000000000,2020-07-01,64.0,-2 days +00:00:00.000000000,114 days 00:00:00.000000000,2020-04-08,41.0,164.0,5.0,17.0,3523.9840000000004,81.68973856209163,77.44411764705866,54.57516339869281,-52.51111111111111,-33.78888888888889,-24.255555555555556,-49.05555555555556,-36.21111111111111,17.233333333333334,-39.16444444444445
Barbados,BRB2020-08-31,BRB,2020-03-18,2020-04-19,80.13,66.13,32 days 00:00:00.000000000,287371.0,664.4630000000002,39.8,2020-03-18,0 days 00:00:00.000000000,66.00869281045762,2020-08-02,12.0,137 days 00:00:00.000000000,2020-04-06,1.0,-118 days +00:00:00.000000000,19 days 00:00:00.000000000,2020-04-17,0.0,75.0,0.0,5.0,,68.53078431372548,70.86679738562087,39.29738562091503,-55.55882352941177,-37.84276729559748,-45.99290780141844,-67.20370370370371,-53.91192411924119,20.814285714285713,-52.10202528987452
Belarus,BLR2020-08-31,BLR,2020-04-09,2020-04-20,25.0,11.0,11 days 00:00:00.000000000,9449321.0,46.858,40.3,2020-02-28,-41 days +00:00:00.000000000,22.989019607843126,2020-04-30,973.0,21 days 00:00:00.000000000,2020-07-26,11.0,87 days 00:00:00.000000000,149 days 00:00:00.000000000,2020-03-29,0.0,94.0,0.0,0.0,,12.944117647058796,27.170261437908497,0.0,-14.044444444444444,0.8222222222222222,39.03333333333333,-15.566666666666666,-20.433333333333334,2.3,-2.037777777777778
Belgium,BEL2020-08-31,BEL,2020-02-26,2020-05-04,78.85,64.85,68 days 00:00:00.000000000,11589616.0,375.564,41.8,2020-02-04,-22 days +00:00:00.000000000,67.92418300653614,2020-04-11,2336.0,45 days 00:00:00.000000000,2020-04-09,321.0,-2 days +00:00:00.000000000,65 days 00:00:00.000000000,2020-03-05,53.0,125.0,0.0,0.0,,64.28784313725482,65.70228758169941,80.1470588235294,-55.37777777777778,-19.06111111111111,-9.11111111111111,-50.16388888888889,-44.74722222222222,18.458333333333332,-35.69222222222222
Belize,BLZ2020-08-31,BLZ,2020-03-24,2020-05-15,73.08,59.08,52 days 00:00:00.000000000,397621.0,16.426,25.0,2020-03-24,0 days 00:00:00.000000000,67.45326797385617,2020-08-30,94.0,159 days 00:00:00.000000000,2020-08-25,4.0,-5 days +00:00:00.000000000,154 days 00:00:00.000000000,2020-04-23,0.0,18.0,0.0,2.0,,73.50202614379087,72.25777777777776,41.013071895424844,-49.698550724637684,-25.162995594713657,-37.37777777777778,-62.196363636363635,-45.671844660194175,17.269565217391303,-44.021506478737386
Benin,BEN2020-08-31,BEN,2020-03-17,2020-04-20,61.86,47.86,34 days 00:00:00.000000000,12123198.0,99.11,18.8,2020-03-17,0 days 00:00:00.000000000,53.6354248366012,2020-07-18,139.0,123 days 00:00:00.000000000,2020-06-30,3.0,-18 days +00:00:00.000000000,105 days 00:00:00.000000000,2020-04-16,0.0,35.0,0.0,1.0,,51.59307189542486,56.986013071895286,35.2124183006536,-15.137931034482758,-1.7305555555555556,2.3597122302158273,-19.316666666666666,-5.8412017167381975,8.379446640316205,-7.93332854864547
Bhutan,BTN2020-08-31,BTN,2020-03-06,2020-04-17,82.05,68.05,42 days 00:00:00.000000000,771612.0,21.188,28.6,2020-03-06,0 days 00:00:00.000000000,77.27294117647097,2020-08-31,29.0,178 days 00:00:00.000000000,2020-03-06,0.0,-178 days +00:00:00.000000000,0 days 00:00:00.000000000,2020-04-05,0.0,5.0,0.0,0.0,,76.67444444444433,77.56764705882362,75.65359477124183,,,,,,,
Bolivia,BOL2020-08-31,BOL,2020-03-12,2020-04-07,76.92,62.92,26 days 00:00:00.000000000,11673029.0,10.202,25.4,2020-03-12,0 days 00:00:00.000000000,72.40529411764709,2020-08-16,2687.0,157 days 00:00:00.000000000,2020-08-16,119.0,0 days 00:00:00.000000000,157 days 00:00:00.000000000,2020-04-11,8.0,276.0,1.0,20.0,,92.16836601307179,78.32568627451005,39.869281045751634,-72.35746102449889,-61.81006864988559,-65.31555555555556,-76.21604938271605,-56.33222222222222,30.32183908045977,-66.40627136697566
Bosnia and Herzegovina,BIH2020-08-31,BIH,2020-03-06,2020-04-10,75.0,61.0,35 days 00:00:00.000000000,3280815.0,68.49600000000001,42.5,2020-03-06,0 days 00:00:00.000000000,55.404117647058705,2020-07-31,678.0,147 days 00:00:00.000000000,2020-07-31,31.0,0 days 00:00:00.000000000,147 days 00:00:00.000000000,2020-04-05,46.0,632.0,3.0,21.0,,67.44627450980401,61.24477124183007,23.284313725490197,-43.17777777777778,-16.42222222222222,0.5444444444444444,-37.13333333333333,-31.855555555555554,10.133333333333333,-25.608888888888885
Botswana,BWA2020-08-31,BWA,2020-04-01,2020-04-02,75.64,61.64,1 days 00:00:00.000000000,2351625.0,4.044,25.8,2020-04-01,0 days 00:00:00.000000000,61.38967320261445,2020-08-25,254.0,146 days 00:00:00.000000000,2020-08-27,3.0,2 days 00:00:00.000000000,148 days 00:00:00.000000000,2020-05-01,0.0,23.0,0.0,1.0,,65.5260784313724,61.18928104575159,62.5,-38.714285714285715,-22.82198952879581,-8.764084507042254,-45.21671826625387,-28.616838487972508,25.65,-28.826783300870026
Brazil,BRA2020-08-31,BRA,2020-03-12,2020-05-25,68.91,54.91,74 days 00:00:00.000000000,212559409.0,25.04,33.5,2020-02-26,-15 days +00:00:00.000000000,65.00274509803913,2020-07-30,69074.0,140 days 00:00:00.000000000,2020-07-30,1595.0,0 days 00:00:00.000000000,155 days 00:00:00.000000000,2020-03-27,482.0,2915.0,20.0,77.0,,75.91666666666694,67.76065359477134,49.83660130718954,-51.224603174603175,-11.886111111111111,-45.41904761904762,-50.64246031746032,-27.351190476190474,14.508333333333333,-37.30468253968254
Brunei,BRN2020-08-31,BRN,2020-03-10,2020-04-11,51.28,37.28,32 days 00:00:00.000000000,437483.0,81.347,32.4,2020-03-10,0 days 00:00:00.000000000,44.66647058823523,2020-03-13,14.0,3 days 00:00:00.000000000,2020-03-29,1.0,16 days 00:00:00.000000000,19 days 00:00:00.000000000,2020-04-09,0.0,135.0,0.0,1.0,,48.77581699346396,50.515424836601326,12.5,,,,,,,
Bulgaria,BGR2020-08-31,BGR,2020-03-08,2020-04-29,74.36,60.36,52 days 00:00:00.000000000,6948445.0,65.18,44.7,2020-03-08,0 days 00:00:00.000000000,52.57673202614377,2020-08-27,365.0,172 days 00:00:00.000000000,2020-08-27,23.0,0 days 00:00:00.000000000,172 days 00:00:00.000000000,2020-04-07,18.0,549.0,2.0,22.0,,47.386797385620916,49.22745098039216,70.9967320261438,-35.08869272803699,-13.50785123966942,-5.3936170212765955,-36.79003558718861,-27.89080459770115,9.71585298957762,-23.734200234774555
Burkina Faso,BFA2020-08-31,BFA,2020-03-12,2020-05-04,72.44,58.44,53 days 00:00:00.000000000,20903278.0,70.15100000000001,17.6,2020-03-11,-1 days +00:00:00.000000000,50.52895424836606,2020-04-06,43.0,25 days 00:00:00.000000000,2020-03-29,6.0,-8 days +00:00:00.000000000,18 days 00:00:00.000000000,2020-04-10,29.0,443.0,1.0,24.0,,58.17052287581688,59.71359477124179,0.0,-18.35185185185185,-10.607407407407408,-17.005555555555556,-28.825925925925926,-6.050377833753148,11.63679245283019,-16.16822371489878
Burundi,BDI2020-08-31,BDI,2020-04-01,2020-04-14,33.33,19.33,13 days 00:00:00.000000000,11890781.0,423.062,17.5,2020-04-01,0 days 00:00:00.000000000,26.477777777777792,2020-06-21,40.0,81 days 00:00:00.000000000,2020-04-15,1.0,-67 days +00:00:00.000000000,14 days 00:00:00.000000000,2020-05-01,0.0,15.0,0.0,1.0,,26.869346405228754,31.294248366013075,0.0,,,,,,,
Cambodia,KHM2020-08-31,KHM,2020-03-13,2020-04-09,53.85,39.85,27 days 00:00:00.000000000,16718971.0,90.672,25.6,2020-01-28,-45 days +00:00:00.000000000,43.59588235294136,2020-03-23,35.0,10 days 00:00:00.000000000,2020-01-01,0.0,-82 days +00:00:00.000000000,-27 days +00:00:00.000000000,2020-02-27,0.0,1.0,0.0,0.0,,48.10705882352947,46.9359477124184,25.245098039215694,-23.836279069767443,-16.551362683438157,-16.62748344370861,-41.254927726675426,-17.530467899891185,10.337228714524207,-23.16010416469617
Cameroon,CMR2020-08-31,CMR,2020-03-18,2020-04-18,58.33,44.33,31 days 00:00:00.000000000,26545864.0,50.885,18.8,2020-03-07,-11 days +00:00:00.000000000,55.280065359477035,2020-07-06,1119.0,110 days 00:00:00.000000000,2020-06-13,59.0,-23 days +00:00:00.000000000,98 days 00:00:00.000000000,2020-04-06,95.0,650.0,0.0,9.0,,62.59137254901948,61.617777777778,20.424836601307188,-19.66216216216216,-9.502912621359224,-19.053627760252365,-18.11744966442953,-6.548518896833504,9.480825958702065,-14.576934221007354
Canada,CAN2020-08-31,CAN,2020-03-11,2020-04-01,74.68,60.68000000000001,21 days 00:00:00.000000000,37742157.0,4.037,41.4,2020-01-26,-45 days +00:00:00.000000000,71.89444444444429,2020-05-04,2760.0,54 days 00:00:00.000000000,2020-06-01,222.0,28 days 00:00:00.000000000,127 days 00:00:00.000000000,2020-02-25,2.0,11.0,0.0,0.0,,69.35052287581686,71.3295424836602,75.0,-36.048269581056466,-10.596928982725528,30.545964125560538,-52.20803295571576,-40.04132901134522,15.445482866043614,-21.66971928105649
Cape Verde,CPV2020-08-31,CPV,2020-03-21,2020-05-18,81.73,67.73,58 days 00:00:00.000000000,555988.0,135.58,25.7,2020-03-21,0 days 00:00:00.000000000,77.40013071895397,2020-07-13,107.0,114 days 00:00:00.000000000,2020-07-01,3.0,-12 days +00:00:00.000000000,102 days 00:00:00.000000000,2020-04-20,3.0,61.0,0.0,1.0,,76.64091503267974,77.8363398692809,75.0,-56.60797342192691,-35.52301255230125,-55.69117647058823,-75.21,-44.90277777777778,20.845070422535212,-53.58698804451883
Central African Republic,CAF2020-08-31,CAF,2020-03-26,2020-05-08,62.82,48.82,43 days 00:00:00.000000000,4829764.0,7.479,18.3,2020-03-16,-10 days +00:00:00.000000000,54.51313725490197,2020-06-09,216.0,75 days 00:00:00.000000000,2020-06-23,7.0,14 days 00:00:00.000000000,99 days 00:00:00.000000000,2020-04-15,0.0,11.0,0.0,0.0,,64.8572549019607,59.87980392156866,25.0,,,,,,,
Chad,TCD2020-08-31,TCD,2020-03-20,2020-04-13,75.64,61.64,24 days 00:00:00.000000000,16425859.0,11.833,16.7,2020-03-20,0 days 00:00:00.000000000,64.13928104575153,2020-05-08,83.0,49 days 00:00:00.000000000,2020-05-08,10.0,0 days 00:00:00.000000000,49 days 00:00:00.000000000,2020-04-19,0.0,33.0,0.0,0.0,,70.78549019607833,66.71019607843137,50.0,,,,,,,
Chile,CHL2020-08-31,CHL,2020-03-15,2020-07-03,86.22,72.22,110 days 00:00:00.000000000,19116209.0,24.282,35.4,2020-03-04,-11 days +00:00:00.000000000,77.60065359477122,2020-06-18,36179.0,95 days 00:00:00.000000000,2020-07-18,1057.0,30 days 00:00:00.000000000,136 days 00:00:00.000000000,2020-04-03,373.0,3404.0,2.0,18.0,,80.18967320261423,80.76156862745087,60.2124183006536,-60.14248366013072,-39.37843137254902,-62.59934640522876,-60.183660130718955,-36.16928104575163,21.244982698961937,-51.69464052287581
China,CHN2020-08-31,CHN,2020-01-15,2020-05-21,77.88,63.879999999999995,127 days 00:00:00.000000000,1439323774.0,147.674,38.7,2020-01-03,-12 days +00:00:00.000000000,72.3137254901959,2020-02-13,15141.0,29 days 00:00:00.000000000,2020-04-17,1290.0,64 days 00:00:00.000000000,105 days 00:00:00.000000000,2020-02-02,2590.0,14399.0,45.0,304.0,,75.89483660130722,80.2822875816991,28.513071895424837,,,,,,,
Colombia,COL2020-08-31,COL,2020-03-09,2020-04-27,87.18,73.18,49 days 00:00:00.000000000,50882884.0,44.223,32.2,2020-03-07,-2 days +00:00:00.000000000,84.49751633986952,2020-08-20,13056.0,164 days 00:00:00.000000000,2020-08-23,400.0,3 days 00:00:00.000000000,169 days 00:00:00.000000000,2020-04-06,79.0,1485.0,3.0,35.0,13254.948999999999,87.15411764705914,86.39509803921581,74.01960784313725,-64.51983218916857,-44.93460076045628,-55.78449774070212,-64.8840830449827,-43.1741592920354,22.396500213401623,-54.659434605469016
Congo,COG2020-08-31,COG,2020-03-19,2020-03-31,85.26,71.26,12 days 00:00:00.000000000,5518092.0,15.405,19.0,2020-03-16,-3 days +00:00:00.000000000,72.7302614379085,2020-07-18,275.0,121 days 00:00:00.000000000,2020-08-17,16.0,30 days 00:00:00.000000000,154 days 00:00:00.000000000,2020-04-15,4.0,74.0,0.0,5.0,,79.12758169934641,72.31424836601296,75.0,,,,,,,
Costa Rica,CRI2020-08-31,CRI,2020-03-07,2020-04-27,74.36,60.36,51 days 00:00:00.000000000,5094114.0,96.079,33.6,2020-03-07,0 days 00:00:00.000000000,66.30222222222226,2020-08-30,1214.0,176 days 00:00:00.000000000,2020-08-08,18.0,-22 days +00:00:00.000000000,154 days 00:00:00.000000000,2020-04-06,19.0,454.0,0.0,2.0,,72.09477124183003,69.50222222222237,48.692810457516345,-46.18888888888889,-25.7,-50.27777777777778,-49.34444444444444,-32.355555555555554,17.511111111111113,-40.773333333333326
Cote d'Ivoire,CIV2020-08-31,CIV,2020-03-16,2020-03-31,68.59,54.59,15 days 00:00:00.000000000,26378275.0,76.399,18.7,2020-03-12,-4 days +00:00:00.000000000,57.649411764705896,2020-06-22,618.0,98 days 00:00:00.000000000,2020-06-13,4.0,-9 days +00:00:00.000000000,93 days 00:00:00.000000000,2020-04-11,36.0,480.0,0.0,3.0,,58.36215686274507,59.752745098039156,46.07843137254902,,,,,,,
Croatia,HRV2020-08-31,HRV,2020-02-03,2020-04-02,92.95,78.95,59 days 00:00:00.000000000,4105268.0,73.726,44.0,2020-02-26,23 days 00:00:00.000000000,64.30294117647064,2020-08-27,358.0,206 days 00:00:00.000000000,2020-04-20,8.0,-129 days +00:00:00.000000000,54 days 00:00:00.000000000,2020-03-27,77.0,495.0,1.0,2.0,,52.32999999999986,59.374705882352934,91.42156862745098,-37.2094674556213,-17.481166464155528,-1.2943770672546857,-40.54324517512509,-29.751438434982738,10.269509251810137,-25.255938919427866
Cuba,CUB2020-08-31,CUB,2020-03-12,2020-05-11,87.18,73.18,60 days 00:00:00.000000000,11326616.0,110.408,43.1,2020-03-12,0 days 00:00:00.000000000,72.98771241830076,2020-08-11,93.0,152 days 00:00:00.000000000,2020-04-25,6.0,-108 days +00:00:00.000000000,44 days 00:00:00.000000000,2020-04-11,49.0,564.0,0.0,15.0,,78.88986928104566,77.3631372549021,48.937908496732035,,,,,,,
Cyprus,CYP2020-08-31,CYP,2020-03-10,2020-04-16,96.15,82.15,37 days 00:00:00.000000000,875899.0,127.657,37.3,2020-03-10,0 days 00:00:00.000000000,76.8795424836598,2020-04-02,58.0,23 days 00:00:00.000000000,2020-03-25,3.0,-8 days +00:00:00.000000000,15 days 00:00:00.000000000,2020-04-09,32.0,526.0,0.0,9.0,,67.63254901960781,72.67784313725481,100.0,,,,,,,
Czech Republic,CZE2020-08-31,CZE,2020-03-01,2020-03-31,85.26,71.26,30 days 00:00:00.000000000,10708982.0,137.17600000000002,43.3,2020-03-02,1 days 00:00:00.000000000,57.49405228758162,2020-08-22,506.0,174 days 00:00:00.000000000,2020-04-15,18.0,-129 days +00:00:00.000000000,44 days 00:00:00.000000000,2020-04-01,306.0,3308.0,7.0,31.0,,46.88104575163389,53.50771241830057,79.41176470588233,,,,,,,
Democratic Republic of Congo,COD2020-08-31,COD,2020-03-11,2020-04-15,69.87,55.870000000000005,35 days 00:00:00.000000000,89561404.0,35.879,17.0,2020-03-11,0 days 00:00:00.000000000,63.34274509803911,2020-06-26,384.0,107 days 00:00:00.000000000,2020-05-16,10.0,-41 days +00:00:00.000000000,66 days 00:00:00.000000000,2020-04-10,32.0,215.0,0.0,20.0,,71.63915032679752,66.18300653594747,47.7124183006536,,,,,,,
Denmark,DNK2020-08-31,DNK,2020-03-03,2020-05-12,74.36,60.36,70 days 00:00:00.000000000,5792203.0,136.52,42.3,2020-02-27,-5 days +00:00:00.000000000,70.19150326797393,2020-04-08,390.0,36 days 00:00:00.000000000,2020-04-05,22.0,-3 days +00:00:00.000000000,38 days 00:00:00.000000000,2020-03-28,169.0,2046.0,11.0,52.0,,63.20457516339853,68.05281045751617,81.94444444444444,-19.766666666666666,-5.644444444444445,95.60853432282003,-37.3537037037037,-32.35925925925926,10.511111111111111,0.09689204974919222
Djibouti,DJI2020-08-31,DJI,2020-03-19,2020-04-30,88.46,74.46,42 days 00:00:00.000000000,988002.0,41.285,25.4,2020-03-19,0 days 00:00:00.000000000,60.36019607843154,2020-05-21,310.0,63 days 00:00:00.000000000,2020-05-26,4.0,5 days 00:00:00.000000000,68 days 00:00:00.000000000,2020-04-18,141.0,732.0,0.0,2.0,,62.50333333333357,68.17124183006554,17.401960784313722,,,,,,,
Dominican Republic,DOM2020-08-31,DOM,2020-03-16,2020-04-28,80.13,66.13,43 days 00:00:00.000000000,10847904.0,222.873,27.6,2020-03-02,-14 days +00:00:00.000000000,70.4748366013071,2020-07-27,2012.0,133 days 00:00:00.000000000,2020-04-13,38.0,-105 days +00:00:00.000000000,42 days 00:00:00.000000000,2020-04-01,208.0,1109.0,9.0,51.0,,83.27705882352956,78.74352941176467,25.0,-55.40100755667506,-38.592592592592595,-52.06304347826087,-70.89667565139263,-46.43009174311926,23.704712041884818,-52.67668220440809
Ecuador,ECU2020-08-31,ECU,2020-03-13,2020-04-01,87.82,73.82,19 days 00:00:00.000000000,17643060.0,66.939,28.1,2020-03-01,-12 days +00:00:00.000000000,80.90346405228733,2020-04-27,11536.0,45 days 00:00:00.000000000,2020-05-11,410.0,14 days 00:00:00.000000000,71 days 00:00:00.000000000,2020-03-31,76.0,1966.0,4.0,62.0,,83.52699346405205,81.97745098039212,75.0,-64.8032319391635,-53.671599317017645,-60.291555555555554,-74.58744635193133,-58.10088888888889,29.145069274653626,-62.290944410511386
Egypt,EGY2020-08-31,EGY,2020-03-15,2020-05-31,82.69,68.69,77 days 00:00:00.000000000,102334403.0,97.999,25.3,2020-02-15,-29 days +00:00:00.000000000,71.753071895425,2020-06-20,1774.0,97 days 00:00:00.000000000,2020-06-16,97.0,-4 days +00:00:00.000000000,122 days 00:00:00.000000000,2020-03-16,17.0,110.0,0.0,2.0,,71.94627450980401,72.94300653594776,65.19607843137257,-48.61625947767481,0.30470085470085473,-31.612294288480154,-47.4264631043257,-25.709920634920636,12.747083527764815,-30.612047330140093
El Salvador,SLV2020-08-31,SLV,2020-03-19,2020-05-15,92.31,78.31,57 days 00:00:00.000000000,6486201.0,307.811,27.6,2020-03-19,0 days 00:00:00.000000000,84.83098039215693,2020-08-22,456.0,156 days 00:00:00.000000000,2020-08-06,27.0,-16 days +00:00:00.000000000,140 days 00:00:00.000000000,2020-04-18,13.0,177.0,1.0,7.0,7292.4580000000005,92.58450980392135,87.62490196078461,69.44444444444444,-68.70242537313433,-51.494055482166445,-59.306666666666665,-67.81004901960785,-52.71925925925926,30.070103092783505,-60.00649116016691
Eritrea,ERI2020-08-31,ERI,2020-03-22,2020-04-01,75.0,61.0,10 days 00:00:00.000000000,3546427.0,44.304,19.3,2020-03-22,0 days 00:00:00.000000000,75.0,2020-06-15,31.0,85 days 00:00:00.000000000,2020-03-22,0.0,-85 days +00:00:00.000000000,0 days 00:00:00.000000000,2020-04-21,0.0,39.0,0.0,0.0,,93.52000000000031,84.09000000000009,25.0,,,,,,,
Estonia,EST2020-08-31,EST,2020-03-12,2020-04-27,64.74,50.739999999999995,46 days 00:00:00.000000000,1326539.0,31.033,42.7,2020-02-28,-13 days +00:00:00.000000000,41.61228758169931,2020-03-27,134.0,15 days 00:00:00.000000000,2020-04-03,6.0,7 days 00:00:00.000000000,35 days 00:00:00.000000000,2020-03-29,65.0,640.0,0.0,1.0,,42.70006535947708,40.85967320261438,45.7516339869281,-34.10960757780785,-9.773778920308484,27.584415584415584,-25.984251968503937,-34.37522123893805,11.413612565445026,-15.331688824228547
Ethiopia,ETH2020-08-31,ETH,2020-03-16,2020-08-12,73.08,59.08,149 days 00:00:00.000000000,114963583.0,104.957,19.8,2020-03-14,-2 days +00:00:00.000000000,66.32156862745093,2020-08-22,1829.0,159 days 00:00:00.000000000,2020-08-04,52.0,-18 days +00:00:00.000000000,143 days 00:00:00.000000000,2020-04-13,2.0,71.0,0.0,3.0,1729.9270000000001,78.02862745098065,72.372745098039,33.00653594771242,,,,,,,
Fiji,FJI2020-08-31,FJI,2020-03-11,2020-04-17,88.46,74.46,37 days 00:00:00.000000000,896444.0,49.562,28.6,2020-03-20,9 days 00:00:00.000000000,74.59823529411774,2020-04-04,5.0,24 days 00:00:00.000000000,2020-08-01,1.0,119 days 00:00:00.000000000,134 days 00:00:00.000000000,2020-04-19,0.0,17.0,0.0,0.0,,69.25150326797382,74.52692810457519,75.0,-24.755555555555556,-14.28888888888889,-13.766666666666667,-34.2,-16.455555555555556,13.411111111111111,-20.693333333333335
Finland,FIN2020-08-31,FIN,2020-02-27,2020-03-28,55.77,41.77,30 days 00:00:00.000000000,5540718.0,18.136,42.8,2020-01-30,-28 days +00:00:00.000000000,48.27215686274511,2020-04-05,267.0,38 days 00:00:00.000000000,2020-04-22,43.0,17 days 00:00:00.000000000,83 days 00:00:00.000000000,2020-02-29,1.0,3.0,0.0,0.0,,44.857189542483674,45.34751633986931,64.37908496732027,-31.16382853787434,-6.532748538011696,50.017175572519086,-39.952168367346935,-30.34561403508772,9.172990353697749,-11.595436781160322
France,FRA2020-08-31,FRA,2020-02-25,2020-03-17,82.69,68.69,21 days 00:00:00.000000000,65273512.0,122.578,42.0,2020-01-25,-31 days +00:00:00.000000000,68.66176470588225,2020-04-01,7578.0,36 days 00:00:00.000000000,2020-04-04,2004.0,3 days 00:00:00.000000000,70 days 00:00:00.000000000,2020-02-24,0.0,12.0,0.0,1.0,,64.41450980392182,65.87679738562099,83.98692810457516,-58.63333333333333,-26.225396825396825,-34.58095238095238,-57.05396825396826,-45.233333333333334,19.39792663476874,-44.345396825396826
Gabon,GAB2020-08-31,GAB,2020-03-13,2020-04-24,85.26,71.26,42 days 00:00:00.000000000,2225728.0,7.859,23.1,2020-03-13,0 days 00:00:00.000000000,77.87790849673195,2020-06-16,570.0,95 days 00:00:00.000000000,2020-06-23,5.0,7 days 00:00:00.000000000,102 days 00:00:00.000000000,2020-04-12,3.0,49.0,0.0,1.0,,72.07222222222235,76.69392156862739,84.39542483660131,-31.933333333333334,-21.156133828996282,-18.802083333333332,-41.93333333333333,-20.940119760479043,19.994444444444444,-26.95300071789506
Gambia,GMB2020-08-31,GMB,2020-03-18,2020-08-06,66.67,52.67,141 days 00:00:00.000000000,2416664.0,207.566,17.5,2020-03-18,0 days 00:00:00.000000000,60.49052287581704,2020-08-20,416.0,155 days 00:00:00.000000000,2020-08-20,14.0,0 days 00:00:00.000000000,155 days 00:00:00.000000000,2020-04-17,0.0,9.0,0.0,1.0,,71.36130718954256,71.49058823529434,0.0,,,,,,,
Georgia,GEO2020-08-31,GEO,2020-02-26,2020-04-24,87.82,73.82,58 days 00:00:00.000000000,3989175.0,65.032,38.7,2020-02-27,1 days 00:00:00.000000000,68.79254901960806,2020-05-02,43.0,66 days 00:00:00.000000000,2020-04-06,2.0,-26 days +00:00:00.000000000,39 days 00:00:00.000000000,2020-03-28,2.0,81.0,0.0,0.0,,73.76647058823545,75.50477124182994,31.862745098039216,-49.5,-26.79268292682927,-17.170731707317074,-43.48780487804878,-42.31707317073171,14.426829268292684,-35.853658536585364
Germany,DEU2020-08-31,DEU,2020-01-27,2020-04-29,74.36,60.36,93 days 00:00:00.000000000,83783945.0,237.016,46.6,2020-01-28,1 days 00:00:00.000000000,64.4227450980392,2020-03-28,6294.0,61 days 00:00:00.000000000,2020-04-16,315.0,19 days 00:00:00.000000000,79 days 00:00:00.000000000,2020-02-27,4.0,21.0,0.0,0.0,,63.27307189542493,66.61516339869286,52.36928104575163,-30.352941176470587,-5.585106382978723,23.419117647058822,-30.201797385620914,-23.12173202614379,8.543300653594772,-13.168491864831037
Ghana,GHA2020-08-31,GHA,2020-03-15,2020-04-09,82.69,68.69,25 days 00:00:00.000000000,31072945.0,126.719,21.1,2020-03-13,-2 days +00:00:00.000000000,60.94359477124193,2020-08-02,1513.0,140 days 00:00:00.000000000,2020-06-21,15.0,-42 days +00:00:00.000000000,100 days 00:00:00.000000000,2020-04-12,30.0,408.0,2.0,8.0,4227.63,59.63581699346396,66.9718300653596,27.777777777777782,-28.4,-16.72222222222222,-20.877777777777776,-31.566666666666666,-19.355555555555554,16.22222222222222,-23.384444444444444
Greece,GRC2020-08-31,GRC,2020-03-05,2020-04-08,71.15,57.150000000000006,34 days 00:00:00.000000000,10423056.0,83.479,45.3,2020-02-27,-7 days +00:00:00.000000000,63.023856209150296,2020-08-27,293.0,175 days 00:00:00.000000000,2020-04-05,9.0,-144 days +00:00:00.000000000,38 days 00:00:00.000000000,2020-03-28,74.0,966.0,2.0,28.0,,61.64816993464057,63.19326797385625,62.09150326797386,-51.356944444444444,-1.0848400556328233,0.9680555555555556,-44.477777777777774,-35.12916666666667,13.922222222222222,-26.216134677793228
Guam,GUM2020-08-31,GUM,2020-03-19,2020-08-20,72.44,58.44,154 days 00:00:00.000000000,168783.0,304.128,31.4,2020-03-19,0 days 00:00:00.000000000,60.75575163398697,2020-08-27,136.0,161 days 00:00:00.000000000,2020-04-01,2.0,-148 days +00:00:00.000000000,13 days 00:00:00.000000000,2020-04-18,1.0,136.0,0.0,5.0,,66.20078431372556,69.42150326797376,13.0718954248366,,,,,,,
Guatemala,GTM2020-08-31,GTM,2020-03-15,2020-04-21,83.33,69.33,37 days 00:00:00.000000000,17915567.0,157.834,22.9,2020-03-15,0 days 00:00:00.000000000,79.82385620915029,2020-07-19,4233.0,126 days 00:00:00.000000000,2020-07-30,74.0,11 days 00:00:00.000000000,137 days 00:00:00.000000000,2020-04-14,11.0,167.0,0.0,5.0,,93.81228758169948,82.81424836601332,63.398692810457526,-53.775245986535474,-40.97232037691402,-45.928985507246374,-62.45432692307692,-37.08357487922705,20.983333333333334,-48.04289073459997
Guinea,GIN2020-08-31,GIN,2020-03-14,2020-03-30,63.46,49.46,16 days 00:00:00.000000000,13132792.0,51.755,19.0,2020-03-14,0 days 00:00:00.000000000,58.32856209150334,2020-05-22,204.0,69 days 00:00:00.000000000,2020-05-14,3.0,-8 days +00:00:00.000000000,61 days 00:00:00.000000000,2020-04-13,0.0,250.0,0.0,0.0,,71.29084967320252,68.93653594771239,0.0,,,,,,,
Guyana,GUY2020-08-31,GUY,2020-03-13,2020-04-09,74.36,60.36,27 days 00:00:00.000000000,786559.0,3.952,26.3,2020-03-13,0 days 00:00:00.000000000,71.09679738562085,2020-08-26,105.0,166 days 00:00:00.000000000,2020-08-29,3.0,3 days 00:00:00.000000000,169 days 00:00:00.000000000,2020-04-12,5.0,45.0,0.0,6.0,,81.16464052287574,78.52627450980376,30.22875816993464,,,,,,,
Haiti,HTI2020-08-31,HTI,2020-03-20,2020-06-02,65.38,51.379999999999995,74 days 00:00:00.000000000,11402533.0,398.448,24.3,2020-03-20,0 days 00:00:00.000000000,52.9324183006536,2020-06-06,284.0,78 days 00:00:00.000000000,2020-07-11,12.0,35 days 00:00:00.000000000,113 days 00:00:00.000000000,2020-04-19,0.0,44.0,0.0,3.0,,62.36784313725492,56.76241830065363,31.862745098039216,-32.73888888888889,-27.633333333333333,-16.513333333333332,-47.70142180094787,-24.134952766531715,10.122222222222222,-29.74438602460703
Honduras,HND2020-08-31,HND,2020-03-12,2020-04-03,89.1,75.1,22 days 00:00:00.000000000,9904608.0,82.805,24.9,2020-03-12,0 days 00:00:00.000000000,86.68450980392187,2020-08-27,1170.0,168 days 00:00:00.000000000,2020-08-27,64.0,0 days 00:00:00.000000000,168 days 00:00:00.000000000,2020-04-11,10.0,392.0,1.0,24.0,,96.7640522875814,86.74163398692825,86.3562091503268,-65.7366482504604,-48.05864197530864,-47.610724233983284,-68.17823129251701,-44.01052631578948,22.970588235294116,-54.71895441361177
Hong Kong,HKG2020-08-11,HKG,2020-01-31,2020-08-07,76.92,62.92,189 days 00:00:00.000000000,7496988.0,7039.714,44.8,2020-03-12,41 days 00:00:00.000000000,73.41799999999998,2020-01-31,0.0,0 days 00:00:00.000000000,2020-01-31,0.0,0 days 00:00:00.000000000,-41 days +00:00:00.000000000,2020-04-11,0.0,0.0,0.0,0.0,,64.07733333333333,68.58800000000001,100.0,-24.776315789473685,-4.776315789473684,-15.092105263157896,-31.592105263157894,-18.210526315789473,14.368421052631579,-18.889473684210525
Hungary,HUN2020-08-31,HUN,2020-03-04,2020-04-16,76.92,62.92,43 days 00:00:00.000000000,9660350.0,108.043,43.4,2020-03-05,1 days 00:00:00.000000000,64.52745098039233,2020-08-31,292.0,180 days 00:00:00.000000000,2020-04-24,25.0,-129 days +00:00:00.000000000,50 days 00:00:00.000000000,2020-04-04,55.0,678.0,6.0,32.0,,60.52300653594759,61.640588235294246,80.3921568627451,-26.197872340425533,-12.123280423280423,18.322044728434506,-28.31005291005291,-29.537037037037038,11.14317302377004,-15.569239596472277
Iceland,ISL2020-08-31,ISL,2020-03-09,2020-03-21,67.95,53.95,12 days 00:00:00.000000000,341250.0,3.404,37.3,2020-02-29,-9 days +00:00:00.000000000,59.322875816993616,2020-04-03,99.0,25 days 00:00:00.000000000,2020-04-03,2.0,0 days 00:00:00.000000000,34 days 00:00:00.000000000,2020-03-30,57.0,1020.0,0.0,2.0,,41.24058823529422,51.92529411764703,100.0,,,,,,,
India,IND2020-08-31,IND,2020-01-31,2020-04-09,96.15,82.15,69 days 00:00:00.000000000,1380004385.0,450.419,28.2,2020-01-30,-1 days +00:00:00.000000000,82.67019607843119,2020-08-30,78761.0,212 days 00:00:00.000000000,2020-06-17,2003.0,-74 days +00:00:00.000000000,139 days 00:00:00.000000000,2020-02-29,0.0,3.0,0.0,0.0,6426.674,82.60431372549017,84.06300653594768,75.0,-37.93567251461988,-25.402307406029028,-20.424144144144144,-28.571954361428045,-24.083926031294453,13.603982300884956,-27.283600891503113
Indonesia,IDN2020-08-31,IDN,2020-02-03,2020-04-24,65.71,51.709999999999994,81 days 00:00:00.000000000,273523621.0,145.725,29.3,2020-03-02,28 days 00:00:00.000000000,55.82320261437913,2020-08-30,3308.0,209 days 00:00:00.000000000,2020-07-23,139.0,-38 days +00:00:00.000000000,143 days 00:00:00.000000000,2020-04-01,114.0,1528.0,14.0,136.0,11188.743999999999,65.81718954248365,61.425751633987005,25.0,-21.567811934900543,-11.090415913200724,-19.95985533453888,-29.39314369073669,-14.568173598553345,8.560940325497288,-19.31588009438604
Iran,IRN2020-08-31,IRN,2020-02-26,2020-07-13,66.99,52.989999999999995,138 days 00:00:00.000000000,83992953.0,49.831,32.4,2020-02-20,-6 days +00:00:00.000000000,56.50333333333332,2020-04-05,5275.0,39 days 00:00:00.000000000,2020-08-08,316.0,125 days 00:00:00.000000000,170 days 00:00:00.000000000,2020-03-21,1237.0,19644.0,149.0,1433.0,,54.883398692810495,55.50169934640535,62.00980392156863,,,,,,,
Iraq,IRQ2020-08-31,IRQ,2020-02-24,2020-05-26,80.77,66.77,92 days 00:00:00.000000000,40222503.0,88.125,20.0,2020-02-25,1 days 00:00:00.000000000,77.43084967320287,2020-08-19,4576.0,177 days 00:00:00.000000000,2020-06-27,122.0,-53 days +00:00:00.000000000,123 days 00:00:00.000000000,2020-03-26,30.0,346.0,2.0,29.0,,91.10960784313733,85.14725490196093,34.967320261437905,-36.27777777777778,-14.844444444444445,-24.211111111111112,-33.333333333333336,-25.433333333333334,12.866666666666667,-26.82
Ireland,IRL2020-08-31,IRL,2020-02-29,2020-04-06,84.62,70.62,37 days 00:00:00.000000000,4937796.0,69.874,38.7,2020-03-01,1 days 00:00:00.000000000,73.01098039215674,2020-04-10,1169.0,41 days 00:00:00.000000000,2020-04-26,234.0,16 days 00:00:00.000000000,56 days 00:00:00.000000000,2020-03-31,295.0,2910.0,8.0,54.0,,68.72339869281039,68.10372549019618,100.0,-55.70359151882302,-10.756700167504187,-17.746794871794872,-41.87367303609342,-44.05564715581204,19.26,-34.02728135000551
Israel,ISR2020-08-31,ISR,2020-02-09,2020-04-08,91.03,77.03,59 days 00:00:00.000000000,8655541.0,402.606,30.6,2020-02-22,13 days 00:00:00.000000000,71.22052287581715,2020-07-28,2502.0,170 days 00:00:00.000000000,2020-08-20,71.0,23 days 00:00:00.000000000,180 days 00:00:00.000000000,2020-03-23,188.0,1071.0,0.0,1.0,,68.59705882352944,65.98816993464051,100.0,-45.65714285714286,-11.465346534653465,-22.87457627118644,-36.115966386554625,-36.23529411764706,16.59495798319328,-30.46966523343689
Italy,ITA2020-08-31,ITA,2020-01-31,2020-04-12,85.26,71.26,72 days 00:00:00.000000000,60461828.0,205.859,47.9,2020-01-31,0 days 00:00:00.000000000,66.93000000000004,2020-03-22,6557.0,51 days 00:00:00.000000000,2020-03-28,971.0,6 days 00:00:00.000000000,57 days 00:00:00.000000000,2020-03-01,240.0,1128.0,8.0,29.0,,63.74444444444442,67.30725490196076,64.86928104575163,-57.68483709273183,-31.438871473354233,-48.96491228070175,-54.74561403508772,-43.81704260651629,19.92703045685279,-47.330255497678365
Jamaica,JAM2020-08-31,JAM,2020-03-12,2020-04-22,74.36,60.36,41 days 00:00:00.000000000,2961161.0,266.879,31.4,2020-03-12,0 days 00:00:00.000000000,65.50058823529423,2020-08-31,244.0,172 days 00:00:00.000000000,2020-08-26,3.0,-5 days +00:00:00.000000000,167 days 00:00:00.000000000,2020-04-11,2.0,65.0,0.0,4.0,,74.53326797385637,68.5594117647057,48.692810457516345,-43.45676004872107,-29.29027962716378,-43.9281210592686,-51.808905380333954,-35.665910808767954,19.757869249394673,-40.829995384851074
Japan,JPN2020-08-31,JPN,2020-02-04,2020-04-16,50.64,36.64,72 days 00:00:00.000000000,126476458.0,347.778,48.2,2020-01-15,-20 days +00:00:00.000000000,42.56333333333336,2020-08-15,2064.0,193 days 00:00:00.000000000,2020-04-23,101.0,-114 days +00:00:00.000000000,99 days 00:00:00.000000000,2020-02-14,1.0,30.0,0.0,1.0,,34.089150326797466,37.11143790849674,72.54901960784314,-11.586458333333333,1.8075520833333334,2.7046875,-25.301041666666666,-10.51015625,6.40078125,-8.577083333333333
Jordan,JOR2020-08-31,JOR,2020-03-15,2020-03-29,83.97,69.97,14 days 00:00:00.000000000,10203140.0,109.285,23.2,2020-03-03,-12 days +00:00:00.000000000,62.27934640522885,2020-08-26,77.0,164 days 00:00:00.000000000,2020-03-31,4.0,-148 days +00:00:00.000000000,28 days 00:00:00.000000000,2020-04-02,4.0,278.0,0.0,5.0,,66.95810457516315,66.78450980392161,37.5,-46.01578947368421,-30.64749082007344,-48.10445682451253,-78.2482269503546,-40.023356401384085,17.767184035476717,-48.607864094001776
Kazakhstan,KAZ2020-08-31,KAZ,2020-03-13,2020-05-01,83.01,69.01,49 days 00:00:00.000000000,18776707.0,6.681,30.6,2020-03-15,2 days 00:00:00.000000000,76.32549019607858,2020-07-01,19246.0,110 days 00:00:00.000000000,2020-08-10,324.0,40 days 00:00:00.000000000,148 days 00:00:00.000000000,2020-04-14,218.0,1179.0,4.0,14.0,24055.588,81.14418300653601,83.38542483660126,37.5,-35.82222222222222,-19.77777777777778,-6.322222222222222,-22.3,-35.2,10.644444444444444,-23.884444444444448
Kenya,KEN2020-08-31,KEN,2020-03-13,2020-05-04,80.77,66.77,52 days 00:00:00.000000000,53771300.0,87.324,20.0,2020-03-14,1 days 00:00:00.000000000,76.41928104575189,2020-07-27,960.0,136 days 00:00:00.000000000,2020-08-02,23.0,6 days 00:00:00.000000000,141 days 00:00:00.000000000,2020-04-13,6.0,197.0,1.0,8.0,2993.028,83.51535947712433,81.22228758169923,50.0,-25.966686496133253,-19.638425617078052,-18.238661710037174,-28.686062881276396,-18.65611421477343,19.00239520958084,-22.23719018385966
Kuwait,KWT2020-08-31,KWT,2020-03-01,2020-05-10,87.82,73.82,70 days 00:00:00.000000000,4270563.0,232.128,33.7,2020-02-24,-6 days +00:00:00.000000000,75.73751633986953,2020-05-20,1073.0,80 days 00:00:00.000000000,2020-05-17,11.0,-3 days +00:00:00.000000000,83 days 00:00:00.000000000,2020-03-25,2.0,191.0,0.0,0.0,,83.8549673202615,83.75915032679734,31.617647058823533,-58.94603174603174,-39.88095238095238,-51.38095238095238,-45.73809523809524,-46.317460317460316,25.126475548060707,-48.45269841269841
Kyrgyzstan,KGZ2020-08-31,KGZ,2020-03-19,2020-04-10,77.88,63.879999999999995,22 days 00:00:00.000000000,6524191.0,32.333,26.3,2020-03-19,0 days 00:00:00.000000000,70.8410457516339,2020-07-18,11505.0,121 days 00:00:00.000000000,2020-07-18,728.0,0 days 00:00:00.000000000,121 days 00:00:00.000000000,2020-04-18,17.0,506.0,0.0,5.0,,80.78339869281042,74.898954248366,48.529411764705884,-40.09630818619583,-36.21111111111111,-11.26984126984127,-48.08193668528864,-31.95277777777778,10.07816091954023,-33.52239500604293
Laos,LAO2020-08-31,LAO,2020-03-25,2020-05-01,86.54,72.54,37 days 00:00:00.000000000,7275556.0,29.715,24.4,2020-03-25,0 days 00:00:00.000000000,50.8161437908496,2020-03-27,4.0,2 days 00:00:00.000000000,2020-03-25,0.0,-2 days +00:00:00.000000000,0 days 00:00:00.000000000,2020-04-24,0.0,19.0,0.0,0.0,,49.05692810457518,51.96228758169942,44.52614379084967,-32.96666666666667,-17.844444444444445,-11.222222222222221,-42.833333333333336,-17.244444444444444,9.044444444444444,-24.422222222222224
Latvia,LVA2020-08-31,LVA,2020-03-12,2020-03-27,65.38,51.379999999999995,15 days 00:00:00.000000000,1886202.0,31.212,43.9,2020-03-03,-9 days +00:00:00.000000000,57.94803921568626,2020-03-30,71.0,18 days 00:00:00.000000000,2020-04-22,4.0,23 days 00:00:00.000000000,50 days 00:00:00.000000000,2020-04-02,48.0,446.0,0.0,0.0,,53.39718954248374,57.431437908497,60.784313725490186,-24.53926282051282,-8.871446229913474,8.161290322580646,-37.26223776223776,-35.82436260623229,8.738181818181818,-19.66720381926314
Lebanon,LBN2020-08-31,LBN,2020-02-28,2020-04-08,69.23,55.230000000000004,40 days 00:00:00.000000000,6825442.0,594.561,31.1,2020-02-22,-6 days +00:00:00.000000000,59.67784313725504,2020-08-20,1010.0,174 days 00:00:00.000000000,2020-08-26,12.0,6 days 00:00:00.000000000,186 days 00:00:00.000000000,2020-03-23,18.0,248.0,0.0,4.0,,69.34150326797385,66.19071895424834,23.8562091503268,-38.90922401171303,-13.192151556156968,-22.057010785824346,-63.44660194174757,-34.99629629629629,11.51764705882353,-34.52025691834764
Lesotho,LSO2020-08-31,LSO,2020-05-15,2020-07-19,63.46,49.46,65 days 00:00:00.000000000,2142252.0,73.562,22.2,2020-05-15,0 days 00:00:00.000000000,58.41403669724772,2020-08-02,98.0,79 days 00:00:00.000000000,2020-08-03,5.0,1 days 00:00:00.000000000,80 days 00:00:00.000000000,2020-06-14,0.0,4.0,0.0,0.0,,64.01027522935789,59.94431192660544,50.0,,,,,,,
Liberia,LBR2020-08-31,LBR,2020-03-17,2020-04-12,67.31,53.31,26 days 00:00:00.000000000,5057677.0,49.127,19.2,2020-03-17,0 days 00:00:00.000000000,60.52209150326785,2020-06-28,45.0,103 days 00:00:00.000000000,2020-07-16,15.0,18 days 00:00:00.000000000,121 days 00:00:00.000000000,2020-04-16,0.0,59.0,0.0,6.0,,78.15797385620922,71.52660130718931,0.0,,,,,,,
Libya,LBY2020-08-31,LBY,2020-03-25,2020-04-17,75.64,61.64,23 days 00:00:00.000000000,6871287.0,3.623,29.0,2020-03-25,0 days 00:00:00.000000000,71.37640522875797,2020-08-18,841.0,146 days 00:00:00.000000000,2020-08-04,13.0,-14 days +00:00:00.000000000,132 days 00:00:00.000000000,2020-04-24,1.0,60.0,1.0,2.0,,93.83895424836584,84.35287581699322,0.0,-25.264623955431755,-7.281481481481482,-10.266666666666667,-48.46590909090909,-16.70904925544101,12.017316017316018,-21.597546089986004
Lithuania,LTU2020-08-31,LTU,2020-03-12,2020-04-10,84.62,70.62,29 days 00:00:00.000000000,2722291.0,45.135,43.5,2020-02-28,-13 days +00:00:00.000000000,57.91470588235293,2020-04-04,122.0,23 days 00:00:00.000000000,2020-04-12,6.0,8 days 00:00:00.000000000,44 days 00:00:00.000000000,2020-03-29,36.0,394.0,2.0,7.0,,49.341307189542434,55.164117647058774,73.03921568627452,-39.98985801217039,-5.020742358078603,47.702005730659025,-31.112021857923498,-30.927272727272726,10.978234582829504,-11.869577844957238
Luxembourg,LUX2020-08-31,LUX,2020-03-05,2020-03-17,80.77,66.77,12 days 00:00:00.000000000,625976.0,231.447,39.7,2020-03-01,-4 days +00:00:00.000000000,59.708039215686206,2020-03-26,234.0,21 days 00:00:00.000000000,2020-04-12,8.0,17 days 00:00:00.000000000,42 days 00:00:00.000000000,2020-03-31,38.0,1988.0,1.0,22.0,,44.13522875816996,52.70777777777778,98.20261437908495,-60.833333333333336,-28.31111111111111,-5.066666666666666,-52.12222222222222,-51.333333333333336,22.0,-39.53333333333333
Madagascar,MDG2020-08-31,MDG,2020-03-21,2020-04-05,72.44,58.44,15 days 00:00:00.000000000,27691019.0,43.951,19.6,2020-03-21,0 days 00:00:00.000000000,61.03941176470582,2020-07-23,614.0,124 days 00:00:00.000000000,2020-07-17,10.0,-6 days +00:00:00.000000000,118 days 00:00:00.000000000,2020-04-20,4.0,121.0,0.0,0.0,,72.08215686274498,66.55411764705887,30.718954248366014,,,,,,,
Malawi,MWI2020-08-31,MWI,2020-04-03,2020-08-08,67.31,53.31,127 days 00:00:00.000000000,19129955.0,197.519,18.1,2020-04-03,0 days 00:00:00.000000000,63.756490066225155,2020-07-12,192.0,100 days 00:00:00.000000000,2020-07-27,12.0,15 days 00:00:00.000000000,115 days 00:00:00.000000000,2020-05-03,1.0,38.0,0.0,3.0,,57.45880794701978,59.04947019867559,89.6523178807947,,,,,,,
Malaysia,MYS2020-08-31,MYS,2020-01-24,2020-05-23,78.85,64.85,120 days 00:00:00.000000000,32365998.0,96.254,29.9,2020-01-25,1 days 00:00:00.000000000,69.48686274509811,2020-06-06,296.0,134 days 00:00:00.000000000,2020-03-30,7.0,-68 days +00:00:00.000000000,65 days 00:00:00.000000000,2020-02-24,0.0,22.0,0.0,0.0,,62.00209150326806,68.63300653594776,74.1830065359477,-41.85933503836317,-24.491048593350385,-31.84825234441603,-42.97953964194373,-29.73316283034953,18.2235807860262,-34.182267689684565
Mali,MLI2020-08-31,MLI,2020-03-26,2020-05-01,66.03,52.03,36 days 00:00:00.000000000,20250834.0,15.196,16.4,2020-03-26,0 days 00:00:00.000000000,56.23032679738561,2020-06-05,110.0,71 days 00:00:00.000000000,2020-06-05,7.0,0 days 00:00:00.000000000,71 days 00:00:00.000000000,2020-04-25,16.0,325.0,0.0,21.0,,56.965098039215576,57.361437908496846,50.0,-13.466666666666667,-11.277777777777779,-4.388888888888889,-33.96666666666667,-6.033333333333333,8.988888888888889,-13.826666666666668
Mauritania,MRT2020-08-31,MRT,2020-03-15,2020-05-19,71.79,57.790000000000006,65 days 00:00:00.000000000,4649660.0,4.289,20.3,2020-03-15,0 days 00:00:00.000000000,59.10627450980378,2020-06-21,590.0,98 days 00:00:00.000000000,2020-06-10,18.0,-11 days +00:00:00.000000000,87 days 00:00:00.000000000,2020-04-14,0.0,7.0,0.0,1.0,,60.48294117647036,60.76490196078443,50.0,,,,,,,
Mauritius,MUS2020-08-31,MUS,2020-03-20,2020-04-01,71.15,57.150000000000006,12 days 00:00:00.000000000,1271767.0,622.962,37.4,2020-03-20,0 days 00:00:00.000000000,54.71640522875821,2020-04-10,41.0,21 days 00:00:00.000000000,2020-04-02,2.0,-8 days +00:00:00.000000000,13 days 00:00:00.000000000,2020-04-19,1.0,325.0,0.0,9.0,,48.25816993464051,54.179803921568535,57.6797385620915,-65.26175349428209,-53.81652661064426,-68.83359013867488,-71.61510128913444,-54.53131524008351,21.557553956834532,-62.81165735456384
Mexico,MEX2020-08-31,MEX,2020-03-23,2020-04-06,63.46,49.46,14 days 00:00:00.000000000,128932753.0,66.444,29.3,2020-02-29,-23 days +00:00:00.000000000,58.651895424836596,2020-08-02,9556.0,132 days 00:00:00.000000000,2020-06-04,1091.0,-59 days +00:00:00.000000000,96 days 00:00:00.000000000,2020-03-30,145.0,993.0,4.0,20.0,17336.468999999997,75.58058823529402,69.31588235294127,0.0,-52.334006734006735,-20.122222222222224,-45.448484848484846,-52.82014146177164,-36.8946127946128,17.81111111111111,-41.52389361221965
Moldova,MDA2020-08-31,MDA,2020-03-11,2020-04-30,76.92,62.92,50 days 00:00:00.000000000,4033963.0,123.655,37.6,2020-03-08,-3 days +00:00:00.000000000,69.12967320261426,2020-08-01,786.0,143 days 00:00:00.000000000,2020-08-14,15.0,13 days 00:00:00.000000000,159 days 00:00:00.000000000,2020-04-07,101.0,965.0,4.0,19.0,,74.86980392156876,74.97032679738605,37.00980392156863,-43.4,-26.27777777777778,-17.622222222222224,-48.077777777777776,-38.96666666666667,12.78888888888889,-34.86888888888889
Mongolia,MNG2020-08-31,MNG,2020-03-10,2020-05-05,80.77,66.77,56 days 00:00:00.000000000,3278292.0,1.98,28.6,2020-03-10,0 days 00:00:00.000000000,63.51647058823541,2020-05-16,74.0,67 days 00:00:00.000000000,2020-03-10,0.0,-67 days +00:00:00.000000000,0 days 00:00:00.000000000,2020-04-09,1.0,16.0,0.0,0.0,,64.38026143790844,65.88163398692794,50.49019607843139,-7.3,13.88888888888889,7.95,-3.611111111111111,-2.425414364640884,2.1277777777777778,1.7004726826273788
Morocco,MAR2020-08-31,MAR,2020-03-13,2020-06-01,85.26,71.26,80 days 00:00:00.000000000,36910558.0,80.08,29.6,2020-03-03,-10 days +00:00:00.000000000,75.39307189542501,2020-08-20,2755.0,160 days 00:00:00.000000000,2020-08-20,62.0,0 days 00:00:00.000000000,170 days 00:00:00.000000000,2020-04-02,37.0,654.0,3.0,39.0,,80.08261437908511,75.94320261437896,72.38562091503267,-74.13333333333334,-49.13333333333333,-61.56666666666667,-66.72222222222223,-53.25555555555555,25.233333333333334,-60.96222222222222
Mozambique,MOZ2020-08-31,MOZ,2020-03-23,2020-06-17,66.03,52.03,86 days 00:00:00.000000000,31255435.0,37.728,17.7,2020-03-23,0 days 00:00:00.000000000,55.616339869281084,2020-08-11,142.0,141 days 00:00:00.000000000,2020-08-03,2.0,-8 days +00:00:00.000000000,133 days 00:00:00.000000000,2020-04-22,0.0,39.0,0.0,0.0,,65.51712418300657,65.72313725490177,0.0,-21.13276836158192,-9.816666666666666,-30.263513513513512,-26.622317596566525,-0.32012513034410844,12.075675675675676,-17.631078253734547
Myanmar,MMR2020-08-31,MMR,2020-03-17,2020-04-28,70.51,56.510000000000005,42 days 00:00:00.000000000,54409794.0,81.721,29.1,2020-03-24,7 days 00:00:00.000000000,64.34431372549011,2020-08-30,93.0,166 days 00:00:00.000000000,2020-04-09,2.0,-143 days +00:00:00.000000000,16 days 00:00:00.000000000,2020-04-23,6.0,127.0,0.0,5.0,5591.597,79.6552287581701,75.77882352941178,1.4705882352941178,,,,,,,
Namibia,NAM2020-08-31,NAM,2020-03-15,2020-04-17,72.44,58.44,33 days 00:00:00.000000000,2540916.0,3.0780000000000003,22.0,2020-03-15,0 days 00:00:00.000000000,63.45771241830069,2020-08-24,316.0,162 days 00:00:00.000000000,2020-08-24,6.0,0 days 00:00:00.000000000,162 days 00:00:00.000000000,2020-04-14,0.0,16.0,0.0,0.0,,61.52398692810465,62.45928104575178,68.95424836601308,-34.143884892086334,-15.845272206303726,-30.833333333333332,-58.69444444444444,-25.278551532033426,14.823529411764707,-32.959097281640254
Nepal,NPL2020-08-31,NPL,2020-01-24,2020-03-30,88.46,74.46,66 days 00:00:00.000000000,29136808.0,204.43,25.0,2020-01-25,1 days 00:00:00.000000000,83.45130718954242,2020-06-25,1702.0,153 days 00:00:00.000000000,2020-08-31,14.0,67 days 00:00:00.000000000,219 days 00:00:00.000000000,2020-02-24,0.0,1.0,0.0,0.0,2442.804,90.21934640522888,86.59254901960779,66.17647058823529,-34.73913043478261,-27.695652173913043,-23.6231884057971,-31.231884057971016,-30.217391304347824,11.81159420289855,-29.50144927536232
Netherlands,NLD2020-08-31,NLD,2020-03-09,2020-03-31,71.15,57.150000000000006,22 days 00:00:00.000000000,17134873.0,508.544,43.2,2020-02-28,-10 days +00:00:00.000000000,60.58679738562094,2020-04-11,1335.0,33 days 00:00:00.000000000,2020-04-08,234.0,-3 days +00:00:00.000000000,40 days 00:00:00.000000000,2020-03-29,1159.0,9762.0,93.0,639.0,,58.79790849673228,60.24215686274505,62.5,-32.251282051282054,-6.495726495726496,55.702586206896555,-48.78290598290598,-34.305128205128206,12.57008547008547,-13.226491305629235
New Zealand,NZL2020-08-31,NZL,2020-02-28,2020-04-01,89.1,75.1,33 days 00:00:00.000000000,4822233.0,18.206,37.9,2020-02-28,0 days 00:00:00.000000000,58.325490196078405,2020-03-31,95.0,32 days 00:00:00.000000000,2020-04-14,4.0,14 days 00:00:00.000000000,46 days 00:00:00.000000000,2020-03-29,60.0,476.0,1.0,1.0,,49.9145098039216,55.98954248366014,71.16013071895425,-53.92312925170068,-22.177668539325843,-51.8125,-51.28615071283096,-28.40909090909091,15.184238551650692,-41.52170788258967
Nicaragua,NIC2020-08-31,NIC,2020-04-15,2020-04-15,14.1,0.09999999999999964,0 days 00:00:00.000000000,6624554.0,51.667,27.3,2020-03-19,-27 days +00:00:00.000000000,12.116339869281015,2020-05-27,480.0,42 days 00:00:00.000000000,2020-05-27,18.0,0 days 00:00:00.000000000,69 days 00:00:00.000000000,2020-04-18,0.0,9.0,0.0,1.0,,13.435751633986944,14.321111111111117,0.0,-35.23748544819558,-18.843980343980345,-28.3285472972973,-35.15732087227414,-14.525,11.469945355191257,-26.41846679234947
Niger,NER2020-08-31,NER,2020-03-21,2020-04-15,52.56,38.56,25 days 00:00:00.000000000,24206636.0,16.955,15.1,2020-03-21,0 days 00:00:00.000000000,33.332222222222235,2020-04-07,69.0,17 days 00:00:00.000000000,2020-04-06,5.0,-1 days +00:00:00.000000000,16 days 00:00:00.000000000,2020-04-20,9.0,648.0,1.0,20.0,,32.96869281045755,34.553921568627466,26.633986928104573,-15.738888888888889,-4.822222222222222,-21.566666666666666,-28.944444444444443,-6.4914529914529915,9.272222222222222,-15.512735042735041
Nigeria,NGA2020-08-31,NGA,2020-02-28,2020-04-23,69.55,55.55,55 days 00:00:00.000000000,206139587.0,209.588,18.1,2020-02-28,0 days 00:00:00.000000000,63.015163398692685,2020-07-02,790.0,125 days 00:00:00.000000000,2020-06-17,31.0,-15 days +00:00:00.000000000,110 days 00:00:00.000000000,2020-03-29,16.0,97.0,0.0,1.0,,74.87490196078446,73.93470588235301,2.9411764705882355,-23.83679169992019,-19.768345894486316,-21.334291187739463,-32.94461697722567,-16.419005847953215,12.710303633648582,-22.86061032146497
Norway,NOR2020-08-31,NOR,2020-03-11,2020-04-01,75.0,61.0,21 days 00:00:00.000000000,5421242.0,14.462,39.7,2020-02-27,-13 days +00:00:00.000000000,56.5232026143791,2020-03-28,425.0,17 days 00:00:00.000000000,2020-04-15,13.0,18 days 00:00:00.000000000,48 days 00:00:00.000000000,2020-03-28,425.0,3581.0,2.0,16.0,,47.43339869281057,50.89130718954259,87.5,-26.575,-2.870967741935484,58.03780718336484,-36.09537037037037,-34.44722222222222,10.529906542056075,-8.390150630232647
Oman,OMN2020-08-31,OMN,2020-02-03,2020-07-25,91.67,77.67,173 days 00:00:00.000000000,5106622.0,14.98,30.7,2020-02-25,22 days 00:00:00.000000000,82.97562091503265,2020-07-14,2164.0,162 days 00:00:00.000000000,2020-08-06,67.0,23 days 00:00:00.000000000,163 days 00:00:00.000000000,2020-03-26,15.0,99.0,0.0,0.0,,88.7172549019607,87.74078431372554,56.78104575163399,-29.10126582278481,-21.883544303797468,-25.77690288713911,-32.699367088607595,-13.717921527041357,10.286868686868686,-24.63580032587407
Pakistan,PAK2020-08-31,PAK,2020-02-23,2020-05-01,82.69,68.69,68 days 00:00:00.000000000,220892331.0,255.573,23.5,2020-02-27,4 days 00:00:00.000000000,69.72156862745113,2020-06-14,6825.0,112 days 00:00:00.000000000,2020-06-20,153.0,6 days 00:00:00.000000000,114 days 00:00:00.000000000,2020-03-28,0.0,1197.0,0.0,9.0,5034.708,72.5565359477124,70.92999999999991,63.071895424836605,-37.10634920634921,-25.305,-5.5246913580246915,-33.84603174603175,-23.42222222222222,12.261904761904763,-25.040858906525575
Palestine,PSE2020-08-31,PSE,2020-03-06,2020-04-21,80.77,66.77,46 days 00:00:00.000000000,5101416.0,778.202,20.4,2020-03-06,0 days 00:00:00.000000000,72.67013071895444,2020-08-29,724.0,176 days 00:00:00.000000000,2020-08-11,7.0,-18 days +00:00:00.000000000,158 days 00:00:00.000000000,2020-04-05,0.0,155.0,0.0,1.0,,86.05294117647085,77.97823529411737,43.4640522875817,,,,,,,
Panama,PAN2020-08-31,PAN,2020-03-10,2020-04-30,83.33,69.33,51 days 00:00:00.000000000,4314768.0,55.133,29.7,2020-03-10,0 days 00:00:00.000000000,76.808954248366,2020-07-14,1540.0,126 days 00:00:00.000000000,2020-07-25,41.0,11 days 00:00:00.000000000,137 days 00:00:00.000000000,2020-04-09,279.0,2528.0,4.0,63.0,,86.34575163398688,81.25470588235312,52.36928104575163,-71.9,-50.32222222222222,-63.84444444444444,-68.38888888888889,-60.9,33.98888888888889,-63.07111111111111
Papua New Guinea,PNG2020-08-31,PNG,2020-03-21,2020-04-16,78.53,64.53,26 days 00:00:00.000000000,8947027.0,18.22,22.6,2020-03-21,0 days 00:00:00.000000000,59.65594771241829,2020-08-13,55.0,145 days 00:00:00.000000000,2020-07-29,1.0,-15 days +00:00:00.000000000,130 days 00:00:00.000000000,2020-04-20,0.0,7.0,0.0,0.0,,56.44444444444451,59.83797385620903,58.66013071895425,-7.911111111111111,9.733333333333333,-11.244444444444444,-27.58888888888889,9.477777777777778,6.12987012987013,-5.506666666666667
Paraguay,PRY2020-08-31,PRY,2020-03-07,2020-04-09,85.9,71.9,33 days 00:00:00.000000000,7132530.0,17.144000000000002,26.5,2020-03-08,1 days 00:00:00.000000000,80.02882352941197,2020-08-31,721.0,177 days 00:00:00.000000000,2020-08-16,19.0,-15 days +00:00:00.000000000,161 days 00:00:00.000000000,2020-04-07,0.0,113.0,0.0,5.0,8827.01,84.86196078431388,80.9430065359479,75.0,-46.023622047244096,-31.982252559726962,-51.12641937925814,-58.92759706190976,-22.770228536133416,18.959128065395095,-42.16602391685448
Peru,PER2020-08-31,PER,2020-03-06,2020-05-01,87.18,73.18,56 days 00:00:00.000000000,32971846.0,25.129,29.1,2020-03-07,1 days 00:00:00.000000000,82.79235294117655,2020-08-17,10143.0,164 days 00:00:00.000000000,2020-08-14,3935.0,-3 days +00:00:00.000000000,160 days 00:00:00.000000000,2020-04-06,535.0,2281.0,10.0,83.0,,87.87686274509821,84.21032679738559,75.0,-69.57255244755245,-51.386950611690075,-57.41687242798354,-71.3156089193825,-50.775720164609055,28.472176308539947,-60.09354091424352
Philippines,PHL2020-08-31,PHL,2020-01-31,2020-04-13,91.67,77.67,73 days 00:00:00.000000000,109581085.0,351.8730000000001,25.2,2020-01-30,-1 days +00:00:00.000000000,76.05254901960801,2020-08-11,6725.0,193 days 00:00:00.000000000,2020-07-13,162.0,-29 days +00:00:00.000000000,165 days 00:00:00.000000000,2020-02-29,0.0,3.0,0.0,1.0,,86.11189542483656,86.0018954248365,21.323529411764707,-44.82602339181287,-33.340643274853804,-27.336988304093566,-44.79093567251462,-33.43201754385965,18.046783625730995,-36.7453216374269
Poland,POL2020-08-31,POL,2020-03-10,2020-04-09,66.03,52.03,30 days 00:00:00.000000000,37846605.0,124.027,41.8,2020-03-04,-6 days +00:00:00.000000000,55.82836601307188,2020-08-22,903.0,165 days 00:00:00.000000000,2020-04-25,40.0,-119 days +00:00:00.000000000,52 days 00:00:00.000000000,2020-04-03,392.0,2946.0,14.0,57.0,,59.78928104575166,59.160849673202456,37.5,-41.08104575163399,-18.69049180327869,4.701904136572554,-46.90915032679739,-28.666013071895424,11.961437908496732,-26.12895936340659
Portugal,PRT2020-08-31,PRT,2020-03-01,2020-04-10,83.97,69.97,40 days 00:00:00.000000000,10196707.0,112.371,46.2,2020-03-03,2 days 00:00:00.000000000,71.37013071895431,2020-04-11,1516.0,41 days 00:00:00.000000000,2020-04-25,60.0,14 days 00:00:00.000000000,53 days 00:00:00.000000000,2020-04-02,808.0,8251.0,27.0,187.0,,72.48032679738577,72.4914379084966,65.19607843137257,-54.925396825396824,-26.674074074074074,-33.959336543606206,-53.981070496083554,-41.48465608465609,20.700367647058822,-42.204906804763354
Puerto Rico,PRI2020-08-31,PRI,2020-03-28,2020-05-01,86.54,72.54,34 days 00:00:00.000000000,2860840.0,376.232,38.2,2020-03-28,0 days 00:00:00.000000000,75.56888888888902,2020-08-02,1091.0,127 days 00:00:00.000000000,2020-08-16,18.0,14 days 00:00:00.000000000,141 days 00:00:00.000000000,2020-04-27,64.0,1371.0,1.0,84.0,,78.98019607843145,76.56522875816987,70.09803921568627,-47.81660812844957,-30.221561161351737,-52.162659123055164,-70.50225225225225,-40.27894736842105,20.687196110210696,-48.19640560670596
Qatar,QAT2020-08-31,QAT,2020-03-08,2020-07-24,80.77,66.77,138 days 00:00:00.000000000,2881060.0,227.322,31.9,2020-03-01,-7 days +00:00:00.000000000,77.26352941176484,2020-05-31,2355.0,84 days 00:00:00.000000000,2020-06-20,7.0,20 days 00:00:00.000000000,111 days 00:00:00.000000000,2020-03-31,59.0,693.0,0.0,1.0,,81.66346405228771,83.33287581699341,43.87254901960785,-48.98888888888889,-20.433333333333334,-38.022222222222226,-49.111111111111114,-31.488888888888887,21.27777777777778,-37.608888888888885
Romania,ROU2020-08-31,ROU,2020-03-08,2020-04-28,82.69,68.69,51 days 00:00:00.000000000,19237682.0,85.12899999999998,43.0,2020-02-27,-10 days +00:00:00.000000000,64.27980392156874,2020-08-28,1504.0,173 days 00:00:00.000000000,2020-08-26,58.0,-2 days +00:00:00.000000000,181 days 00:00:00.000000000,2020-03-28,263.0,1292.0,7.0,24.0,,61.094248366013176,60.05875816993447,87.5,-45.13971539456662,-22.859948320413437,-25.27242181442233,-39.99766233766234,-32.13049095607235,11.38563170933113,-33.080047764627416
Russia,RUS2020-08-31,RUS,2020-03-05,2020-05-01,83.97,69.97,57 days 00:00:00.000000000,145934460.0,8.823,39.6,2020-02-01,-33 days +00:00:00.000000000,75.59483660130735,2020-07-18,12640.0,135 days 00:00:00.000000000,2020-06-19,312.0,-29 days +00:00:00.000000000,139 days 00:00:00.000000000,2020-03-02,0.0,2.0,0.0,0.0,,73.8704575163398,78.42294117647045,60.04901960784314,-28.0,-8.644444444444444,-3.3444444444444446,-31.011111111111113,-29.27777777777778,7.9,-20.055555555555554
Rwanda,RWA2020-08-31,RWA,2020-03-15,2020-03-21,82.05,68.05,6 days 00:00:00.000000000,12952209.0,494.869,20.3,2020-03-15,0 days 00:00:00.000000000,70.85947712418292,2020-08-26,231.0,164 days 00:00:00.000000000,2020-08-19,2.0,-7 days +00:00:00.000000000,157 days 00:00:00.000000000,2020-04-14,1.0,127.0,0.0,0.0,,73.37823529411759,78.21686274509787,30.392156862745093,-45.516666666666666,-39.82222222222222,-16.322222222222223,-50.69259259259259,-33.01190476190476,22.820224719101123,-37.07312169312169
Saudi Arabia,SAU2020-08-31,SAU,2020-03-03,2020-05-27,88.46,74.46,85 days 00:00:00.000000000,34813867.0,15.322,31.9,2020-03-03,0 days 00:00:00.000000000,77.33732026143792,2020-06-18,4919.0,107 days 00:00:00.000000000,2020-07-06,58.0,18 days 00:00:00.000000000,125 days 00:00:00.000000000,2020-04-02,157.0,1720.0,6.0,16.0,,77.42562091503265,80.4201960784315,60.37581699346405,-44.39920634920635,-20.547619047619047,-46.52991452991453,-61.06701030927835,-34.95952380952381,17.830119375573922,-41.50065480910841
Senegal,SEN2020-08-31,SEN,2020-03-14,2020-04-11,76.28,62.28,28 days 00:00:00.000000000,16743930.0,82.32799999999997,18.7,2020-03-03,-11 days +00:00:00.000000000,63.05934640522867,2020-08-13,207.0,152 days 00:00:00.000000000,2020-08-07,9.0,-6 days +00:00:00.000000000,157 days 00:00:00.000000000,2020-04-02,15.0,190.0,1.0,1.0,,57.613921568627326,62.50771241830046,66.09477124183006,-37.74594594594595,-21.166666666666668,-23.464114832535884,-52.09119496855346,-12.808300395256918,15.030405405405405,-29.455244561791773
Serbia,SRB2020-08-31,SRB,2020-03-06,2020-03-31,85.26,71.26,25 days 00:00:00.000000000,6804596.0,80.291,41.2,2020-03-07,1 days 00:00:00.000000000,56.60254901960782,2020-07-27,467.0,143 days 00:00:00.000000000,2020-07-11,18.0,-16 days +00:00:00.000000000,126 days 00:00:00.000000000,2020-04-06,284.0,1908.0,7.0,51.0,,55.5245098039216,59.0961437908497,42.892156862745104,-47.602739726027394,-24.753424657534246,-26.698630136986303,-51.57534246575342,-44.986301369863014,14.082191780821917,-39.12328767123287
Seychelles,SYC2020-08-31,SYC,2020-03-15,2020-04-09,81.41,67.41,25 days 00:00:00.000000000,98340.0,208.354,36.2,2020-03-15,0 days 00:00:00.000000000,49.90222222222216,2020-07-07,70.0,114 days 00:00:00.000000000,2020-03-15,0.0,-114 days +00:00:00.000000000,0 days 00:00:00.000000000,2020-04-14,0.0,10.0,0.0,0.0,,48.008888888888855,54.43150326797386,25.0,,,,,,,
Sierra Leone,SLE2020-08-31,SLE,2020-04-01,2020-05-03,82.05,68.05,32 days 00:00:00.000000000,7976985.0,104.7,19.1,2020-04-01,0 days 00:00:00.000000000,56.10071895424854,2020-05-25,86.0,54 days 00:00:00.000000000,2020-05-15,5.0,-10 days +00:00:00.000000000,44 days 00:00:00.000000000,2020-05-01,8.0,124.0,3.0,7.0,,57.469084967320136,62.17078431372539,22.7124183006536,,,,,,,
Singapore,SGP2020-08-31,SGP,2020-01-20,2020-05-26,84.62,70.62,127 days 00:00:00.000000000,5850343.0,7915.731,42.4,2020-01-24,4 days 00:00:00.000000000,71.70888888888899,2020-04-21,1426.0,92 days 00:00:00.000000000,2020-03-22,2.0,-30 days +00:00:00.000000000,58 days 00:00:00.000000000,2020-02-23,3.0,89.0,0.0,0.0,,66.21856209150327,69.33235294117645,84.80392156862743,-23.4,-7.969230769230769,-18.338461538461537,-28.784615384615385,-18.015384615384615,15.353846153846154,-19.301538461538463
Slovakia,SVK2020-08-31,SVK,2020-03-07,2020-04-08,83.97,69.97,32 days 00:00:00.000000000,5459643.0,113.128,41.2,2020-03-07,0 days 00:00:00.000000000,61.3367973856209,2020-08-22,123.0,168 days 00:00:00.000000000,2020-04-16,4.0,-128 days +00:00:00.000000000,40 days 00:00:00.000000000,2020-04-06,14.0,485.0,0.0,0.0,,53.03254901960776,56.579607843137204,87.5,-52.67037037037037,-20.04567901234568,18.13769123783032,-44.43703703703704,-33.64567901234568,12.451851851851853,-26.53221483885369
Slovenia,SVN2020-08-31,SVN,2020-03-05,2020-03-30,86.54,72.54,25 days 00:00:00.000000000,2078932.0,102.619,44.5,2020-03-05,0 days 00:00:00.000000000,59.0614379084966,2020-03-29,59.0,24 days 00:00:00.000000000,2020-04-06,6.0,8 days 00:00:00.000000000,32 days 00:00:00.000000000,2020-04-04,37.0,934.0,4.0,20.0,,51.684183006536045,57.43973856209158,67.97385620915033,-50.6125,-30.908232826428947,-19.06053268765133,-45.93092783505155,-37.627895868163364,12.246315789473684,-36.82801784345904
Somalia,SOM2020-08-31,SOM,2020-03-19,2020-04-11,44.23,30.229999999999997,23 days 00:00:00.000000000,15893219.0,23.5,16.8,2020-03-17,-2 days +00:00:00.000000000,33.312875816993426,2020-05-29,97.0,71 days 00:00:00.000000000,2020-04-23,6.0,-36 days +00:00:00.000000000,37 days 00:00:00.000000000,2020-04-16,20.0,80.0,3.0,5.0,,42.74562091503259,38.328039215686275,5.718954248366012,,,,,,,
South Africa,ZAF2020-08-31,ZAF,2020-03-07,2020-05-29,85.26,71.26,83 days 00:00:00.000000000,59308690.0,46.754,27.3,2020-03-06,-1 days +00:00:00.000000000,79.54915032679754,2020-07-25,13944.0,140 days 00:00:00.000000000,2020-07-23,572.0,-2 days +00:00:00.000000000,139 days 00:00:00.000000000,2020-04-05,80.0,1585.0,2.0,9.0,12294.876,81.68183006535956,84.41699346405233,52.77777777777778,-47.67333333333333,-26.054444444444446,-27.52,-51.678733031674206,-38.43888888888889,20.636666666666667,-38.27307993966817
South Korea,KOR2020-08-31,KOR,2020-02-01,2020-04-06,80.13,66.13,65 days 00:00:00.000000000,51269183.0,527.967,43.4,2020-01-20,-12 days +00:00:00.000000000,60.31843137254891,2020-02-29,909.0,28 days 00:00:00.000000000,2020-03-20,9.0,20 days 00:00:00.000000000,60 days 00:00:00.000000000,2020-02-19,15.0,46.0,0.0,0.0,,53.790915032679614,62.19215686274518,50.0,-18.09090909090909,-0.2987012987012987,20.623376623376622,-15.922077922077921,-7.987012987012987,7.077922077922078,-4.335064935064935
Spain,ESP2020-08-30,ESP,2020-01-31,2020-04-05,81.41,67.41,65 days 00:00:00.000000000,46754783.0,93.105,45.5,2020-02-01,1 days 00:00:00.000000000,68.65697368421043,2020-08-24,19382.0,206 days 00:00:00.000000000,2020-06-19,1179.0,-66 days +00:00:00.000000000,139 days 00:00:00.000000000,2020-03-02,54.0,136.0,0.0,0.0,,67.76684210526327,65.33309210526316,86.92434210526315,-56.16447368421053,-31.12862796833773,-44.16447368421053,-50.436530324400564,-40.660526315789475,16.63681592039801,-44.51092639538977
Sri Lanka,LKA2020-08-31,LKA,2020-02-06,2020-04-07,82.05,68.05,61 days 00:00:00.000000000,21413250.0,341.955,34.1,2020-01-28,-9 days +00:00:00.000000000,62.95803921568624,2020-07-10,256.0,155 days 00:00:00.000000000,2020-03-29,1.0,-103 days +00:00:00.000000000,61 days 00:00:00.000000000,2020-02-27,0.0,1.0,0.0,0.0,,63.78071895424848,67.21568627450982,39.54248366013072,-47.48780487804878,-40.25609756097561,-25.817073170731707,-40.84146341463415,-38.207317073170735,23.597560975609756,-38.5219512195122
Sudan,SDN2020-08-31,SDN,2020-03-14,2020-05-29,80.13,66.13,76 days 00:00:00.000000000,43849269.0,23.258000000000006,19.7,2020-03-14,0 days 00:00:00.000000000,69.1785620915032,2020-06-17,520.0,95 days 00:00:00.000000000,2020-05-30,38.0,-18 days +00:00:00.000000000,77 days 00:00:00.000000000,2020-04-13,0.0,19.0,0.0,2.0,,80.13692810457505,76.17183006535944,30.718954248366014,,,,,,,
Suriname,SUR2020-08-31,SUR,2020-03-15,2020-06-04,78.85,64.85,81 days 00:00:00.000000000,586634.0,3.612,29.6,2020-03-15,0 days 00:00:00.000000000,68.66490196078428,2020-08-19,139.0,157 days 00:00:00.000000000,2020-08-12,9.0,-7 days +00:00:00.000000000,150 days 00:00:00.000000000,2020-04-14,0.0,10.0,0.0,1.0,,82.37248366013084,75.68300653594756,30.065359477124186,,,,,,,
Swaziland,SWZ2020-08-31,SWZ,2020-03-15,2020-04-03,76.28,62.28,19 days 00:00:00.000000000,1160164.0,79.492,21.5,2020-03-15,0 days 00:00:00.000000000,69.56006535947712,2020-07-30,147.0,137 days 00:00:00.000000000,2020-07-29,5.0,-1 days +00:00:00.000000000,136 days 00:00:00.000000000,2020-04-14,1.0,15.0,0.0,0.0,,81.98450980392148,77.66816993464063,25.0,,,,,,,
Sweden,SWE2020-08-31,SWE,2020-03-09,2020-06-04,50.64,36.64,87 days 00:00:00.000000000,10099270.0,24.718000000000004,41.0,2020-02-01,-37 days +00:00:00.000000000,46.56032679738557,2020-06-26,1698.0,109 days 00:00:00.000000000,2020-04-10,115.0,-77 days +00:00:00.000000000,69 days 00:00:00.000000000,2020-03-02,3.0,14.0,0.0,0.0,,41.95372549019614,43.658954248366,62.5,-12.813209494324045,-1.9125379170879677,53.987740805604204,-26.94306049822064,-20.818686868686868,7.013491635186185,-1.6999507945430636
Switzerland,CHE2020-08-31,CHE,2020-02-25,2020-05-11,67.95,53.95,76 days 00:00:00.000000000,8654618.0,214.243,43.1,2020-02-26,1 days 00:00:00.000000000,57.541241830065324,2020-03-28,1390.0,32 days 00:00:00.000000000,2020-04-01,78.0,4 days 00:00:00.000000000,35 days 00:00:00.000000000,2020-03-27,1000.0,10714.0,58.0,161.0,,54.4843137254901,59.37071895424842,47.467320261437905,-47.43165115139637,-6.004186289900575,10.233180428134556,-34.399315946985894,-30.354755784061698,13.989003880983182,-21.591345748841995
Tajikistan,TJK2020-08-31,TJK,2020-05-01,2020-06-20,64.74,50.739999999999995,50 days 00:00:00.000000000,9537642.0,64.281,23.3,2020-05-01,0 days 00:00:00.000000000,52.94845528455286,2020-05-29,463.0,28 days 00:00:00.000000000,2020-05-10,8.0,-19 days +00:00:00.000000000,9 days 00:00:00.000000000,2020-05-31,244.0,3807.0,0.0,47.0,,58.50585365853655,55.443495934959394,39.227642276422756,-27.223529411764705,-21.95294117647059,-19.88235294117647,-34.247058823529414,-21.105882352941176,5.6,-24.88235294117647
Tanzania,TZA2020-08-31,TZA,2020-03-17,2020-04-12,38.46,24.46,26 days 00:00:00.000000000,59734213.0,64.699,17.7,2020-03-17,0 days 00:00:00.000000000,27.344509803921643,2020-04-30,174.0,44 days 00:00:00.000000000,2020-04-30,6.0,0 days 00:00:00.000000000,44 days 00:00:00.000000000,2020-04-16,35.0,88.0,1.0,4.0,,35.47032679738557,32.31718954248361,0.0,-22.525252525252526,-7.75133214920071,-17.07638888888889,-11.657973174366617,-10.301866081229418,6.959798994974874,-13.86256256378763
Thailand,THA2020-08-31,THA,2020-03-06,2020-05-01,81.41,67.41,56 days 00:00:00.000000000,69799978.0,135.132,40.1,2020-01-13,-53 days +00:00:00.000000000,68.53098039215678,2020-03-31,263.0,25 days 00:00:00.000000000,2020-04-04,4.0,4 days 00:00:00.000000000,82 days 00:00:00.000000000,2020-02-12,1.0,33.0,0.0,0.0,16277.671,62.060130718954106,64.65215686274527,89.86928104575163,-34.75555555555555,-8.011111111111111,-36.62222222222222,-45.2,-22.266666666666666,13.377777777777778,-29.371111111111112
Timor,TLS2020-08-31,TLS,2020-03-22,2020-04-17,74.36,60.36,26 days 00:00:00.000000000,1318442.0,87.176,18.0,2020-03-22,0 days 00:00:00.000000000,56.4684967320261,2020-04-17,12.0,26 days 00:00:00.000000000,2020-03-22,0.0,-26 days +00:00:00.000000000,0 days 00:00:00.000000000,2020-04-21,3.0,22.0,0.0,0.0,,43.29490196078439,50.813071895424784,87.58169934640524,,,,,,,
Togo,TGO2020-08-31,TGO,2020-03-16,2020-05-26,68.59,54.59,71 days 00:00:00.000000000,8278737.0,143.366,19.4,2020-03-07,-9 days +00:00:00.000000000,55.510522875817,2020-08-29,39.0,166 days 00:00:00.000000000,2020-04-17,2.0,-134 days +00:00:00.000000000,41 days 00:00:00.000000000,2020-04-06,3.0,44.0,0.0,3.0,1429.8129999999999,60.75444444444443,58.56183006535962,38.72549019607843,-28.88888888888889,-16.666666666666668,-8.585635359116022,-35.666666666666664,-11.511326860841423,16.75,-20.263836888435936
Trinidad and Tobago,TTO2020-08-31,TTO,2020-03-13,2020-04-28,87.18,73.18,46 days 00:00:00.000000000,1399491.0,266.886,36.2,2020-03-13,0 days 00:00:00.000000000,70.21424836601305,2020-08-27,159.0,167 days 00:00:00.000000000,2020-08-29,4.0,2 days 00:00:00.000000000,169 days 00:00:00.000000000,2020-04-12,3.0,112.0,0.0,8.0,,73.09032679738567,73.73921568627436,50.81699346405229,-48.833333333333336,-18.177777777777777,-41.08888888888889,-65.27777777777777,-43.666666666666664,20.177777777777777,-43.40888888888889
Tunisia,TUN2020-08-31,TUN,2020-03-09,2020-05-07,82.05,68.05,59 days 00:00:00.000000000,11818618.0,74.22800000000002,32.7,2020-03-03,-6 days +00:00:00.000000000,57.68718954248364,2020-08-20,242.0,164 days 00:00:00.000000000,2020-04-05,5.0,-137 days +00:00:00.000000000,33 days 00:00:00.000000000,2020-04-02,32.0,394.0,1.0,10.0,10849.296999999999,53.15169934640529,54.53993464052287,75.0,,,,,,,
Turkey,TUR2020-08-31,TUR,2020-03-12,2020-04-19,76.28,62.28,38 days 00:00:00.000000000,84339067.0,104.914,31.6,2020-03-12,0 days 00:00:00.000000000,68.10790849673228,2020-04-12,5138.0,31 days 00:00:00.000000000,2020-04-20,127.0,8 days 00:00:00.000000000,39 days 00:00:00.000000000,2020-04-11,4747.0,47029.0,98.0,1006.0,,64.01196078431377,66.98738562091495,74.26470588235293,-49.64319930323705,-15.940759344068548,-20.643187250996014,-53.02202027263195,-35.847478308026034,14.304919197300658,-35.01932889579192
Uganda,UGA2020-08-31,UGA,2020-03-22,2020-03-30,78.85,64.85,8 days 00:00:00.000000000,45741000.0,213.759,16.4,2020-03-22,0 days 00:00:00.000000000,71.8209803921568,2020-08-24,415.0,155 days 00:00:00.000000000,2020-08-21,4.0,-3 days +00:00:00.000000000,152 days 00:00:00.000000000,2020-04-21,1.0,56.0,0.0,0.0,1697.707,84.64130718954259,77.48058823529419,40.68627450980392,-47.71007371007371,-43.2093023255814,-15.172222222222222,-55.358333333333334,-25.144444444444446,21.29957805907173,-37.31887520713102
Ukraine,UKR2020-08-31,UKR,2020-03-12,2020-05-07,80.13,66.13,56 days 00:00:00.000000000,43733759.0,77.39,41.4,2020-03-04,-8 days +00:00:00.000000000,62.27607843137257,2020-08-26,3331.0,167 days 00:00:00.000000000,2020-08-27,85.0,1 days 00:00:00.000000000,176 days 00:00:00.000000000,2020-04-03,103.0,897.0,2.0,22.0,,65.28137254901961,66.77895424836588,37.5,-34.32222222222222,-12.244444444444444,7.288888888888889,-33.94444444444444,-32.21111111111111,9.0,-21.086666666666666
United Arab Emirates,ARE2020-08-31,ARE,2020-03-01,2020-04-13,85.26,71.26,43 days 00:00:00.000000000,9890400.0,112.442,34.0,2020-01-27,-34 days +00:00:00.000000000,67.29065359477121,2020-05-23,994.0,83 days 00:00:00.000000000,2020-05-11,13.0,-12 days +00:00:00.000000000,105 days 00:00:00.000000000,2020-02-26,0.0,13.0,0.0,0.0,,64.44477124182994,70.4354901960785,50.0,-39.62222222222222,-17.843055555555555,-49.111111111111114,-49.682291666666664,-30.17361111111111,19.00614439324117,-37.28645833333333
United Kingdom,GBR2020-08-31,GBR,2020-01-31,2020-06-08,78.85,64.85,129 days 00:00:00.000000000,67886004.0,272.898,40.8,2020-02-01,1 days 00:00:00.000000000,73.71732026143799,2020-04-24,5487.0,84 days 00:00:00.000000000,2020-04-22,1224.0,-2 days +00:00:00.000000000,81 days 00:00:00.000000000,2020-03-02,5.0,47.0,0.0,0.0,,71.12450980392167,68.93411764705868,100.0,-38.84003194037796,-13.111510476023494,-9.5,-35.04264640143049,-34.75496342737722,12.478063874461267,-26.24983044904183
United States,USA2020-08-31,USA,2020-03-02,2020-03-27,71.47,57.47,25 days 00:00:00.000000000,331002647.0,35.60800000000001,38.3,2020-01-21,-41 days +00:00:00.000000000,69.8051633986926,2020-07-25,78427.0,145 days 00:00:00.000000000,2020-04-16,4928.0,-100 days +00:00:00.000000000,86 days 00:00:00.000000000,2020-02-20,0.0,15.0,0.0,0.0,,70.27869281045719,71.13810457516323,62.5,-26.469017094017094,-4.227777777777778,29.022917112872136,-30.001068376068375,-33.243376068376065,12.56431623931624,-12.983664440673437
Uruguay,URY2020-08-31,URY,2020-03-15,2020-04-02,66.03,52.03,18 days 00:00:00.000000000,3473727.0,19.751,35.6,2020-03-15,0 days 00:00:00.000000000,51.76450980392164,2020-03-30,36.0,15 days 00:00:00.000000000,2020-04-03,2.0,4 days 00:00:00.000000000,19 days 00:00:00.000000000,2020-04-14,7.0,472.0,0.0,8.0,,47.167320261437865,48.86287581699353,67.72875816993465,-44.57630522088353,-21.909868421052632,-58.48137854363535,-50.87043418332185,-17.402010050251256,13.77502691065662,-38.64799928382892
Uzbekistan,UZB2020-08-31,UZB,2020-03-16,2020-04-28,84.62,70.62,43 days 00:00:00.000000000,33469199.0,76.134,28.2,2020-03-16,0 days 00:00:00.000000000,71.66058823529411,2020-08-18,1156.0,155 days 00:00:00.000000000,2020-08-18,12.0,0 days 00:00:00.000000000,155 days 00:00:00.000000000,2020-04-15,167.0,1165.0,0.0,4.0,,77.58307189542498,75.59836601307201,50.0,,,,,,,
Venezuela,VEN2020-08-31,VEN,2020-03-15,2020-06-22,75.64,61.64,99 days 00:00:00.000000000,28435943.0,36.253,29.0,2020-03-15,0 days 00:00:00.000000000,72.38562091503275,2020-08-12,2133.0,150 days 00:00:00.000000000,2020-08-30,17.0,18 days 00:00:00.000000000,168 days 00:00:00.000000000,2020-04-14,8.0,189.0,0.0,9.0,,84.12751633986944,76.45581699346391,50.0,-54.41111111111111,-33.96666666666667,-47.477777777777774,-55.4,-38.75555555555555,17.955555555555556,-46.00222222222222
Vietnam,VNM2020-08-31,VNM,2020-01-29,2020-04-09,85.9,71.9,71 days 00:00:00.000000000,97338583.0,308.127,32.6,2020-01-24,-5 days +00:00:00.000000000,67.00503267973852,2020-07-31,50.0,184 days 00:00:00.000000000,2020-08-12,4.0,12 days 00:00:00.000000000,201 days 00:00:00.000000000,2020-02-23,0.0,16.0,0.0,0.0,6171.884,68.95986928104577,73.45686274509808,31.535947712418302,-27.892947635135137,-20.098514635211885,-20.971131394608364,-32.08938673908124,-5.979096283783784,9.433304272013949,-21.406215337564085
Yemen,YEM2020-08-31,YEM,2020-04-10,2020-05-01,40.38,26.380000000000003,21 days 00:00:00.000000000,29825968.0,53.508,20.3,2020-04-10,0 days 00:00:00.000000000,32.00375000000001,2020-06-16,116.0,67 days 00:00:00.000000000,2020-07-13,52.0,27 days 00:00:00.000000000,94 days 00:00:00.000000000,2020-05-10,0.0,34.0,0.0,7.0,,46.229999999999826,37.827152777777854,0.0,-8.622222222222222,1.6333333333333333,-10.466666666666667,-9.344444444444445,-9.1,6.155555555555556,-7.18
Zambia,ZMB2020-08-31,ZMB,2020-03-19,2020-05-02,63.14,49.14,44 days 00:00:00.000000000,18383956.0,22.995,17.7,2020-03-19,0 days 00:00:00.000000000,48.77052287581688,2020-07-18,527.0,121 days 00:00:00.000000000,2020-07-15,40.0,-3 days +00:00:00.000000000,118 days 00:00:00.000000000,2020-04-18,4.0,52.0,0.0,2.0,,50.07640522875825,53.09398692810456,25.0,-12.6,-4.111111111111111,-1.488888888888889,-16.433333333333334,-7.466666666666667,11.311111111111112,-8.419999999999998
Zimbabwe,ZWE2020-08-31,ZWE,2020-03-21,2020-04-09,71.15,57.150000000000006,19 days 00:00:00.000000000,14862927.0,42.729,19.6,2020-03-21,0 days 00:00:00.000000000,66.13725490196096,2020-08-02,490.0,134 days 00:00:00.000000000,2020-08-13,18.0,11 days 00:00:00.000000000,145 days 00:00:00.000000000,2020-04-20,0.0,25.0,0.0,3.0,1899.775,81.16647058823517,73.826405228758,23.8562091503268,-43.195729537366546,-27.116731517509727,-38.72375690607735,-58.4485294117647,-28.962585034013607,28.82198952879581,-39.28946648134639
