primary_key,country,iso_code,population,population_density,median_age,gdp_per_capita,date_minGR,date_maxGR,date_firstNC,date_maxNC,date_maxND,date_3mnthAfter,interval_GRRamp,interval_GRToFirstNC,interval_firstNCToMaxNC,interval_firstNCToMaxND,interval_maxNCToMaxND,index_MaxGR,index_avgMaxGRStartApr1,change_GRRamp,index_string,index_health,index_econ,value_maxNC,value_maxND,value_NC_3mnth,value_TC_3mnth,value_ND_3mnth,value_TD_3mnth,percent_maxNC,percent_maxND,percent_NC_3mnth,percent_ND_3mnth,percent_TC_3mnth,percent_TD_3mnth,percent_newTestsMean,value_totTestsSlope,mobil_residential,mobil_outdoors,mobil_retailRecreation,mobil_parks,mobil_GroceryPharmacy,mobil_transitStations,mobil_workplaces,C1_School closing,C1_Flag,C2_Workplace closing,C2_Flag,C3_Cancel public events,C3_Flag,C4_Restrictions on gatherings,C4_Flag,C5_Close public transport,C5_Flag,C6_Stay at home requirements,C6_Flag,C7_Restrictions on internal movement,C7_Flag,C8_International travel controls,E1_Income support,E1_Flag,E2_Debt/contract relief,H1_Public information campaigns,H1_Flag,H2_Testing policy,H3_Contact tracing,H5_Investment in vaccines,E3_Fiscal measures,E4_International support,H4_Emergency investment in healthcare
AFG2020-08-31,Afghanistan,AFG,38928341.0,54.422,18.6,,2020-03-01,2020-04-12,2020-02-25,2020-05-16,2020-07-07,2020-03-26,42,-5,76,133,52,64.74,60.57888888888874,50.74,77.05660130718965,71.5952941176471,0.0,1063.0,56.0,33.0,75.0,0.0,1.0,0.0027306583653282325,0.00014385406251964347,8.47711439847899e-05,0.0,0.0001926616908745225,2.568822544993633e-06,0.0,0.0,9.333333333333334,-21.19230769230769,-29.66666666666667,-10.076923076923077,-13.307692307692307,-31.41025641025641,-21.5,3.0,1.0,3.0,1.0,2.0,1.0,4.0,1.0,2.0,1.0,2.0,0.0,2.0,0.0,3.0,0.0,0.0,0.0,2.0,1.0,3.0,2.0,0.0,527711935.0,39400000.0,248977750.0
ALB2020-08-31,Albania,ALB,2877800.0,104.871,38.0,,2020-03-09,2020-05-26,2020-03-09,2020-08-25,2020-07-26,2020-04-08,78,0,169,139,-30,81.41,68.48954248365996,67.41,71.0821568627453,69.28169934640518,64.13398692810458,178.0,6.0,6.0,383.0,0.0,22.0,0.006185280422545,0.0002084925985127528,0.0002084925985127528,0.0,0.013308777538397388,0.0007644728612134268,0.0,0.0,,,,,,,,3.0,1.0,2.0,1.0,2.0,1.0,4.0,1.0,2.0,1.0,2.0,1.0,2.0,1.0,4.0,2.0,1.0,2.0,2.0,1.0,2.0,2.0,0.0,399758949.8,0.0,26000000.0
DZA2020-08-31,Algeria,DZA,43851043.0,17.348,29.1,,2020-03-12,2020-08-08,2020-02-26,2020-07-25,2020-04-04,2020-03-27,149,-15,135,38,-112,78.85,66.17104575163397,64.85,77.3498039215685,70.17986928104571,44.11764705882353,675.0,42.0,65.0,367.0,4.0,25.0,0.0015393020412308091,9.57787936765837e-05,0.00014822908545185568,9.121789873960353e-06,0.0008369242209358624,5.7011186712252206e-05,0.0,0.0,,,,,,,,3.0,1.0,3.0,1.0,2.0,1.0,4.0,1.0,2.0,1.0,3.0,0.0,2.0,1.0,4.0,1.0,0.0,2.0,2.0,1.0,1.0,2.0,0.0,715534452.0,0.0,326000000.0
AGO2020-08-31,Angola,AGO,32866268.0,23.89,16.8,,2020-03-24,2020-04-09,2020-03-22,2020-08-06,2020-07-30,2020-04-21,16,-2,135,130,-7,75.64,67.04437908496712,61.64,79.37686274509794,71.98398692810454,39.869281045751634,180.0,6.0,0.0,24.0,0.0,2.0,0.0005476739859846576,1.825579953282192e-05,0.0,0.0,7.302319813128768e-05,6.08526651094064e-06,0.0,0.0,20.988888888888887,-34.14291023502057,-39.76190476190476,-34.57777777777777,-21.72558139534884,-54.162561576354676,-20.48672566371681,3.0,1.0,3.0,1.0,2.0,1.0,4.0,1.0,2.0,1.0,2.0,1.0,2.0,1.0,4.0,1.0,1.0,2.0,2.0,1.0,2.0,1.0,0.0,9000000.0,0.0,240000000.0
ARG2020-08-31,Argentina,ARG,45195777.0,16.177,31.9,,2020-03-04,2020-03-25,2020-03-04,2020-08-30,2020-08-26,2020-04-03,21,0,179,175,-4,91.03,85.19019607843144,77.03,91.49653594771223,87.04156862745101,75.0,11730.0,323.0,0.0,1133.0,3.0,34.0,0.025953752272031963,0.0007146685408240687,0.0,6.63778830486751e-06,0.002506871383138296,7.522826745516513e-05,0.00018921900601465486,0.08856311188325287,18.844,-51.92566080597165,-65.05955555555556,-73.73333333333333,-28.504444444444445,-60.525192918747166,-31.805777777777767,3.0,1.0,3.0,1.0,2.0,1.0,4.0,1.0,2.0,1.0,3.0,1.0,2.0,1.0,4.0,1.0,1.0,2.0,2.0,1.0,1.0,2.0,0.0,10540843824.99,0.0,73000000.0
ABW2020-08-31,Aruba,ABW,106766.0,584.8,41.2,,2020-03-19,2020-04-10,2020-03-13,2020-08-20,2020-04-16,2020-04-12,22,-6,154,34,-126,81.41,57.20692810457518,67.41,53.84457516339867,52.973856209150256,80.47385620915033,175.0,1.0,6.0,92.0,0.0,0.0,0.16390985894385854,0.0009366277653934773,0.005619766592360864,0.0,0.08616975441619991,0.0,0.007554683451036223,0.009811855877616748,22.211267605633804,-43.93333333333333,-53.244444444444454,-36.04444444444445,-22.488888888888887,-59.9888888888889,-47.9,3.0,1.0,3.0,1.0,2.0,1.0,4.0,1.0,0.0,0.0,3.0,1.0,2.0,1.0,4.0,2.0,0.0,2.0,2.0,1.0,2.0,1.0,0.0,0.0,0.56,0.0
AUS2020-08-31,Australia,AUS,25499881.0,3.202,37.9,,2020-01-25,2020-08-03,2020-01-25,2020-07-31,2020-08-18,2020-02-24,191,0,188,206,18,81.73,71.28176470588234,67.73,68.20124183006544,70.60228758169946,75.0,721.0,25.0,0.0,22.0,0.0,0.0,0.0028274641752249747,9.803967320474946e-05,0.0,0.0,8.627491242017954e-05,0.0,0.0,0.0,7.853035143769968,-13.7,-18.239682539682537,-14.788888888888893,0.8841269841269841,-25.447619047619053,-10.907936507936508,3.0,0.0,3.0,1.0,2.0,1.0,4.0,1.0,1.0,0.0,3.0,1.0,2.0,0.0,4.0,1.0,1.0,2.0,2.0,1.0,3.0,2.0,7473254.0,193153104941.23,192049425.0,1860463470.83
AUT2020-08-31,Austria,AUT,9006400.0,106.749,44.4,,2020-02-25,2020-03-30,2020-02-26,2020-03-27,2020-04-23,2020-03-27,34,1,31,57,27,85.26,62.66816993464053,71.26,50.26039215686271,58.156535947712364,87.5,1141.0,31.0,1141.0,7029.0,18.0,52.0,0.012668768875466335,0.00034419968022739384,0.012668768875466335,0.00019985787884171252,0.07804450168768877,0.0005773672055427253,0.000137178436552645,0.012526069868082941,13.110862262038074,-31.129753212654037,-49.52444444444443,-7.187082405345214,-17.827272727272728,-45.02552204176335,-36.084444444444436,3.0,1.0,3.0,1.0,2.0,1.0,4.0,1.0,1.0,1.0,2.0,1.0,2.0,1.0,3.0,2.0,0.0,2.0,2.0,1.0,3.0,2.0,1085695.0,59374313622.0,0.0,0.0
AZE2020-08-31,Azerbaijan,AZE,10139175.0,119.309,32.4,,2020-02-28,2020-06-21,2020-02-29,2020-06-25,2020-07-22,2020-03-30,114,1,118,144,27,87.18,81.10490196078422,73.18,88.03215686274505,87.17640522875826,47.7124183006536,590.0,13.0,27.0,209.0,0.0,4.0,0.005819013874402996,0.0001282155599444728,0.0002662938552692897,0.0,0.002061311694491909,3.9450941521376254e-05,0.0,0.0,,,,,,,,3.0,1.0,3.0,1.0,2.0,1.0,4.0,1.0,2.0,1.0,3.0,1.0,2.0,1.0,4.0,2.0,1.0,0.0,2.0,1.0,2.0,2.0,0.0,600224995.9,10000000.0,0.0
BHR2020-08-31,Bahrain,BHR,1701583.0,1935.907,32.4,,2020-02-09,2020-04-01,2020-02-24,2020-06-13,2020-06-27,2020-03-25,52,15,125,124,14,83.33,79.4947058823531,69.33,73.15843137254912,78.04307189542492,87.5,1046.0,7.0,51.0,390.0,1.0,3.0,0.06147217032610223,0.0004113816369815637,0.0029972090694371065,5.876880528308053e-05,0.022919834060401403,0.00017630641584924156,0.0,0.0,11.388235294117651,-22.251764705882355,-30.058823529411764,-30.317647058823532,-10.847058823529412,-25.65882352941177,-14.376470588235295,3.0,1.0,3.0,1.0,2.0,1.0,4.0,1.0,1.0,1.0,1.0,1.0,1.0,1.0,3.0,2.0,0.0,2.0,2.0,1.0,3.0,2.0,0.0,12378572650.83,0.0,468500000.0
BGD2020-08-31,Bangladesh,BGD,164689383.0,1265.036,27.5,3523.9840000000013,2020-03-04,2020-04-13,2020-03-09,2020-07-03,2020-07-01,2020-04-08,40,5,121,114,-2,85.26,73.92751633986961,71.26,81.68973856209163,77.44411764705866,54.57516339869281,4019.0,64.0,41.0,164.0,5.0,17.0,0.00244035160420754,3.886103574751993e-05,2.4895351025754956e-05,3.036018417774994e-06,9.95814041030198e-05,1.0322462620434979e-05,2.02507633068594e-05,0.03859807892702338,17.233333333333334,-39.16444444444445,-52.511111111111106,-24.25555555555556,-33.78888888888889,-49.05555555555557,-36.21111111111111,3.0,1.0,3.0,1.0,2.0,1.0,4.0,1.0,2.0,1.0,2.0,1.0,2.0,1.0,3.0,1.0,1.0,2.0,2.0,1.0,2.0,1.0,0.0,9250857500.0,1500000.0,129870307.0
BRB2020-08-31,Barbados,BRB,287371.0,664.4630000000002,39.8,,2020-03-18,2020-04-19,2020-03-18,2020-08-02,2020-04-06,2020-04-17,32,0,137,19,-118,80.13,66.00869281045762,66.13,68.53078431372548,70.86679738562087,39.29738562091503,12.0,1.0,0.0,75.0,0.0,5.0,0.0041757867008153215,0.00034798222506794355,0.0,0.0,0.026098666880095763,0.0017399111253397178,0.0,0.0,20.814285714285713,-52.10202528987453,-55.55882352941178,-45.99290780141844,-37.842767295597476,-67.20370370370371,-53.91192411924119,3.0,1.0,3.0,1.0,2.0,1.0,4.0,1.0,1.0,1.0,3.0,1.0,2.0,1.0,2.0,1.0,0.0,2.0,2.0,1.0,2.0,2.0,0.0,1010000000.0,15000.0,0.0
BLR2020-08-31,Belarus,BLR,9449321.0,46.858,40.3,,2020-04-09,2020-04-20,2020-02-28,2020-04-30,2020-07-26,2020-03-29,11,-41,21,149,87,25.0,22.989019607843126,11.0,12.944117647058794,27.170261437908497,0.0,973.0,11.0,0.0,94.0,0.0,0.0,0.010297036157412792,0.00011641048071073042,0.0,0.0,0.0009947804715280599,0.0,0.0,0.0,2.3,-2.0377777777777784,-14.044444444444444,39.03333333333333,0.8222222222222222,-15.566666666666665,-20.433333333333334,3.0,1.0,0.0,0.0,0.0,0.0,0.0,0.0,0.0,0.0,0.0,0.0,0.0,0.0,3.0,0.0,0.0,0.0,1.0,1.0,3.0,2.0,0.0,0.0,0.0,0.0
BEL2020-08-31,Belgium,BEL,11589616.0,375.564,41.8,,2020-02-26,2020-05-04,2020-02-04,2020-04-11,2020-04-09,2020-03-05,68,-22,45,65,-2,78.85,67.92418300653614,64.85,64.28784313725482,65.70228758169941,80.1470588235294,2336.0,321.0,53.0,125.0,0.0,0.0,0.020155974106476002,0.002769720756925855,0.0004573059193678203,0.0,0.0010785516966222177,0.0,1.2942620359466613e-07,3.472222222222222e-05,18.45833333333333,-35.69222222222222,-55.37777777777778,-9.111111111111107,-19.06111111111111,-50.16388888888889,-44.74722222222222,2.0,1.0,3.0,1.0,2.0,1.0,4.0,1.0,0.0,0.0,2.0,1.0,2.0,1.0,4.0,2.0,0.0,2.0,2.0,1.0,2.0,2.0,22000000.0,14829780466.0,0.0,1641350000.0
BLZ2020-08-31,Belize,BLZ,397621.0,16.426,25.0,,2020-03-24,2020-05-15,2020-03-24,2020-08-30,2020-08-25,2020-04-23,52,0,159,154,-5,73.08,67.45326797385617,59.08,73.50202614379087,72.25777777777776,41.01307189542485,94.0,4.0,0.0,18.0,0.0,2.0,0.023640602483269244,0.0010059830843944359,0.0,0.0,0.004526923879774962,0.0005029915421972178,0.0,0.0131601084538376,17.269565217391303,-44.021506478737386,-49.69855072463768,-37.37777777777778,-25.16299559471365,-62.19636363636364,-45.671844660194175,3.0,1.0,3.0,1.0,2.0,1.0,4.0,1.0,0.0,0.0,2.0,1.0,2.0,1.0,4.0,1.0,1.0,2.0,2.0,1.0,1.0,2.0,0.0,24901000.0,0.0,0.0
BEN2020-08-31,Benin,BEN,12123198.0,99.11,18.8,,2020-03-17,2020-04-20,2020-03-17,2020-07-18,2020-06-30,2020-04-16,34,0,123,105,-18,61.86,53.6354248366012,47.86,51.59307189542486,56.986013071895286,35.2124183006536,139.0,3.0,0.0,35.0,0.0,1.0,0.0011465621529896648,2.4745945747978383e-05,0.0,0.0,0.0002887027003930811,8.24864858265946e-06,0.00010901688921795498,0.023950052527499693,8.379446640316205,-7.93332854864547,-15.137931034482758,2.359712230215828,-1.7305555555555556,-19.316666666666666,-5.8412017167381975,3.0,1.0,2.0,1.0,2.0,1.0,4.0,1.0,2.0,0.0,0.0,0.0,2.0,0.0,4.0,2.0,1.0,1.0,2.0,1.0,2.0,2.0,0.0,127683025.0,0.0,18746094.0
BTN2020-08-31,Bhutan,BTN,771612.0,21.188,28.6,,2020-03-06,2020-04-17,2020-03-06,2020-08-31,2020-03-06,2020-04-05,42,0,178,0,-178,82.05,77.27294117647097,68.05,76.67444444444433,77.56764705882362,75.65359477124183,29.0,0.0,0.0,5.0,0.0,0.0,0.0037583656034379967,0.0,0.0,0.0,0.0006479940695582754,0.0,0.0,0.0,,,,,,,,3.0,1.0,2.0,1.0,2.0,1.0,4.0,1.0,1.0,1.0,1.0,1.0,2.0,1.0,4.0,2.0,1.0,2.0,2.0,1.0,2.0,2.0,0.0,397281300.0,100000.0,26485420.0
BOL2020-08-31,Bolivia,BOL,11673029.0,10.202,25.4,,2020-03-12,2020-04-07,2020-03-12,2020-08-16,2020-08-16,2020-04-11,26,0,157,157,0,76.92,72.40529411764709,62.92,92.1683660130718,78.32568627451005,39.869281045751634,2687.0,119.0,8.0,276.0,1.0,20.0,0.023018875392154,0.0010194440534671847,6.853405401460067e-05,8.566756751825084e-06,0.002364424863503723,0.00017133513503650167,1.427792791970847e-05,0.014943301198862934,30.32183908045977,-66.40627136697566,-72.35746102449889,-65.31555555555556,-61.8100686498856,-76.21604938271605,-56.33222222222222,3.0,1.0,3.0,1.0,2.0,1.0,4.0,1.0,2.0,1.0,3.0,1.0,2.0,1.0,4.0,1.0,1.0,1.0,2.0,1.0,1.0,0.0,0.0,586500247.0,0.0,124477844.0
BIH2020-08-31,Bosnia and Herzegovina,BIH,3280815.0,68.49600000000001,42.5,,2020-03-06,2020-04-10,2020-03-06,2020-07-31,2020-07-31,2020-04-05,35,0,147,147,0,75.0,55.404117647058705,61.0,67.44627450980401,61.24477124183007,23.284313725490197,678.0,31.0,46.0,632.0,3.0,21.0,0.0206655968105486,0.0009448871698038443,0.0014020906390637689,9.144069385198496e-05,0.019263506171484833,0.0006400848569638948,0.0,0.0,10.133333333333333,-25.608888888888888,-43.17777777777778,0.5444444444444444,-16.42222222222222,-37.13333333333333,-31.855555555555554,3.0,1.0,3.0,1.0,2.0,1.0,4.0,1.0,2.0,1.0,3.0,1.0,2.0,1.0,4.0,1.0,0.0,1.0,2.0,1.0,2.0,0.0,0.0,655165000.0,0.0,16459500.0
BWA2020-08-31,Botswana,BWA,2351625.0,4.044,25.8,,2020-04-01,2020-04-02,2020-04-01,2020-08-25,2020-08-27,2020-05-01,1,0,146,148,2,75.64,61.38967320261445,61.64,65.5260784313724,61.18928104575159,62.5,254.0,3.0,0.0,23.0,0.0,1.0,0.010801041832775207,0.00012757136022962845,0.0,0.0,0.000978047095093818,4.252378674320948e-05,8.701784227218768e-05,0.0024309907098422115,25.65,-28.826783300870023,-38.714285714285715,-8.764084507042254,-22.82198952879581,-45.21671826625387,-28.61683848797251,3.0,1.0,3.0,1.0,2.0,1.0,4.0,1.0,1.0,1.0,3.0,1.0,2.0,1.0,4.0,1.0,0.0,2.0,2.0,1.0,1.0,1.0,0.0,176163091.0,0.0,4650000.0
BRA2020-08-31,Brazil,BRA,212559409.0,25.04,33.5,,2020-03-12,2020-05-25,2020-02-26,2020-07-30,2020-07-30,2020-03-27,74,-15,140,155,0,68.91,65.00274509803913,54.91,75.91666666666694,67.76065359477134,49.83660130718954,69074.0,1595.0,482.0,2915.0,20.0,77.0,0.032496326709301304,0.0007503784506664676,0.00022676013368102657,9.409134177635956e-06,0.0013713813063904409,3.6225166583898436e-05,0.0,0.0,14.508333333333333,-37.30468253968254,-51.224603174603175,-45.41904761904761,-11.886111111111116,-50.64246031746032,-27.35119047619048,3.0,0.0,3.0,0.0,2.0,0.0,4.0,0.0,2.0,0.0,2.0,0.0,2.0,0.0,4.0,1.0,1.0,1.0,2.0,1.0,2.0,1.0,127000000.0,185820699472.27,0.0,6241338943.419999
BRN2020-08-31,Brunei,BRN,437483.0,81.347,32.4,,2020-03-10,2020-04-11,2020-03-10,2020-03-13,2020-03-29,2020-04-09,32,0,3,19,16,51.28,44.66647058823523,37.28,48.77581699346396,50.515424836601326,12.5,14.0,1.0,0.0,135.0,0.0,1.0,0.003200124347688939,0.00022858031054920992,0.0,0.0,0.03085834192414334,0.00022858031054920992,0.0,0.0,,,,,,,,3.0,1.0,1.0,1.0,2.0,1.0,3.0,1.0,0.0,0.0,0.0,0.0,1.0,1.0,4.0,1.0,0.0,0.0,2.0,1.0,2.0,1.0,0.0,314000000.0,0.0,7686929.0
BGR2020-08-31,Bulgaria,BGR,6948445.0,65.18,44.7,,2020-03-08,2020-04-29,2020-03-08,2020-08-27,2020-08-27,2020-04-07,52,0,172,172,0,74.36,52.57673202614377,60.36,47.386797385620916,49.22745098039216,70.9967320261438,365.0,23.0,18.0,549.0,2.0,22.0,0.005252973866814806,0.0003310093121554535,0.00025905076603470267,2.8783418448300304e-05,0.007901048364058433,0.0003166176029313033,0.0,0.0,9.715852989577618,-23.734200234774555,-35.08869272803699,-5.393617021276596,-13.50785123966942,-36.79003558718861,-27.89080459770115,3.0,1.0,1.0,1.0,2.0,1.0,4.0,1.0,0.0,0.0,2.0,1.0,2.0,1.0,4.0,2.0,0.0,2.0,2.0,1.0,1.0,2.0,0.0,5921328915.6,0.0,235030693.26
BFA2020-08-31,Burkina Faso,BFA,20903278.0,70.15100000000001,17.6,,2020-03-12,2020-05-04,2020-03-11,2020-04-06,2020-03-29,2020-04-10,53,-1,25,18,-8,72.44,50.52895424836606,58.44,58.17052287581688,59.71359477124179,0.0,43.0,6.0,29.0,443.0,1.0,24.0,0.00020570936290470804,2.870363203321508e-05,0.0001387342214938729,4.783938672202514e-06,0.0021192848317857127,0.00011481452813286032,0.0,0.0,11.63679245283019,-16.16822371489878,-18.35185185185185,-17.005555555555556,-10.607407407407408,-28.825925925925933,-6.050377833753148,3.0,1.0,2.0,1.0,2.0,1.0,3.0,1.0,2.0,1.0,2.0,1.0,2.0,1.0,4.0,0.0,0.0,0.0,2.0,1.0,1.0,2.0,0.0,0.0,0.0,15234800.0
BDI2020-08-31,Burundi,BDI,11890781.0,423.062,17.5,,2020-04-01,2020-04-14,2020-04-01,2020-06-21,2020-04-15,2020-05-01,13,0,81,14,-67,33.33,26.477777777777792,19.33,26.869346405228754,31.294248366013075,0.0,40.0,1.0,0.0,15.0,0.0,1.0,0.00033639506101407467,8.409876525351869e-06,0.0,0.0,0.000126148147880278,8.409876525351869e-06,0.0,0.0,,,,,,,,0.0,0.0,0.0,0.0,0.0,0.0,0.0,0.0,0.0,0.0,3.0,1.0,0.0,0.0,4.0,0.0,0.0,0.0,2.0,1.0,2.0,2.0,0.0,0.0,0.0,0.0
KHM2020-08-31,Cambodia,KHM,16718971.0,90.672,25.6,,2020-03-13,2020-04-09,2020-01-28,2020-03-23,2020-01-01,2020-02-27,27,-45,10,-27,-82,53.85,43.59588235294136,39.85,48.10705882352947,46.9359477124184,25.245098039215694,35.0,0.0,0.0,1.0,0.0,0.0,0.0002093430271516112,0.0,0.0,0.0,5.981229347188892e-06,0.0,0.0,0.0,10.337228714524207,-23.160104164696175,-23.83627906976745,-16.62748344370861,-16.551362683438153,-41.254927726675426,-17.530467899891185,3.0,1.0,2.0,1.0,2.0,1.0,4.0,1.0,0.0,0.0,0.0,0.0,2.0,1.0,3.0,2.0,0.0,0.0,2.0,1.0,1.0,1.0,0.0,501000000.0,0.0,0.0
CMR2020-08-31,Cameroon,CMR,26545864.0,50.885,18.8,,2020-03-18,2020-04-18,2020-03-07,2020-07-06,2020-06-13,2020-04-06,31,-11,110,98,-23,58.33,55.28006535947704,44.33,62.59137254901948,61.617777777777995,20.424836601307188,1119.0,59.0,95.0,650.0,0.0,9.0,0.004215345938636618,0.00022225684573687265,0.00035787119228818467,0.0,0.00244859236828758,3.390358663782803e-05,0.0005294431673344471,0.18616642300194933,9.480825958702065,-14.576934221007356,-19.66216216216216,-19.053627760252365,-9.502912621359224,-18.117449664429525,-6.548518896833505,3.0,1.0,2.0,1.0,2.0,1.0,3.0,1.0,1.0,1.0,0.0,0.0,1.0,1.0,4.0,1.0,0.0,1.0,2.0,1.0,2.0,1.0,0.0,0.0,0.0,1670000.0
CAN2020-08-31,Canada,CAN,37742157.0,4.037,41.4,,2020-03-11,2020-04-01,2020-01-26,2020-05-04,2020-06-01,2020-02-25,21,-45,54,127,28,74.68,71.89444444444429,60.68000000000001,69.35052287581686,71.3295424836602,75.0,2760.0,222.0,2.0,11.0,0.0,0.0,0.00731277759244126,0.0005882016759137535,5.299114197421202e-06,0.0,2.9145128085816608e-05,0.0,0.0,0.0,15.445482866043616,-21.66971928105649,-36.04826958105647,30.545964125560538,-10.596928982725528,-52.20803295571576,-40.04132901134522,3.0,1.0,3.0,1.0,2.0,0.0,4.0,1.0,0.0,0.0,1.0,1.0,2.0,0.0,4.0,2.0,1.0,1.0,2.0,1.0,3.0,2.0,600000000.0,55927067709.35,30000000.0,573040423.6800001
CPV2020-08-31,Cape Verde,CPV,555988.0,135.58,25.7,,2020-03-21,2020-05-18,2020-03-21,2020-07-13,2020-07-01,2020-04-20,58,0,114,102,-12,81.73,77.40013071895397,67.73,76.64091503267974,77.8363398692809,75.0,107.0,3.0,3.0,61.0,0.0,1.0,0.01924501967668367,0.0005395799909350561,0.0005395799909350561,0.0,0.010971459815679476,0.00017985999697835205,0.004843449858630043,0.05338225600461418,20.845070422535212,-53.586988044518826,-56.60797342192691,-55.691176470588225,-35.523012552301246,-75.21,-44.90277777777778,3.0,1.0,3.0,1.0,2.0,1.0,4.0,1.0,1.0,1.0,2.0,1.0,2.0,1.0,4.0,1.0,1.0,2.0,2.0,1.0,3.0,2.0,0.0,258392.25,0.0,4311831.77
CAF2020-08-31,Central African Republic,CAF,4829764.0,7.479,18.3,,2020-03-26,2020-05-08,2020-03-16,2020-06-09,2020-06-23,2020-04-15,43,-10,75,99,14,62.82,54.51313725490197,48.82,64.8572549019607,59.87980392156866,25.0,216.0,7.0,0.0,11.0,0.0,0.0,0.004472268210206544,0.00014493461792336023,0.0,0.0,0.00022775439959385176,0.0,0.0,0.0,,,,,,,,3.0,1.0,2.0,1.0,2.0,1.0,3.0,1.0,0.0,0.0,2.0,1.0,2.0,0.0,4.0,1.0,1.0,0.0,2.0,1.0,1.0,1.0,0.0,111699760.0,0.0,0.0
TCD2020-08-31,Chad,TCD,16425859.0,11.833,16.7,,2020-03-20,2020-04-13,2020-03-20,2020-05-08,2020-05-08,2020-04-19,24,0,49,49,0,75.64,64.13928104575153,61.64,70.78549019607833,66.71019607843137,50.0,83.0,10.0,0.0,33.0,0.0,0.0,0.0005053008186664699,6.087961670680359e-05,0.0,0.0,0.00020090273513245183,0.0,3.4924606784136323e-06,0.0018642601862151362,,,,,,,,3.0,1.0,3.0,1.0,2.0,1.0,3.0,1.0,2.0,1.0,2.0,0.0,2.0,1.0,4.0,0.0,0.0,2.0,2.0,1.0,1.0,2.0,0.0,24000000.0,0.0,0.0
CHL2020-08-31,Chile,CHL,19116209.0,24.282,35.4,,2020-03-15,2020-07-03,2020-03-04,2020-06-18,2020-07-18,2020-04-03,110,-11,95,136,30,86.22,77.60065359477122,72.22,80.18967320261423,80.76156862745087,60.2124183006536,36179.0,1057.0,373.0,3404.0,2.0,18.0,0.18925823629570068,0.005529339002309506,0.0019512236971253034,1.046232545375498e-05,0.017806877922290968,9.41609290837948e-05,0.0,0.0,21.244982698961934,-51.69464052287582,-60.14248366013072,-62.59934640522876,-39.378431372549024,-60.18366013071896,-36.16928104575163,3.0,1.0,3.0,1.0,2.0,1.0,4.0,1.0,2.0,1.0,3.0,1.0,2.0,1.0,4.0,2.0,1.0,2.0,2.0,1.0,2.0,2.0,3435342491.0,15540000000.0,12000000000.0,1763135132.0
CHN2020-08-31,China,CHN,1439323774.0,147.674,38.7,,2020-01-15,2020-05-21,2020-01-03,2020-02-13,2020-04-17,2020-02-02,127,-12,29,105,64,77.88,72.3137254901959,63.88,75.89483660130722,80.2822875816991,28.513071895424837,15141.0,1290.0,2590.0,14399.0,45.0,304.0,0.001051952331609302,8.962542155577569e-05,0.00017994561382128605,3.1264681938061286e-06,0.0010004003449469877,2.112102957593473e-05,0.0,0.0,,,,,,,,3.0,1.0,3.0,1.0,2.0,0.0,4.0,0.0,2.0,0.0,3.0,0.0,2.0,0.0,3.0,1.0,0.0,1.0,2.0,1.0,3.0,2.0,0.0,2136811873486.0,331340028.0,20806657195.0
COL2020-08-31,Colombia,COL,50882884.0,44.223,32.2,13254.948999999999,2020-03-09,2020-04-27,2020-03-07,2020-08-20,2020-08-23,2020-04-06,49,-2,164,169,3,87.18,84.49751633986952,73.18,87.15411764705914,86.39509803921581,74.01960784313725,13056.0,400.0,79.0,1485.0,3.0,35.0,0.025658922949414582,0.0007861189629109858,0.00015525849517491973,5.895892221832396e-06,0.002918466649807035,6.878540925471127e-05,0.0,0.0,22.396500213401623,-54.65943460546902,-64.51983218916857,-55.784497740702115,-44.934600760456284,-64.8840830449827,-43.1741592920354,3.0,1.0,3.0,1.0,2.0,1.0,4.0,1.0,1.0,1.0,2.0,1.0,2.0,1.0,4.0,1.0,1.0,2.0,2.0,1.0,2.0,2.0,0.0,25070518088.0,0.0,6152881698.0
COG2020-08-31,Congo,COG,5518092.0,15.405,19.0,,2020-03-19,2020-03-31,2020-03-16,2020-07-18,2020-08-17,2020-04-15,12,-3,121,154,30,85.26,72.7302614379085,71.26,79.12758169934641,72.31424836601296,75.0,275.0,16.0,4.0,74.0,0.0,5.0,0.0049836066524443605,0.00028995529614221735,7.248882403555434e-05,0.0,0.0013410432446577547,9.061103004444289e-05,0.0002899083126451572,0.02003492713562158,,,,,,,,3.0,1.0,3.0,1.0,2.0,1.0,3.0,1.0,2.0,1.0,3.0,1.0,2.0,1.0,4.0,1.0,1.0,2.0,2.0,1.0,1.0,1.0,0.0,6802650000.0,0.0,523161.0
CRI2020-08-31,Costa Rica,CRI,5094114.0,96.079,33.6,,2020-03-07,2020-04-27,2020-03-07,2020-08-30,2020-08-08,2020-04-06,51,0,176,154,-22,74.36,66.30222222222226,60.36,72.09477124183003,69.50222222222237,48.692810457516345,1214.0,18.0,19.0,454.0,0.0,2.0,0.02383142583774136,0.0003533489827671701,0.0003729794818097907,0.0,0.008912246565349734,3.926099808524112e-05,0.0,0.0,17.511111111111113,-40.77333333333333,-46.18888888888889,-50.27777777777778,-25.7,-49.34444444444443,-32.355555555555554,3.0,1.0,3.0,1.0,2.0,1.0,3.0,1.0,2.0,1.0,1.0,1.0,2.0,1.0,4.0,1.0,1.0,1.0,2.0,1.0,1.0,2.0,0.0,539252961.0,0.0,0.0
CIV2020-08-31,Cote d'Ivoire,CIV,26378275.0,76.399,18.7,,2020-03-16,2020-03-31,2020-03-12,2020-06-22,2020-06-13,2020-04-11,15,-4,98,93,-9,68.59,57.649411764705896,54.59,58.36215686274507,59.752745098039156,46.07843137254902,618.0,4.0,36.0,480.0,0.0,3.0,0.002342837050565285,1.5163993854791488e-05,0.00013647594469312342,0.0,0.001819679262574979,1.1372995391093615e-05,8.765954909135234e-06,0.0028993312757201652,,,,,,,,3.0,1.0,2.0,1.0,2.0,1.0,3.0,1.0,1.0,1.0,1.0,1.0,2.0,1.0,4.0,1.0,1.0,2.0,2.0,1.0,2.0,2.0,0.0,401452541.1,1600000.0,79733825.0
HRV2020-08-31,Croatia,HRV,4105268.0,73.726,44.0,,2020-02-03,2020-04-02,2020-02-26,2020-08-27,2020-04-20,2020-03-27,59,23,206,54,-129,92.95,64.30294117647064,78.95,52.329999999999856,59.374705882352934,91.42156862745098,358.0,8.0,77.0,495.0,1.0,2.0,0.00872050253479188,0.00019487156502328234,0.0018756388133490923,2.4358945627910292e-05,0.012057678085815593,4.8717891255820584e-05,1.5927002910556726e-05,0.001028500074628457,10.269509251810137,-25.255938919427862,-37.209467455621294,-1.2943770672546857,-17.481166464155525,-40.543245175125094,-29.751438434982727,3.0,1.0,3.0,1.0,2.0,1.0,4.0,1.0,2.0,1.0,2.0,1.0,2.0,1.0,4.0,2.0,1.0,2.0,2.0,1.0,3.0,2.0,3292815.0,5424083935.0,0.0,1275773800.0
CUB2020-08-31,Cuba,CUB,11326616.0,110.408,43.1,,2020-03-12,2020-05-11,2020-03-12,2020-08-11,2020-04-25,2020-04-11,60,0,152,44,-108,87.18,72.98771241830076,73.18,78.88986928104566,77.3631372549021,48.937908496732035,93.0,6.0,49.0,564.0,0.0,15.0,0.0008210748912119912,5.297257362658008e-05,0.0004326093512837374,0.0,0.004979421920898528,0.0001324314340664502,0.0,0.0,,,,,,,,3.0,1.0,3.0,1.0,2.0,1.0,4.0,1.0,2.0,1.0,3.0,1.0,2.0,1.0,4.0,1.0,0.0,2.0,2.0,1.0,3.0,2.0,0.0,0.0,0.0,0.0
CYP2020-08-31,Cyprus,CYP,875899.0,127.657,37.3,,2020-03-10,2020-04-16,2020-03-10,2020-04-02,2020-03-25,2020-04-09,37,0,23,15,-8,96.15,76.8795424836598,82.15,67.63254901960781,72.67784313725481,100.0,58.0,3.0,32.0,526.0,0.0,9.0,0.0066217680348990005,0.0003425052431844311,0.003653389260633932,0.0,0.06005258597167025,0.001027515729553293,0.004441493825201308,0.04565746662958843,,,,,,,,3.0,1.0,3.0,1.0,2.0,1.0,4.0,1.0,2.0,1.0,2.0,1.0,2.0,1.0,4.0,2.0,1.0,2.0,2.0,1.0,3.0,2.0,0.0,2243481267.0,0.0,109760500.0
CZE2020-08-31,Czech Republic,CZE,10708982.0,137.17600000000002,43.3,,2020-03-01,2020-03-31,2020-03-02,2020-08-22,2020-04-15,2020-04-01,30,1,174,44,-129,85.26,57.49405228758162,71.26,46.88104575163389,53.50771241830057,79.41176470588233,506.0,18.0,306.0,3308.0,7.0,31.0,0.004725005607442425,0.00016808320342680564,0.002857414458255696,6.536569022153553e-05,0.030889957607548507,0.00028947662812394304,0.0,0.383963225236737,,,,,,,,3.0,1.0,3.0,1.0,2.0,1.0,4.0,1.0,0.0,0.0,2.0,1.0,2.0,0.0,4.0,2.0,1.0,2.0,2.0,1.0,2.0,2.0,0.0,4304428050.41,1270912.86,121599401.65
COD2020-08-31,Democratic Republic of Congo,COD,89561404.0,35.879,17.0,,2020-03-11,2020-04-15,2020-03-11,2020-06-26,2020-05-16,2020-04-10,35,0,107,66,-41,69.87,63.34274509803911,55.87000000000001,71.63915032679752,66.18300653594747,47.7124183006536,384.0,10.0,32.0,215.0,0.0,20.0,0.0004287561190979097,1.1165523934841395e-05,3.5729676591492464e-05,0.0,0.00024005876459908999,2.2331047869682793e-05,0.0,0.0,,,,,,,,3.0,1.0,2.0,0.0,2.0,1.0,3.0,1.0,2.0,0.0,2.0,1.0,2.0,1.0,4.0,0.0,0.0,2.0,2.0,1.0,1.0,1.0,0.0,363270000.0,0.0,65500000.0
DNK2020-08-31,Denmark,DNK,5792203.0,136.52,42.3,,2020-03-03,2020-05-12,2020-02-27,2020-04-08,2020-04-05,2020-03-28,70,-5,36,38,-3,74.36,70.19150326797393,60.36,63.20457516339853,68.05281045751617,81.94444444444444,390.0,22.0,169.0,2046.0,11.0,52.0,0.006733189427235199,0.00037982094204916514,0.002917715418468586,0.0001899104710245825,0.035323347610572355,0.0008977585902980265,0.00014983590872074063,0.010579854579795638,10.511111111111113,0.09689204974919224,-19.766666666666666,95.60853432282005,-5.644444444444447,-37.3537037037037,-32.35925925925926,3.0,1.0,2.0,1.0,1.0,1.0,4.0,1.0,1.0,1.0,1.0,1.0,1.0,1.0,4.0,2.0,0.0,2.0,2.0,1.0,3.0,2.0,0.0,46415986242.17,95666655.0,95717352.0
DJI2020-08-31,Djibouti,DJI,988002.0,41.285,25.4,,2020-03-19,2020-04-30,2020-03-19,2020-05-21,2020-05-26,2020-04-18,42,0,63,68,5,88.46,60.36019607843154,74.46,62.50333333333357,68.17124183006554,17.401960784313722,310.0,4.0,141.0,732.0,0.0,2.0,0.03137645470353299,0.0004048574800455869,0.014271226171606937,0.0,0.07408891884834241,0.00020242874002279347,0.0,0.0,,,,,,,,3.0,1.0,3.0,1.0,2.0,1.0,4.0,1.0,2.0,1.0,3.0,1.0,2.0,1.0,4.0,1.0,1.0,1.0,2.0,1.0,3.0,2.0,0.0,5650000.0,0.0,5000000.0
DOM2020-08-31,Dominican Republic,DOM,10847904.0,222.873,27.6,,2020-03-16,2020-04-28,2020-03-02,2020-07-27,2020-04-13,2020-04-01,43,-14,133,42,-105,80.13,70.4748366013071,66.13,83.27705882352956,78.74352941176467,25.0,2012.0,38.0,208.0,1109.0,9.0,51.0,0.018547361776062917,0.00035029808523379265,0.0019174210981218122,8.296533597642457e-05,0.010223173066428316,0.00047013690386640583,0.0,0.0,23.704712041884818,-52.6766822044081,-55.40100755667506,-52.06304347826087,-38.5925925925926,-70.89667565139263,-46.430091743119256,3.0,1.0,3.0,1.0,2.0,1.0,3.0,1.0,2.0,1.0,3.0,1.0,2.0,1.0,4.0,1.0,1.0,0.0,2.0,1.0,2.0,1.0,0.0,580000000.0,0.0,256881995.41
ECU2020-08-31,Ecuador,ECU,17643060.0,66.939,28.1,,2020-03-13,2020-04-01,2020-03-01,2020-04-27,2020-05-11,2020-03-31,19,-12,45,71,14,87.82,80.90346405228733,73.82,83.52699346405205,81.97745098039212,75.0,11536.0,410.0,76.0,1966.0,4.0,62.0,0.06538548301711834,0.002323859919991203,0.0004307642778520279,2.2671804097475155e-05,0.011143191713909038,0.0003514129635108649,1.3691250585530829e-05,0.0035736536329931583,29.145069274653626,-62.29094441051138,-64.80323193916351,-60.29155555555555,-53.67159931701765,-74.58744635193132,-58.1008888888889,3.0,1.0,3.0,1.0,2.0,1.0,4.0,1.0,2.0,1.0,2.0,1.0,2.0,1.0,4.0,1.0,1.0,2.0,2.0,1.0,3.0,1.0,0.0,434114000.0,0.0,464000000.0
EGY2020-08-31,Egypt,EGY,102334403.0,97.999,25.3,,2020-03-15,2020-05-31,2020-02-15,2020-06-20,2020-06-16,2020-03-16,77,-29,97,122,-4,82.69,71.753071895425,68.69,71.94627450980401,72.94300653594776,65.19607843137257,1774.0,97.0,17.0,110.0,0.0,2.0,0.0017335323683864165,9.478728282608929e-05,1.6612204206634207e-05,0.0,0.00010749073310175072,1.9543769654863774e-06,0.0,0.0,12.747083527764811,-30.61204733014009,-48.61625947767481,-31.612294288480157,0.30470085470085473,-47.426463104325705,-25.70992063492064,3.0,1.0,2.0,1.0,2.0,1.0,1.0,1.0,2.0,1.0,2.0,1.0,2.0,1.0,4.0,1.0,1.0,2.0,2.0,1.0,2.0,2.0,0.0,16923761778.5,0.0,594980000.0
SLV2020-08-31,El Salvador,SLV,6486201.0,307.811,27.6,7292.4580000000005,2020-03-19,2020-05-15,2020-03-19,2020-08-22,2020-08-06,2020-04-18,57,0,156,140,-16,92.31,84.83098039215693,78.31,92.58450980392135,87.62490196078461,69.44444444444444,456.0,27.0,13.0,177.0,1.0,7.0,0.007030309421493413,0.00041626832100947846,0.0002004254878934526,1.5417345222573274e-05,0.0027288701043954697,0.00010792141655801291,0.0,0.0,30.070103092783505,-60.0064911601669,-68.70242537313433,-59.30666666666666,-51.49405548216645,-67.81004901960785,-52.71925925925926,3.0,1.0,3.0,1.0,2.0,1.0,4.0,1.0,2.0,1.0,3.0,1.0,2.0,1.0,4.0,1.0,1.0,2.0,2.0,1.0,3.0,1.0,0.0,1778000000.0,0.0,178800000.0
ERI2020-08-31,Eritrea,ERI,3546427.0,44.304,19.3,,2020-03-22,2020-04-01,2020-03-22,2020-06-15,2020-03-22,2020-04-21,10,0,85,0,-85,75.0,75.0,61.0,93.52000000000031,84.09000000000009,25.0,31.0,0.0,0.0,39.0,0.0,0.0,0.0008741192191464817,0.0,0.0,0.0,0.0010996983724746061,0.0,0.0,0.4526981368186874,,,,,,,,3.0,1.0,3.0,1.0,2.0,1.0,4.0,1.0,2.0,1.0,2.0,1.0,2.0,1.0,3.0,0.0,0.0,1.0,2.0,1.0,1.0,1.0,0.0,540985.53,0.0,0.0
EST2020-08-31,Estonia,EST,1326539.0,31.033,42.7,,2020-03-12,2020-04-27,2020-02-28,2020-03-27,2020-04-03,2020-03-29,46,-13,15,35,7,64.74,41.61228758169931,50.74,42.70006535947708,40.85967320261438,45.7516339869281,134.0,6.0,65.0,640.0,0.0,1.0,0.010101474589137596,0.00045230483234944474,0.004899969017118985,0.0,0.04824584878394077,7.538413872490745e-05,0.0004716829903628474,0.007475149782135078,11.413612565445025,-15.331688824228547,-34.10960757780785,27.584415584415584,-9.773778920308484,-25.98425196850393,-34.37522123893805,3.0,1.0,3.0,1.0,2.0,1.0,4.0,1.0,0.0,0.0,2.0,0.0,2.0,0.0,3.0,0.0,0.0,2.0,2.0,1.0,2.0,0.0,0.0,3016730537.0,331000.0,325949.0
ETH2020-08-31,Ethiopia,ETH,114963583.0,104.957,19.8,1729.9270000000001,2020-03-16,2020-08-12,2020-03-14,2020-08-22,2020-08-04,2020-04-13,149,-2,159,143,-18,73.08,66.32156862745093,59.08,78.02862745098065,72.372745098039,33.00653594771242,1829.0,52.0,2.0,71.0,0.0,3.0,0.0015909385844385172,4.523171481181132e-05,1.73968133891582e-06,0.0,6.175868753151161e-05,2.60952200837373e-06,3.9267093078385654e-07,0.0015383699243852504,,,,,,,,3.0,1.0,2.0,1.0,2.0,1.0,4.0,1.0,2.0,0.0,1.0,1.0,2.0,1.0,3.0,0.0,0.0,2.0,2.0,1.0,3.0,2.0,0.0,1400000000.0,0.0,163025270.0
FJI2020-08-31,Fiji,FJI,896444.0,49.562,28.6,,2020-03-11,2020-04-17,2020-03-20,2020-04-04,2020-08-01,2020-04-19,37,9,24,134,119,88.46,74.59823529411774,74.46,69.25150326797382,74.52692810457519,75.0,5.0,1.0,0.0,17.0,0.0,0.0,0.0005577593246203892,0.00011155186492407781,0.0,0.0,0.0018963817037093227,0.0,0.0018611141525679412,0.019899612479382215,13.411111111111113,-20.693333333333328,-24.75555555555556,-13.766666666666667,-14.288888888888893,-34.2,-16.455555555555556,3.0,1.0,3.0,1.0,2.0,1.0,3.0,1.0,2.0,0.0,2.0,1.0,2.0,1.0,4.0,1.0,1.0,2.0,2.0,1.0,3.0,2.0,0.0,400000000.0,0.0,40000000.0
FIN2020-08-31,Finland,FIN,5540718.0,18.136,42.8,,2020-02-27,2020-03-28,2020-01-30,2020-04-05,2020-04-22,2020-02-29,30,-28,38,83,17,55.77,48.27215686274511,41.77,44.85718954248368,45.34751633986931,64.37908496732027,267.0,43.0,1.0,3.0,0.0,0.0,0.004818870045362352,0.0007760727039347608,1.804820241708746e-05,0.0,5.414460725126238e-05,0.0,0.0,0.0,9.172990353697749,-11.595436781160322,-31.16382853787434,50.01717557251909,-6.532748538011696,-39.952168367346935,-30.34561403508772,2.0,1.0,2.0,1.0,2.0,1.0,2.0,1.0,0.0,0.0,1.0,1.0,2.0,1.0,4.0,2.0,1.0,1.0,2.0,1.0,2.0,1.0,5543828.0,441536507.0,6011700.0,112986734.87
FRA2020-08-31,France,FRA,65273512.0,122.578,42.0,,2020-02-25,2020-03-17,2020-01-25,2020-04-01,2020-04-04,2020-02-24,21,-31,36,70,3,82.69,68.66176470588225,68.69,64.41450980392182,65.87679738562099,83.98692810457516,7578.0,2004.0,0.0,12.0,0.0,1.0,0.011609609729594449,0.003070158075759736,0.0,0.0,1.8384180094369673e-05,1.5320150078641394e-06,0.0,0.0,19.397926634768734,-44.345396825396826,-58.63333333333333,-34.580952380952375,-26.225396825396825,-57.05396825396826,-45.23333333333333,3.0,1.0,3.0,1.0,2.0,1.0,4.0,1.0,1.0,1.0,2.0,1.0,2.0,1.0,3.0,2.0,1.0,2.0,2.0,1.0,2.0,2.0,544911500.0,770061666669.0,1311754455.0,4410516970.91
GAB2020-08-31,Gabon,GAB,2225728.0,7.859,23.1,,2020-03-13,2020-04-24,2020-03-13,2020-06-16,2020-06-23,2020-04-12,42,0,95,102,7,85.26,77.87790849673195,71.26,72.07222222222235,76.69392156862739,84.39542483660131,570.0,5.0,3.0,49.0,0.0,1.0,0.025609598297725505,0.0002246455991028553,0.0001347873594617132,0.0,0.0022015268712079826,4.492911982057106e-05,0.0,0.0,19.994444444444444,-26.95300071789506,-31.93333333333333,-18.80208333333333,-21.156133828996282,-41.93333333333333,-20.940119760479046,3.0,1.0,3.0,1.0,2.0,1.0,4.0,1.0,1.0,1.0,2.0,1.0,2.0,1.0,4.0,2.0,0.0,2.0,2.0,1.0,3.0,2.0,0.0,415000000.0,0.0,2000000.0
GMB2020-08-31,Gambia,GMB,2416664.0,207.566,17.5,,2020-03-18,2020-08-06,2020-03-18,2020-08-20,2020-08-20,2020-04-17,141,0,155,155,0,66.67,60.49052287581704,52.67,71.36130718954256,71.49058823529434,0.0,416.0,14.0,0.0,9.0,0.0,1.0,0.017213812097999555,0.0005793109840672928,0.0,0.0,0.0003724142040432596,4.1379356004806626e-05,0.003633617802612748,0.20513677233963665,,,,,,,,3.0,1.0,3.0,1.0,2.0,1.0,4.0,1.0,1.0,1.0,3.0,1.0,1.0,1.0,4.0,0.0,0.0,0.0,2.0,1.0,2.0,2.0,0.0,30526516.0,0.0,9826500.0
GEO2020-08-31,Georgia,GEO,3989175.0,65.032,38.7,,2020-02-26,2020-04-24,2020-02-27,2020-05-02,2020-04-06,2020-03-28,58,1,66,39,-26,87.82,68.79254901960806,73.82,73.76647058823545,75.50477124182994,31.862745098039216,43.0,2.0,2.0,81.0,0.0,0.0,0.0010779171131875638,5.01356796831425e-05,5.01356796831425e-05,0.0,0.0020304950271672717,0.0,0.0,0.0,14.426829268292684,-35.85365853658537,-49.5,-17.170731707317074,-26.792682926829272,-43.487804878048784,-42.31707317073171,3.0,1.0,3.0,1.0,2.0,1.0,4.0,1.0,2.0,1.0,3.0,1.0,2.0,1.0,4.0,1.0,0.0,1.0,2.0,1.0,2.0,2.0,0.0,2024190204.0,0.0,374962231.0
DEU2020-08-31,Germany,DEU,83783945.0,237.016,46.6,,2020-01-27,2020-04-29,2020-01-28,2020-03-28,2020-04-16,2020-02-27,93,1,61,79,19,74.36,64.4227450980392,60.36,63.27307189542493,66.61516339869286,52.36928104575163,6294.0,315.0,4.0,21.0,0.0,0.0,0.007512179093500552,0.00037596701850217245,4.774184361932349e-06,0.0,2.5064467900144837e-05,0.0,0.0,0.0,8.543300653594773,-13.168491864831035,-30.35294117647059,23.419117647058826,-5.585106382978723,-30.201797385620914,-23.12173202614379,3.0,1.0,2.0,1.0,2.0,1.0,4.0,1.0,0.0,0.0,2.0,1.0,2.0,1.0,4.0,2.0,0.0,1.0,2.0,1.0,3.0,2.0,812000000.0,96442949672.71,3763000000.0,66151993311.01
GHA2020-08-31,Ghana,GHA,31072945.0,126.719,21.1,4227.63,2020-03-15,2020-04-09,2020-03-13,2020-08-02,2020-06-21,2020-04-12,25,-2,140,100,-42,82.69,60.94359477124193,68.69,59.63581699346396,66.9718300653596,27.777777777777786,1513.0,15.0,30.0,408.0,2.0,8.0,0.0048691876486120006,4.8273506099920676e-05,9.654701219984135e-05,6.436467479989425e-06,0.0013130393659178427,2.57458699199577e-05,0.0,0.0,16.22222222222222,-23.38444444444445,-28.4,-20.877777777777773,-16.72222222222222,-31.566666666666666,-19.355555555555554,3.0,1.0,3.0,1.0,2.0,1.0,3.0,1.0,2.0,1.0,2.0,1.0,2.0,0.0,4.0,0.0,0.0,2.0,2.0,1.0,3.0,2.0,0.0,210000000.0,0.0,100000000.0
GRC2020-08-31,Greece,GRC,10423056.0,83.479,45.3,,2020-03-05,2020-04-08,2020-02-27,2020-08-27,2020-04-05,2020-03-28,34,-7,175,38,-144,71.15,63.023856209150296,57.15000000000001,61.64816993464057,63.19326797385625,62.09150326797386,293.0,9.0,74.0,966.0,2.0,28.0,0.002811075753598561,8.634703679995579e-05,0.0007099645247996366,1.9188230399990177e-05,0.009267915283195257,0.00026863522559986245,0.0,0.0,13.922222222222222,-26.21613467779323,-51.356944444444466,0.9680555555555556,-1.0848400556328233,-44.477777777777774,-35.12916666666667,3.0,1.0,2.0,1.0,2.0,1.0,4.0,1.0,1.0,1.0,2.0,1.0,2.0,1.0,3.0,2.0,1.0,2.0,2.0,1.0,3.0,2.0,3242505.0,7322004717.89,0.0,2681004.0
GUM2020-08-31,Guam,GUM,168783.0,304.128,31.4,,2020-03-19,2020-08-20,2020-03-19,2020-08-27,2020-04-01,2020-04-18,154,0,161,13,-148,72.44,60.75575163398697,58.44,66.20078431372556,69.42150326797376,13.0718954248366,136.0,2.0,1.0,136.0,0.0,5.0,0.08057683534479182,0.0011849534609528214,0.0005924767304764107,0.0,0.08057683534479182,0.002962383652382053,0.0077373511155349375,0.01922338606682322,,,,,,,,3.0,1.0,3.0,1.0,2.0,1.0,4.0,1.0,2.0,1.0,2.0,1.0,1.0,1.0,3.0,1.0,1.0,0.0,2.0,1.0,3.0,2.0,0.0,455468257.8,0.0,0.0
GTM2020-08-31,Guatemala,GTM,17915567.0,157.834,22.9,,2020-03-15,2020-04-21,2020-03-15,2020-07-19,2020-07-30,2020-04-14,37,0,126,137,11,83.33,79.82385620915029,69.33,93.81228758169948,82.81424836601332,63.39869281045753,4233.0,74.0,11.0,167.0,0.0,5.0,0.023627496690448037,0.00041304860739266585,6.1399117315126e-05,0.0,0.0009321502356023673,2.7908689688693635e-05,0.0,0.0,20.983333333333334,-48.04289073459997,-53.775245986535474,-45.928985507246374,-40.97232037691403,-62.45432692307693,-37.08357487922704,3.0,1.0,3.0,1.0,2.0,1.0,4.0,1.0,2.0,1.0,2.0,1.0,2.0,1.0,4.0,1.0,1.0,2.0,2.0,1.0,2.0,0.0,0.0,3467628393.94,0.0,211142828.84
GIN2020-08-31,Guinea,GIN,13132792.0,51.755,19.0,,2020-03-14,2020-03-30,2020-03-14,2020-05-22,2020-05-14,2020-04-13,16,0,69,61,-8,63.46,58.32856209150334,49.46,71.29084967320252,68.93653594771239,0.0,204.0,3.0,0.0,250.0,0.0,0.0,0.0015533635193491224,2.2843581166898854e-05,0.0,0.0,0.0019036317639082388,0.0,0.0,0.0,,,,,,,,3.0,1.0,2.0,1.0,2.0,1.0,3.0,1.0,1.0,0.0,2.0,1.0,2.0,1.0,4.0,0.0,0.0,0.0,2.0,1.0,2.0,1.0,0.0,290000000.0,0.0,0.0
GUY2020-08-31,Guyana,GUY,786559.0,3.952,26.3,,2020-03-13,2020-04-09,2020-03-13,2020-08-26,2020-08-29,2020-04-12,27,0,166,169,3,74.36,71.09679738562085,60.36,81.16464052287574,78.52627450980376,30.22875816993464,105.0,3.0,5.0,45.0,0.0,6.0,0.013349284669045806,0.0003814081334013088,0.0006356802223355146,0.0,0.005721122001019631,0.0007628162668026175,0.0,0.0,,,,,,,,3.0,1.0,3.0,1.0,2.0,1.0,4.0,1.0,1.0,1.0,2.0,1.0,2.0,1.0,4.0,1.0,0.0,1.0,2.0,1.0,1.0,2.0,0.0,60000000.0,0.0,4500000000.0
HTI2020-08-31,Haiti,HTI,11402533.0,398.448,24.3,,2020-03-20,2020-06-02,2020-03-20,2020-06-06,2020-07-11,2020-04-19,74,0,78,113,35,65.38,52.9324183006536,51.38,62.36784313725492,56.76241830065363,31.862745098039216,284.0,12.0,0.0,44.0,0.0,3.0,0.0024906746597444613,0.00010523977435539982,0.0,0.0,0.00038587917263646594,2.6309943588849954e-05,0.0,0.0,10.122222222222222,-29.744386024607028,-32.73888888888889,-16.513333333333332,-27.63333333333333,-47.70142180094787,-24.134952766531715,3.0,1.0,3.0,1.0,2.0,1.0,4.0,1.0,2.0,1.0,1.0,1.0,2.0,0.0,4.0,1.0,1.0,1.0,2.0,1.0,1.0,1.0,0.0,124800000.0,0.0,36465162.0
HND2020-08-31,Honduras,HND,9904608.0,82.805,24.9,,2020-03-12,2020-04-03,2020-03-12,2020-08-27,2020-08-27,2020-04-11,22,0,168,168,0,89.1,86.68450980392187,75.1,96.7640522875814,86.74163398692825,86.3562091503268,1170.0,64.0,10.0,392.0,1.0,24.0,0.011812683550929022,0.0006461638865465448,0.00010096310727289764,1.0096310727289762e-05,0.003957753805097586,0.0002423114574549543,0.0,0.0,22.970588235294123,-54.71895441361178,-65.73664825046039,-47.61072423398328,-48.05864197530864,-68.178231292517,-44.01052631578948,3.0,1.0,3.0,1.0,2.0,1.0,4.0,1.0,2.0,1.0,3.0,1.0,2.0,1.0,4.0,2.0,0.0,2.0,2.0,1.0,1.0,1.0,0.0,420000000.0,0.0,428800000.0
HKG2020-08-11,Hong Kong,HKG,7496988.0,7039.714,44.8,,2020-01-31,2020-08-07,2020-03-12,2020-01-31,2020-01-31,2020-04-11,189,41,0,-41,0,76.92,73.41799999999998,62.92,64.07733333333333,68.58800000000001,100.0,0.0,0.0,0.0,0.0,0.0,0.0,0.0,0.0,0.0,0.0,0.0,0.0,2.5232668650997847e-05,0.0018955625272643142,14.36842105263158,-18.889473684210525,-24.77631578947368,-15.092105263157894,-4.776315789473684,-31.592105263157894,-18.21052631578948,3.0,1.0,2.0,1.0,2.0,1.0,4.0,1.0,0.0,0.0,1.0,1.0,0.0,0.0,4.0,2.0,1.0,2.0,2.0,1.0,3.0,2.0,14322225.0,38013217375.6,0.0,1340747408.0
HUN2020-08-31,Hungary,HUN,9660350.0,108.043,43.4,,2020-03-04,2020-04-16,2020-03-05,2020-08-31,2020-04-24,2020-04-04,43,1,180,50,-129,76.92,64.52745098039233,62.92,60.52300653594759,61.640588235294246,80.3921568627451,292.0,25.0,55.0,678.0,6.0,32.0,0.003022664810281201,0.00025878979540078776,0.0005693375498817331,6.210955089618906e-05,0.007018379251269365,0.00033125093811300834,0.0,0.0,11.14317302377004,-15.569239596472276,-26.19787234042553,18.322044728434502,-12.123280423280425,-28.31005291005291,-29.537037037037038,3.0,1.0,2.0,1.0,2.0,1.0,2.0,1.0,1.0,1.0,2.0,1.0,2.0,1.0,4.0,2.0,0.0,2.0,2.0,1.0,1.0,2.0,0.0,34000000000.0,0.0,695315445.0
ISL2020-08-31,Iceland,ISL,341250.0,3.404,37.3,,2020-03-09,2020-03-21,2020-02-29,2020-04-03,2020-04-03,2020-03-30,12,-9,25,34,0,67.95,59.322875816993616,53.95,41.24058823529422,51.92529411764703,100.0,99.0,2.0,57.0,1020.0,0.0,2.0,0.029010989010989013,0.0005860805860805861,0.0167032967032967,0.0,0.2989010989010989,0.0005860805860805861,0.0017819640676783534,0.00712025012025012,,,,,,,,2.0,1.0,2.0,1.0,2.0,1.0,3.0,1.0,0.0,0.0,0.0,0.0,0.0,0.0,3.0,2.0,1.0,2.0,2.0,1.0,3.0,2.0,0.0,2182884140.0,0.0,0.0
IND2020-08-31,India,IND,1380004385.0,450.419,28.2,6426.674,2020-01-31,2020-04-09,2020-01-30,2020-08-30,2020-06-17,2020-02-29,69,-1,212,139,-74,96.15,82.67019607843119,82.15,82.60431372549017,84.06300653594768,75.0,78761.0,2003.0,0.0,3.0,0.0,0.0,0.005707300705424932,0.00014514446633443124,0.0,0.0,2.1739061358127495e-07,0.0,0.0,0.0,13.603982300884955,-27.283600891503113,-37.93567251461988,-20.424144144144144,-25.402307406029028,-28.571954361428045,-24.08392603129445,3.0,1.0,3.0,1.0,2.0,1.0,4.0,1.0,2.0,1.0,3.0,1.0,2.0,1.0,4.0,1.0,1.0,2.0,2.0,1.0,3.0,2.0,13205680.0,291731065744.07,10000000.0,1264200000.0
IDN2020-08-31,Indonesia,IDN,273523621.0,145.725,29.3,11188.743999999999,2020-02-03,2020-04-24,2020-03-02,2020-08-30,2020-07-23,2020-04-01,81,28,209,143,-38,65.71,55.82320261437913,51.71,65.81718954248365,61.425751633987005,25.0,3308.0,139.0,114.0,1528.0,14.0,136.0,0.0012094019477754722,5.081828015138773e-05,4.1678301706893535e-05,5.11838792891675e-06,0.0005586354825274851,4.972148273804842e-05,7.576096615474189e-07,0.006312456730057185,8.560940325497288,-19.31588009438604,-21.567811934900547,-19.95985533453888,-11.090415913200724,-29.39314369073669,-14.568173598553345,3.0,1.0,3.0,1.0,2.0,0.0,4.0,0.0,1.0,0.0,2.0,0.0,2.0,1.0,4.0,0.0,0.0,1.0,2.0,1.0,1.0,1.0,338558.0,70530480756.13,0.0,28600000.0
IRN2020-08-31,Iran,IRN,83992953.0,49.831,32.4,,2020-02-26,2020-07-13,2020-02-20,2020-04-05,2020-08-08,2020-03-21,138,-6,39,170,125,66.99,56.50333333333332,52.99,54.883398692810495,55.50169934640535,62.00980392156863,5275.0,316.0,1237.0,19644.0,149.0,1433.0,0.006280288776131017,0.00037622203853220873,0.0014727426002036144,0.00017739583462436423,0.02338767634470477,0.0017060955101792885,1.973875911550183e-06,0.00341692393214409,,,,,,,,3.0,1.0,3.0,1.0,2.0,1.0,2.0,1.0,1.0,1.0,1.0,1.0,2.0,1.0,3.0,1.0,0.0,2.0,2.0,1.0,2.0,2.0,0.0,24968898736.0,0.0,0.0
IRQ2020-08-31,Iraq,IRQ,40222503.0,88.125,20.0,,2020-02-24,2020-05-26,2020-02-25,2020-08-19,2020-06-27,2020-03-26,92,1,177,123,-53,80.77,77.43084967320287,66.77,91.10960784313733,85.14725490196093,34.967320261437905,4576.0,122.0,30.0,346.0,2.0,29.0,0.011376716163089105,0.00030331279980263783,7.458511470556669e-05,4.972340980371112e-06,0.0008602149896042024,7.209894421538112e-05,0.0,0.0,12.866666666666667,-26.82,-36.27777777777778,-24.211111111111112,-14.844444444444445,-33.333333333333336,-25.43333333333333,3.0,1.0,3.0,1.0,2.0,1.0,4.0,1.0,2.0,1.0,2.0,1.0,2.0,1.0,4.0,1.0,1.0,1.0,2.0,1.0,2.0,1.0,0.0,502933780.0,0.0,92436974.5
IRL2020-08-31,Ireland,IRL,4937796.0,69.874,38.7,,2020-02-29,2020-04-06,2020-03-01,2020-04-10,2020-04-26,2020-03-31,37,1,41,56,16,84.62,73.01098039215674,70.62,68.72339869281039,68.10372549019618,100.0,1169.0,234.0,295.0,2910.0,8.0,54.0,0.02367453009399335,0.004738956408891741,0.005974325387278047,0.00016201560372279455,0.05893317585416651,0.0010936053251288634,0.0,0.0,19.26,-34.02728135000551,-55.70359151882303,-17.746794871794872,-10.756700167504187,-41.87367303609342,-44.05564715581203,3.0,1.0,3.0,1.0,2.0,1.0,4.0,1.0,2.0,1.0,2.0,1.0,2.0,1.0,2.0,2.0,1.0,2.0,2.0,1.0,2.0,2.0,19633914.0,13617662310.25,12428000.0,1684407200.0
ISR2020-08-31,Israel,ISR,8655541.0,402.606,30.6,,2020-02-09,2020-04-08,2020-02-22,2020-07-28,2020-08-20,2020-03-23,59,13,170,180,23,91.03,71.22052287581715,77.03,68.59705882352944,65.98816993464051,100.0,2502.0,71.0,188.0,1071.0,0.0,1.0,0.028906338725678733,0.0008202837927750559,0.0021720190569255,0.0,0.012373576648761759,1.1553292855986705e-05,2.8799940958911967e-05,0.0023551266702050897,16.59495798319328,-30.46966523343689,-45.65714285714286,-22.87457627118644,-11.465346534653465,-36.11596638655463,-36.23529411764706,3.0,1.0,3.0,1.0,2.0,1.0,4.0,1.0,1.0,1.0,3.0,1.0,2.0,1.0,4.0,2.0,1.0,2.0,2.0,1.0,1.0,2.0,60000000.0,26503767040.0,0.0,4101506000.0
ITA2020-08-31,Italy,ITA,60461828.0,205.859,47.9,,2020-01-31,2020-04-12,2020-01-31,2020-03-22,2020-03-28,2020-03-01,72,0,51,57,6,85.26,66.93000000000004,71.26,63.74444444444442,67.30725490196076,64.86928104575163,6557.0,971.0,240.0,1128.0,8.0,29.0,0.010844859007570859,0.0016059719530808762,0.0003969446639952731,1.3231488799842439e-05,0.001865639920777784,4.796414689942885e-05,7.729394707241292e-07,0.00047969966629588434,19.92703045685279,-47.330255497678365,-57.684837092731826,-48.96491228070175,-31.438871473354233,-54.74561403508772,-43.81704260651628,3.0,1.0,3.0,1.0,2.0,1.0,4.0,1.0,2.0,1.0,3.0,1.0,2.0,1.0,3.0,1.0,1.0,2.0,2.0,1.0,2.0,2.0,5953246.0,527878115949.24,0.0,7390220000.0
JAM2020-08-31,Jamaica,JAM,2961161.0,266.879,31.4,,2020-03-12,2020-04-22,2020-03-12,2020-08-31,2020-08-26,2020-04-11,41,0,172,167,-5,74.36,65.50058823529423,60.36,74.53326797385637,68.5594117647057,48.692810457516345,244.0,3.0,2.0,65.0,0.0,4.0,0.00824001126585147,0.00010131161392440329,6.75410759496022e-05,0.0,0.0021950849683620714,0.0001350821518992044,0.0,0.0,19.75786924939468,-40.82999538485107,-43.45676004872107,-43.9281210592686,-29.29027962716378,-51.80890538033396,-35.665910808767954,3.0,1.0,2.0,1.0,2.0,1.0,4.0,1.0,1.0,1.0,3.0,1.0,2.0,1.0,4.0,1.0,1.0,1.0,2.0,1.0,1.0,1.0,0.0,182257000.0,0.0,0.0
JPN2020-08-31,Japan,JPN,126476458.0,347.778,48.2,,2020-02-04,2020-04-16,2020-01-15,2020-08-15,2020-04-23,2020-02-14,72,-20,193,99,-114,50.64,42.56333333333336,36.64,34.089150326797466,37.11143790849674,72.54901960784314,2064.0,101.0,1.0,30.0,0.0,1.0,0.0016319242589794855,7.985675879696126e-05,7.906609781877351e-07,0.0,2.371982934563205e-05,7.906609781877351e-07,0.0,0.0,6.40078125,-8.577083333333333,-11.586458333333333,2.7046875,1.8075520833333327,-25.301041666666666,-10.51015625,3.0,0.0,1.0,1.0,1.0,1.0,0.0,0.0,0.0,0.0,1.0,1.0,1.0,1.0,3.0,1.0,1.0,2.0,2.0,1.0,2.0,2.0,300000000.0,1005521520851.0,840241222757.26,17330150092.0
JOR2020-08-31,Jordan,JOR,10203140.0,109.285,23.2,,2020-03-15,2020-03-29,2020-03-03,2020-08-26,2020-03-31,2020-04-02,14,-12,164,28,-148,83.97,62.27934640522885,69.97,66.95810457516315,66.78450980392161,37.5,77.0,4.0,4.0,278.0,0.0,5.0,0.0007546696409144637,3.9203617709842265e-05,3.9203617709842265e-05,0.0,0.002724651430834037,4.9004522137302836e-05,0.0,0.0,17.767184035476717,-48.607864094001776,-46.015789473684215,-48.10445682451253,-30.647490820073447,-78.24822695035459,-40.02335640138409,3.0,1.0,3.0,1.0,2.0,1.0,4.0,1.0,2.0,1.0,3.0,1.0,2.0,1.0,4.0,1.0,0.0,1.0,2.0,1.0,2.0,2.0,0.0,705000000.0,0.0,0.0
KAZ2020-08-31,Kazakhstan,KAZ,18776707.0,6.681,30.6,24055.588,2020-03-13,2020-05-01,2020-03-15,2020-07-01,2020-08-10,2020-04-14,49,2,110,148,40,83.01,76.32549019607858,69.01,81.14418300653601,83.38542483660126,37.5,19246.0,324.0,218.0,1179.0,4.0,14.0,0.10249933601243284,0.001725542183727956,0.0011610129507799213,2.130298992256736e-05,0.0062790562796767296,7.456046472898575e-05,0.0,0.03706563068521234,10.644444444444442,-23.88444444444445,-35.822222222222216,-6.322222222222222,-19.777777777777786,-22.3,-35.2,3.0,1.0,3.0,1.0,2.0,1.0,4.0,1.0,2.0,1.0,3.0,1.0,2.0,1.0,4.0,1.0,0.0,1.0,2.0,1.0,3.0,2.0,0.0,12034000000.0,0.0,260582800.0
KEN2020-08-31,Kenya,KEN,53771300.0,87.324,20.0,2993.028,2020-03-13,2020-05-04,2020-03-14,2020-07-27,2020-08-02,2020-04-13,52,1,136,141,6,80.77,76.41928104575189,66.77,83.51535947712433,81.22228758169923,50.0,960.0,23.0,6.0,197.0,1.0,8.0,0.0017853390191421821,4.277374733361477e-05,1.1158368869638636e-05,1.8597281449397724e-06,0.0003663664445531352,1.487782515951818e-05,4.3781600005711165e-05,0.03034124850657109,19.00239520958084,-22.23719018385966,-25.966686496133253,-18.23866171003717,-19.638425617078045,-28.6860628812764,-18.65611421477343,3.0,1.0,2.0,1.0,2.0,1.0,4.0,1.0,1.0,1.0,3.0,1.0,2.0,1.0,4.0,1.0,1.0,1.0,2.0,1.0,3.0,2.0,0.0,518722167.0,0.0,0.0
KWT2020-08-31,Kuwait,KWT,4270563.0,232.128,33.7,,2020-03-01,2020-05-10,2020-02-24,2020-05-20,2020-05-17,2020-03-25,70,-6,80,83,-3,87.82,75.73751633986953,73.82,83.8549673202615,83.75915032679734,31.617647058823533,1073.0,11.0,2.0,191.0,0.0,0.0,0.0251254928214383,0.000257577279623319,4.683223265878527e-05,0.0,0.004472478218913994,0.0,7.258996062111717e-07,0.00011918674022865922,25.126475548060714,-48.4526984126984,-58.94603174603174,-51.38095238095239,-39.88095238095238,-45.73809523809525,-46.317460317460316,3.0,1.0,3.0,1.0,2.0,1.0,4.0,1.0,2.0,1.0,3.0,1.0,2.0,1.0,4.0,1.0,0.0,1.0,2.0,1.0,2.0,2.0,0.0,1618652051.0,60000000.0,1600000000.0
KGZ2020-08-31,Kyrgyzstan,KGZ,6524191.0,32.333,26.3,,2020-03-19,2020-04-10,2020-03-19,2020-07-18,2020-07-18,2020-04-18,22,0,121,121,0,77.88,70.8410457516339,63.88,80.78339869281042,74.898954248366,48.529411764705884,11505.0,728.0,17.0,506.0,0.0,5.0,0.1763437029970459,0.011158471602072962,0.000260568704993462,0.0,0.007755750866275987,7.663785440984176e-05,0.0,0.0,10.07816091954023,-33.52239500604293,-40.09630818619583,-11.26984126984127,-36.21111111111111,-48.08193668528864,-31.952777777777786,,,,,,,,,,,,,,,,,,,,,,,,,,
LAO2020-08-31,Laos,LAO,7275556.0,29.715,24.4,,2020-03-25,2020-05-01,2020-03-25,2020-03-27,2020-03-25,2020-04-24,37,0,2,0,-2,86.54,50.8161437908496,72.54,49.05692810457518,51.96228758169942,44.52614379084967,4.0,0.0,0.0,19.0,0.0,0.0,5.4978616067280626e-05,0.0,0.0,0.0,0.000261148426319583,0.0,0.0,0.0,9.044444444444443,-24.42222222222223,-32.96666666666667,-11.222222222222221,-17.844444444444445,-42.833333333333336,-17.244444444444444,3.0,1.0,3.0,1.0,2.0,1.0,4.0,1.0,2.0,1.0,2.0,1.0,2.0,1.0,4.0,1.0,0.0,2.0,2.0,1.0,1.0,2.0,0.0,12119654.09,0.0,5700000.0
LVA2020-08-31,Latvia,LVA,1886202.0,31.212,43.9,,2020-03-12,2020-03-27,2020-03-03,2020-03-30,2020-04-22,2020-04-02,15,-9,18,50,23,65.38,57.94803921568626,51.38,53.39718954248374,57.431437908497,60.78431372549018,71.0,4.0,48.0,446.0,0.0,0.0,0.003764177961851381,0.00021206636404796515,0.002544796368575582,0.0,0.023645399591348117,0.0,0.002838558774773454,0.1097111141173641,8.738181818181818,-19.66720381926314,-24.539262820512814,8.161290322580646,-8.871446229913474,-37.26223776223776,-35.82436260623229,2.0,1.0,2.0,1.0,2.0,1.0,3.0,1.0,1.0,1.0,1.0,1.0,0.0,0.0,4.0,2.0,0.0,2.0,2.0,1.0,3.0,2.0,0.0,2814006721.93,0.0,9932571.0
LBN2020-08-31,Lebanon,LBN,6825442.0,594.561,31.1,,2020-02-28,2020-04-08,2020-02-22,2020-08-20,2020-08-26,2020-03-23,40,-6,174,186,6,69.23,59.67784313725504,55.23,69.34150326797385,66.19071895424834,23.8562091503268,1010.0,12.0,18.0,248.0,0.0,4.0,0.01479757647929614,0.00017581278985302342,0.0002637191847795352,0.0,0.0036334643236291507,5.860426328434115e-05,0.0,0.0,11.517647058823528,-34.52025691834764,-38.909224011713036,-22.057010785824342,-13.192151556156967,-63.44660194174757,-34.99629629629629,3.0,1.0,3.0,1.0,2.0,1.0,4.0,1.0,1.0,1.0,3.0,1.0,2.0,1.0,4.0,0.0,0.0,1.0,2.0,1.0,2.0,1.0,0.0,0.0,0.0,45000000.0
LSO2020-08-31,Lesotho,LSO,2142252.0,73.562,22.2,,2020-05-15,2020-07-19,2020-05-15,2020-08-02,2020-08-03,2020-06-14,65,0,79,80,1,63.46,58.41403669724772,49.46,64.01027522935789,59.94431192660544,50.0,98.0,5.0,0.0,4.0,0.0,0.0,0.00457462520749193,0.00023339924528020044,0.0,0.0,0.0001867193962241604,0.0,0.0,0.0,,,,,,,,3.0,1.0,3.0,1.0,2.0,1.0,4.0,1.0,1.0,1.0,2.0,1.0,2.0,1.0,4.0,0.0,0.0,2.0,2.0,1.0,1.0,1.0,0.0,66152150.0,0.0,37840000.0
LBR2020-08-31,Liberia,LBR,5057677.0,49.127,19.2,,2020-03-17,2020-04-12,2020-03-17,2020-06-28,2020-07-16,2020-04-16,26,0,103,121,18,67.31,60.52209150326785,53.31,78.15797385620922,71.52660130718931,0.0,45.0,15.0,0.0,59.0,0.0,6.0,0.0008897365331949828,0.00029657884439832755,0.0,0.0,0.0011665434546334215,0.00011863153775933101,0.0,0.0,,,,,,,,3.0,1.0,3.0,1.0,2.0,1.0,4.0,1.0,1.0,1.0,2.0,1.0,2.0,1.0,4.0,0.0,0.0,0.0,2.0,1.0,1.0,1.0,0.0,25000000.0,0.0,0.0
LBY2020-08-31,Libya,LBY,6871287.0,3.623,29.0,,2020-03-25,2020-04-17,2020-03-25,2020-08-18,2020-08-04,2020-04-24,23,0,146,132,-14,75.64,71.37640522875797,61.64,93.83895424836584,84.35287581699322,0.0,841.0,13.0,1.0,60.0,1.0,2.0,0.012239337405059636,0.00018919308711744972,1.4553314393649982e-05,1.4553314393649982e-05,0.0008731988636189987,2.9106628787299964e-05,0.0,0.0,12.017316017316015,-21.597546089986004,-25.26462395543175,-10.266666666666667,-7.281481481481482,-48.46590909090909,-16.70904925544101,3.0,1.0,3.0,1.0,2.0,1.0,4.0,1.0,2.0,1.0,3.0,1.0,2.0,1.0,4.0,0.0,0.0,0.0,2.0,1.0,1.0,1.0,0.0,0.0,0.0,52998679.0
LTU2020-08-31,Lithuania,LTU,2722291.0,45.135,43.5,,2020-03-12,2020-04-10,2020-02-28,2020-04-04,2020-04-12,2020-03-29,29,-13,23,44,8,84.62,57.91470588235293,70.62,49.34130718954243,55.164117647058774,73.03921568627452,122.0,6.0,36.0,394.0,2.0,7.0,0.00448151942610103,0.00022040259472628018,0.0013224155683576812,7.346753157542672e-05,0.014473103720359062,0.00025713636051399354,0.0,0.0,10.978234582829504,-11.869577844957238,-39.9898580121704,47.702005730659025,-5.020742358078604,-31.112021857923498,-30.92727272727273,3.0,1.0,3.0,1.0,2.0,1.0,4.0,1.0,1.0,1.0,1.0,1.0,2.0,1.0,4.0,2.0,1.0,1.0,2.0,1.0,2.0,2.0,0.0,4721416000.0,331253.5,550832500.0
LUX2020-08-31,Luxembourg,LUX,625976.0,231.447,39.7,,2020-03-05,2020-03-17,2020-03-01,2020-03-26,2020-04-12,2020-03-31,12,-4,21,42,17,80.77,59.708039215686206,66.77,44.13522875816996,52.70777777777778,98.20261437908495,234.0,8.0,38.0,1988.0,1.0,22.0,0.03738162485462702,0.0012780042685342568,0.006070520275537721,0.0001597505335667821,0.31758406073076284,0.0035145117384692065,0.0,0.0,22.0,-39.53333333333333,-60.83333333333334,-5.066666666666666,-28.31111111111111,-52.12222222222222,-51.33333333333334,3.0,1.0,3.0,1.0,2.0,1.0,4.0,1.0,1.0,1.0,2.0,1.0,2.0,1.0,1.0,2.0,1.0,2.0,2.0,1.0,3.0,2.0,0.0,10756723281.0,220507.0,32928146.0
MDG2020-08-31,Madagascar,MDG,27691019.0,43.951,19.6,,2020-03-21,2020-04-05,2020-03-21,2020-07-23,2020-07-17,2020-04-20,15,0,124,118,-6,72.44,61.03941176470582,58.44,72.08215686274498,66.55411764705887,30.718954248366014,614.0,10.0,4.0,121.0,0.0,0.0,0.0022173254079237746,3.6112791659996336e-05,1.4445116663998532e-05,0.0,0.0004369647790859556,0.0,0.0,0.0,,,,,,,,3.0,1.0,3.0,1.0,2.0,1.0,3.0,1.0,2.0,1.0,3.0,1.0,2.0,1.0,4.0,1.0,1.0,1.0,2.0,1.0,1.0,1.0,0.0,0.0,0.0,3700000.0
MWI2020-08-31,Malawi,MWI,19129955.0,197.519,18.1,,2020-04-03,2020-08-08,2020-04-03,2020-07-12,2020-07-27,2020-05-03,127,0,100,115,15,67.31,63.756490066225155,53.31,57.45880794701978,59.04947019867559,89.6523178807947,192.0,12.0,1.0,38.0,0.0,3.0,0.001003661535011452,6.272884593821573e-05,5.2274038281846464e-06,0.0,0.0001986413454710165,1.5682211484553933e-05,0.00020075495908554585,0.049392390722201626,,,,,,,,3.0,1.0,1.0,1.0,2.0,1.0,4.0,1.0,0.0,0.0,1.0,1.0,0.0,0.0,3.0,2.0,1.0,2.0,2.0,1.0,1.0,2.0,0.0,86690000.0,10000000.0,264480920.0
MYS2020-08-31,Malaysia,MYS,32365998.0,96.254,29.9,,2020-01-24,2020-05-23,2020-01-25,2020-06-06,2020-03-30,2020-02-24,120,1,134,65,-68,78.85,69.48686274509811,64.85,62.00209150326806,68.63300653594776,74.1830065359477,296.0,7.0,0.0,22.0,0.0,0.0,0.0009145400058419332,2.1627635273288958e-05,0.0,0.0,6.797256800176531e-05,0.0,0.0,1.400089605734767e-07,18.223580786026197,-34.182267689684565,-41.85933503836317,-31.848252344416032,-24.491048593350385,-42.97953964194373,-29.73316283034953,3.0,1.0,3.0,1.0,2.0,1.0,3.0,1.0,0.0,0.0,1.0,1.0,2.0,1.0,4.0,1.0,1.0,2.0,2.0,1.0,3.0,2.0,0.0,129600000000.0,0.0,382275000.0
MLI2020-08-31,Mali,MLI,20250834.0,15.196,16.4,,2020-03-26,2020-05-01,2020-03-26,2020-06-05,2020-06-05,2020-04-25,36,0,71,71,0,66.03,56.23032679738561,52.03,56.965098039215576,57.361437908496846,50.0,110.0,7.0,16.0,325.0,0.0,21.0,0.0005431875052652153,3.4566477607786423e-05,7.90090916749404e-05,0.0,0.0016048721746472268,0.00010369943282335928,5.7824778969597004e-05,0.012778472994685453,8.988888888888889,-13.826666666666668,-13.466666666666667,-4.388888888888889,-11.277777777777779,-33.96666666666667,-6.033333333333332,3.0,1.0,2.0,1.0,2.0,1.0,3.0,1.0,0.0,0.0,1.0,1.0,2.0,1.0,4.0,1.0,1.0,1.0,2.0,1.0,1.0,2.0,0.0,225800000.0,0.0,10200000.0
MRT2020-08-31,Mauritania,MRT,4649660.0,4.289,20.3,,2020-03-15,2020-05-19,2020-03-15,2020-06-21,2020-06-10,2020-04-14,65,0,98,87,-11,71.79,59.10627450980378,57.790000000000006,60.482941176470355,60.76490196078443,50.0,590.0,18.0,0.0,7.0,0.0,1.0,0.012689099848160941,0.0003871250801133847,0.0,0.0,0.00015054864226631624,2.1506948895188034e-05,7.00553015345925e-05,0.003776176204012689,,,,,,,,3.0,1.0,1.0,1.0,2.0,1.0,4.0,1.0,1.0,1.0,2.0,1.0,2.0,1.0,4.0,1.0,1.0,1.0,2.0,1.0,1.0,2.0,0.0,290000000.0,0.0,80000000.0
MUS2020-08-31,Mauritius,MUS,1271767.0,622.962,37.4,,2020-03-20,2020-04-01,2020-03-20,2020-04-10,2020-04-02,2020-04-19,12,0,21,13,-8,71.15,54.71640522875821,57.15000000000001,48.25816993464051,54.179803921568535,57.6797385620915,41.0,2.0,1.0,325.0,0.0,9.0,0.003223860974533857,0.0001572615109528711,7.863075547643553e-05,0.0,0.02555499552984155,0.0007076767992879199,0.0,0.0,21.55755395683452,-62.811657354563856,-65.26175349428209,-68.83359013867488,-53.81652661064425,-71.61510128913443,-54.5313152400835,3.0,1.0,3.0,1.0,2.0,1.0,3.0,1.0,1.0,1.0,2.0,1.0,1.0,1.0,4.0,2.0,1.0,1.0,2.0,1.0,3.0,2.0,0.0,130672834.0,0.0,310000000.0
MEX2020-08-31,Mexico,MEX,128932753.0,66.444,29.3,17336.468999999994,2020-03-23,2020-04-06,2020-02-29,2020-08-02,2020-06-04,2020-03-30,14,-23,132,96,-59,63.46,58.651895424836596,49.46,75.58058823529402,69.31588235294127,0.0,9556.0,1091.0,145.0,993.0,4.0,20.0,0.007411615572964612,0.0008461775418694426,0.00011246172646294153,3.1023924541501104e-06,0.0007701689267427649,1.551196227075055e-05,0.0,0.0,17.81111111111111,-41.523893612219645,-52.33400673400674,-45.44848484848485,-20.122222222222227,-52.82014146177164,-36.8946127946128,3.0,1.0,3.0,1.0,2.0,1.0,3.0,1.0,1.0,0.0,2.0,1.0,2.0,1.0,3.0,0.0,0.0,0.0,2.0,1.0,1.0,1.0,0.0,5023923813.41,0.0,7340000000.0
MDA2020-08-31,Moldova,MDA,4033963.0,123.655,37.6,,2020-03-11,2020-04-30,2020-03-08,2020-08-01,2020-08-14,2020-04-07,50,-3,143,159,13,76.92,69.12967320261426,62.92,74.86980392156876,74.97032679738605,37.00980392156863,786.0,15.0,101.0,965.0,4.0,19.0,0.019484561459785325,0.0003718427759501017,0.002503741358064018,9.91580735866938e-05,0.02392188525278988,0.0004710008495367954,0.00023307656074738963,0.011349849353321576,12.788888888888893,-34.86888888888889,-43.4,-17.622222222222227,-26.277777777777786,-48.077777777777776,-38.96666666666667,3.0,1.0,2.0,1.0,2.0,1.0,4.0,1.0,2.0,1.0,2.0,1.0,2.0,1.0,4.0,1.0,0.0,1.0,2.0,1.0,2.0,2.0,0.0,461496408.0,584057000.0,0.0
MNG2020-08-31,Mongolia,MNG,3278292.0,1.98,28.6,,2020-03-10,2020-05-05,2020-03-10,2020-05-16,2020-03-10,2020-04-09,56,0,67,0,-67,80.77,63.51647058823541,66.77,64.38026143790844,65.88163398692794,50.49019607843139,74.0,0.0,1.0,16.0,0.0,0.0,0.0022572729945959666,0.0,3.0503689116161713e-05,0.0,0.0004880590258585874,0.0,0.0,0.0,2.1277777777777778,1.7004726826273788,-7.3,7.95,13.888888888888893,-3.611111111111111,-2.425414364640885,3.0,1.0,3.0,1.0,2.0,1.0,4.0,1.0,2.0,0.0,3.0,0.0,2.0,0.0,4.0,1.0,1.0,2.0,2.0,1.0,2.0,2.0,0.0,1837687080.0,0.0,101292122.3
MAR2020-08-31,Morocco,MAR,36910558.0,80.08,29.6,,2020-03-13,2020-06-01,2020-03-03,2020-08-20,2020-08-20,2020-04-02,80,-10,160,170,0,85.26,75.39307189542501,71.26,80.08261437908511,75.94320261437896,72.38562091503267,2755.0,62.0,37.0,654.0,3.0,39.0,0.007463989029913879,0.00016797361882201834,0.00010024232090991418,8.127755749452501e-06,0.0017718507533806454,0.00010566082474288252,0.0,0.0,25.23333333333333,-60.96222222222222,-74.13333333333334,-61.56666666666667,-49.13333333333333,-66.72222222222223,-53.25555555555553,3.0,1.0,3.0,1.0,2.0,1.0,3.0,1.0,2.0,1.0,2.0,1.0,2.0,1.0,4.0,1.0,1.0,2.0,2.0,1.0,3.0,1.0,0.0,16800000152.0,0.0,200000000.0
MOZ2020-08-31,Mozambique,MOZ,31255435.0,37.728,17.7,,2020-03-23,2020-06-17,2020-03-23,2020-08-11,2020-08-03,2020-04-22,86,0,141,133,-8,66.03,55.61633986928109,52.03,65.51712418300657,65.72313725490177,0.0,142.0,2.0,0.0,39.0,0.0,0.0,0.0004543209844943768,6.398887105554602e-06,0.0,0.0,0.00012477829855831474,0.0,0.0,0.0,12.075675675675676,-17.631078253734547,-21.13276836158192,-30.263513513513512,-9.816666666666666,-26.622317596566525,-0.32012513034410844,3.0,1.0,2.0,1.0,2.0,1.0,3.0,1.0,1.0,1.0,1.0,1.0,2.0,1.0,4.0,0.0,0.0,0.0,2.0,1.0,1.0,2.0,0.0,549593361.65,0.0,22800000.0
MMR2020-08-31,Myanmar,MMR,54409794.0,81.721,29.1,5591.597,2020-03-17,2020-04-28,2020-03-24,2020-08-30,2020-04-09,2020-04-23,42,7,166,16,-143,70.51,64.34431372549011,56.51000000000001,79.6552287581701,75.77882352941178,1.4705882352941178,93.0,2.0,6.0,127.0,0.0,5.0,0.00017092510954921095,3.675808807509913e-06,1.1027426422529738e-05,0.0,0.00023341385927687944,9.189522018774781e-06,0.0,0.0,,,,,,,,3.0,1.0,3.0,1.0,2.0,1.0,4.0,1.0,2.0,1.0,2.0,1.0,2.0,1.0,3.0,1.0,0.0,0.0,2.0,1.0,2.0,1.0,0.0,78985373.0,0.0,50206000.0
NAM2020-08-31,Namibia,NAM,2540916.0,3.0780000000000003,22.0,,2020-03-15,2020-04-17,2020-03-15,2020-08-24,2020-08-24,2020-04-14,33,0,162,162,0,72.44,63.45771241830069,58.44,61.52398692810465,62.45928104575178,68.95424836601308,316.0,6.0,0.0,16.0,0.0,0.0,0.012436459922327224,0.00023613531498089667,0.0,0.0,0.000629694173282391,0.0,0.0,0.0,14.823529411764708,-32.95909728164025,-34.14388489208633,-30.83333333333333,-15.845272206303726,-58.694444444444436,-25.278551532033426,3.0,1.0,2.0,1.0,2.0,1.0,4.0,1.0,0.0,0.0,2.0,1.0,2.0,1.0,4.0,2.0,1.0,1.0,2.0,1.0,1.0,2.0,0.0,441411500.91,0.0,0.0
NPL2020-08-31,Nepal,NPL,29136808.0,204.43,25.0,2442.804,2020-01-24,2020-03-30,2020-01-25,2020-06-25,2020-08-31,2020-02-24,66,1,153,219,67,88.46,83.45130718954242,74.46,90.21934640522888,86.59254901960779,66.17647058823529,1702.0,14.0,0.0,1.0,0.0,0.0,0.005841408571590958,4.804918919052492e-05,0.0,0.0,3.432084942180352e-06,0.0,0.0,0.0,11.81159420289855,-29.50144927536232,-34.73913043478261,-23.6231884057971,-27.69565217391305,-31.231884057971016,-30.217391304347824,3.0,1.0,3.0,1.0,2.0,1.0,4.0,1.0,2.0,1.0,2.0,1.0,2.0,1.0,4.0,1.0,1.0,2.0,2.0,1.0,1.0,2.0,0.0,0.0,1000000.0,20642.0
NLD2020-08-31,Netherlands,NLD,17134873.0,508.544,43.2,,2020-03-09,2020-03-31,2020-02-28,2020-04-11,2020-04-08,2020-03-29,22,-10,33,40,-3,71.15,60.58679738562094,57.15000000000001,58.79790849673228,60.24215686274505,62.5,1335.0,234.0,1159.0,9762.0,93.0,639.0,0.007791128653244176,0.00136563603360235,0.006763983602329589,0.0005427527825855494,0.05697153401720573,0.0037292368609910327,0.0,0.0,12.57008547008547,-13.226491305629235,-32.251282051282054,55.70258620689656,-6.495726495726496,-48.78290598290598,-34.30512820512821,3.0,1.0,3.0,1.0,2.0,1.0,4.0,1.0,1.0,1.0,2.0,1.0,1.0,1.0,3.0,2.0,0.0,1.0,2.0,1.0,2.0,2.0,0.0,39412749999.0,0.0,25701603.0
NZL2020-08-31,New Zealand,NZL,4822233.0,18.206,37.9,,2020-02-28,2020-04-01,2020-02-28,2020-03-31,2020-04-14,2020-03-29,33,0,32,46,14,89.1,58.325490196078405,75.1,49.914509803921604,55.989542483660145,71.16013071895425,95.0,4.0,60.0,476.0,1.0,1.0,0.0019700416798607615,8.294912336255838e-05,0.0012442368504383759,2.0737280840639594e-05,0.009870945680144448,2.0737280840639594e-05,0.0001353038450582265,0.00929050628586872,15.184238551650695,-41.52170788258967,-53.92312925170068,-51.8125,-22.177668539325843,-51.28615071283096,-28.40909090909091,3.0,1.0,3.0,1.0,2.0,1.0,4.0,1.0,2.0,1.0,2.0,1.0,2.0,1.0,4.0,2.0,0.0,2.0,2.0,1.0,2.0,2.0,23870000.0,11500000000.0,0.0,297228142.0
NIC2020-08-31,Nicaragua,NIC,6624554.0,51.667,27.3,,2020-04-15,2020-04-15,2020-03-19,2020-05-27,2020-05-27,2020-04-18,0,-27,42,69,0,14.1,12.116339869281015,0.09999999999999963,13.435751633986944,14.321111111111117,0.0,480.0,18.0,0.0,9.0,0.0,1.0,0.007245770809627334,0.0002717164053610251,0.0,0.0,0.00013585820268051255,1.5095355853390283e-05,0.0,0.0,11.469945355191257,-26.418466792349463,-35.23748544819558,-28.328547297297305,-18.843980343980345,-35.15732087227414,-14.525,0.0,0.0,0.0,0.0,0.0,0.0,0.0,0.0,0.0,0.0,0.0,0.0,0.0,0.0,2.0,0.0,0.0,0.0,2.0,1.0,1.0,1.0,0.0,0.0,0.0,0.0
NER2020-08-31,Niger,NER,24206636.0,16.955,15.1,,2020-03-21,2020-04-15,2020-03-21,2020-04-07,2020-04-06,2020-04-20,25,0,17,16,-1,52.56,33.332222222222235,38.56,32.96869281045755,34.553921568627466,26.633986928104573,69.0,5.0,9.0,648.0,1.0,20.0,0.0002850458031425762,2.065549298134611e-05,3.7179887366422994e-05,4.1310985962692215e-06,0.002676951890382456,8.262197192538443e-05,0.0,0.0,9.272222222222222,-15.51273504273504,-15.738888888888884,-21.566666666666666,-4.822222222222221,-28.94444444444445,-6.491452991452992,3.0,1.0,0.0,0.0,2.0,1.0,3.0,1.0,0.0,0.0,0.0,0.0,2.0,0.0,4.0,0.0,0.0,2.0,2.0,1.0,1.0,1.0,0.0,254500000.0,0.0,13950000.0
NGA2020-08-31,Nigeria,NGA,206139587.0,209.588,18.1,,2020-02-28,2020-04-23,2020-02-28,2020-07-02,2020-06-17,2020-03-29,55,0,125,110,-15,69.55,63.015163398692685,55.55,74.87490196078446,73.93470588235301,2.9411764705882355,790.0,31.0,16.0,97.0,0.0,1.0,0.0003832354626770451,1.5038353598719492e-05,7.761730889661675e-06,0.0,4.7055493518573904e-05,4.851081806038547e-07,0.0,0.0,12.710303633648582,-22.860610321464968,-23.83679169992019,-21.334291187739467,-19.76834589448632,-32.94461697722567,-16.419005847953215,3.0,1.0,3.0,1.0,2.0,1.0,4.0,1.0,2.0,1.0,2.0,1.0,2.0,1.0,4.0,0.0,0.0,1.0,2.0,1.0,2.0,2.0,0.0,3817632435.1,34000000000.0,338381521.9999999
NOR2020-08-31,Norway,NOR,5421242.0,14.462,39.7,,2020-03-11,2020-04-01,2020-02-27,2020-03-28,2020-04-15,2020-03-28,21,-13,17,48,18,75.0,56.5232026143791,61.0,47.43339869281057,50.89130718954259,87.5,425.0,13.0,425.0,3581.0,2.0,16.0,0.00783953197440734,0.00023979744862893043,0.00783953197440734,3.6891915173681605e-05,0.06605497411847691,0.00029513532138945284,0.0,0.0,10.529906542056077,-8.390150630232649,-26.575,58.03780718336484,-2.870967741935484,-36.09537037037037,-34.447222222222216,3.0,1.0,2.0,1.0,2.0,1.0,4.0,1.0,1.0,1.0,0.0,0.0,2.0,1.0,4.0,2.0,0.0,2.0,2.0,1.0,2.0,2.0,190372000.0,19559736523.0,1438898.7,27778780.0
OMN2020-08-31,Oman,OMN,5106622.0,14.98,30.7,,2020-02-03,2020-07-25,2020-02-25,2020-07-14,2020-08-06,2020-03-26,173,22,162,163,23,91.67,82.97562091503265,77.67,88.7172549019607,87.74078431372554,56.78104575163399,2164.0,67.0,15.0,99.0,0.0,0.0,0.04237634976702799,0.001312021919773972,0.00029373625069566535,0.0,0.0019386592545913915,0.0,0.0,0.006533880966967194,10.286868686868683,-24.635800325874072,-29.10126582278481,-25.776902887139112,-21.883544303797468,-32.699367088607595,-13.717921527041357,3.0,1.0,3.0,1.0,2.0,1.0,4.0,1.0,2.0,1.0,3.0,1.0,2.0,1.0,4.0,2.0,0.0,1.0,2.0,1.0,2.0,2.0,0.0,20002600780.0,0.0,28607802.0
PAK2020-08-31,Pakistan,PAK,220892331.0,255.573,23.5,5034.708,2020-02-23,2020-05-01,2020-02-27,2020-06-14,2020-06-20,2020-03-28,68,4,112,114,6,82.69,69.72156862745113,68.69,72.5565359477124,70.92999999999991,63.071895424836605,6825.0,153.0,0.0,1197.0,0.0,9.0,0.0030897405849730475,6.926451421258261e-05,0.0,0.0,0.0005418929641337344,4.074383188975447e-06,9.989162601415555e-06,0.02919634517777273,12.261904761904766,-25.040858906525568,-37.10634920634921,-5.5246913580246915,-25.305,-33.84603174603175,-23.422222222222214,3.0,1.0,3.0,1.0,2.0,1.0,4.0,1.0,2.0,1.0,2.0,1.0,2.0,1.0,4.0,1.0,1.0,2.0,2.0,1.0,2.0,2.0,0.0,8161436680.75,163749935.5,200000000.0
PSE2020-08-31,Palestine,PSE,5101416.0,778.202,20.4,,2020-03-06,2020-04-21,2020-03-06,2020-08-29,2020-08-11,2020-04-05,46,0,176,158,-18,80.77,72.67013071895444,66.77,86.05294117647085,77.97823529411737,43.4640522875817,724.0,7.0,0.0,155.0,0.0,1.0,0.014192138025991213,0.0001372168041186996,0.0,0.0,0.003038372091199777,1.9602400588385654e-05,7.579594894175786e-06,0.0004080843569241451,,,,,,,,3.0,1.0,3.0,1.0,2.0,1.0,4.0,1.0,2.0,1.0,2.0,1.0,2.0,1.0,4.0,0.0,0.0,2.0,2.0,1.0,1.0,1.0,0.0,0.0,0.0,0.0
PAN2020-08-31,Panama,PAN,4314768.0,55.133,29.7,,2020-03-10,2020-04-30,2020-03-10,2020-07-14,2020-07-25,2020-04-09,51,0,126,137,11,83.33,76.808954248366,69.33,86.34575163398688,81.25470588235312,52.36928104575163,1540.0,41.0,279.0,2528.0,4.0,63.0,0.035691374368216316,0.0009502249020109539,0.006466164577098929,9.270486848887356e-05,0.058589476884968086,0.0014601016786997586,0.0004270913291282405,0.02145846465208256,33.98888888888889,-63.07111111111111,-71.9,-63.84444444444443,-50.32222222222222,-68.3888888888889,-60.9,3.0,1.0,3.0,1.0,2.0,1.0,3.0,1.0,2.0,1.0,3.0,1.0,2.0,1.0,4.0,1.0,1.0,2.0,2.0,1.0,2.0,1.0,0.0,1614275000.0,0.0,539000001.0
PNG2020-08-31,Papua New Guinea,PNG,8947027.0,18.22,22.6,,2020-03-21,2020-04-16,2020-03-21,2020-08-13,2020-07-29,2020-04-20,26,0,145,130,-15,78.53,59.65594771241829,64.53,56.44444444444451,59.83797385620903,58.66013071895425,55.0,1.0,0.0,7.0,0.0,0.0,0.0006147293397013332,1.1176897085478784e-05,0.0,0.0,7.82382795983515e-05,0.0,0.0,0.0,6.12987012987013,-5.506666666666668,-7.911111111111111,-11.244444444444444,9.733333333333333,-27.58888888888889,9.477777777777778,3.0,1.0,3.0,1.0,2.0,1.0,4.0,1.0,2.0,1.0,3.0,0.0,2.0,1.0,4.0,1.0,1.0,2.0,2.0,1.0,2.0,2.0,0.0,1652000000.0,0.0,20000000.0
PRY2020-08-31,Paraguay,PRY,7132530.0,17.144000000000002,26.5,8827.01,2020-03-07,2020-04-09,2020-03-08,2020-08-31,2020-08-16,2020-04-07,33,1,177,161,-15,85.9,80.02882352941197,71.9,84.86196078431388,80.9430065359479,75.0,721.0,19.0,0.0,113.0,0.0,5.0,0.010108615035618496,0.00026638513963488406,0.0,0.0,0.0015842905673022056,7.010135253549583e-05,0.00018854097964514515,0.015326305448406055,18.95912806539509,-42.16602391685448,-46.0236220472441,-51.12641937925814,-31.982252559726962,-58.92759706190977,-22.77022853613341,3.0,1.0,3.0,1.0,2.0,1.0,4.0,1.0,2.0,1.0,3.0,1.0,2.0,1.0,4.0,1.0,1.0,2.0,2.0,1.0,2.0,2.0,0.0,4795892284.0,0.0,228876304.0
PER2020-08-31,Peru,PER,32971846.0,25.129,29.1,,2020-03-06,2020-05-01,2020-03-07,2020-08-17,2020-08-14,2020-04-06,56,1,164,160,-3,87.18,82.79235294117655,73.18,87.87686274509821,84.21032679738559,75.0,10143.0,3935.0,535.0,2281.0,10.0,83.0,0.03076260880267365,0.01193442429641337,0.0016225964418249436,3.0328905454671844e-05,0.006918023334210648,0.0002517299152737763,1.0656949882176072e-05,0.004357445037401935,28.47217630853995,-60.09354091424353,-69.57255244755245,-57.41687242798354,-51.38695061169008,-71.3156089193825,-50.77572016460906,3.0,1.0,3.0,1.0,2.0,1.0,4.0,1.0,2.0,1.0,3.0,1.0,2.0,1.0,4.0,1.0,1.0,2.0,2.0,1.0,2.0,2.0,0.0,12536060101.0,0.0,487675230.0
PHL2020-08-31,Philippines,PHL,109581085.0,351.87300000000016,25.2,,2020-01-31,2020-04-13,2020-01-30,2020-08-11,2020-07-13,2020-02-29,73,-1,193,165,-29,91.67,76.05254901960801,77.67,86.11189542483656,86.0018954248365,21.323529411764707,6725.0,162.0,0.0,3.0,0.0,1.0,0.006137008042948288,0.00014783573278180263,0.0,0.0,2.737698755218567e-06,9.125662517395224e-07,0.0,0.0,18.046783625730995,-36.7453216374269,-44.82602339181287,-27.33698830409357,-33.340643274853804,-44.79093567251462,-33.43201754385965,3.0,1.0,3.0,1.0,2.0,1.0,4.0,1.0,2.0,1.0,3.0,1.0,2.0,1.0,4.0,1.0,0.0,2.0,2.0,1.0,3.0,2.0,400000000.0,23000000000.0,0.0,61000000.0
POL2020-08-31,Poland,POL,37846605.0,124.027,41.8,,2020-03-10,2020-04-09,2020-03-04,2020-08-22,2020-04-25,2020-04-03,30,-6,165,52,-119,66.03,55.82836601307188,52.03,59.78928104575166,59.160849673202456,37.5,903.0,40.0,392.0,2946.0,14.0,57.0,0.0023859471675200463,0.00010568979701085472,0.0010357600107063763,3.6991428953799156e-05,0.0077840535498494515,0.000150607960740468,0.0,0.0023467592592592594,11.961437908496732,-26.12895936340659,-41.081045751634,4.701904136572553,-18.690491803278693,-46.90915032679739,-28.666013071895428,3.0,1.0,2.0,1.0,2.0,1.0,4.0,1.0,1.0,1.0,2.0,1.0,2.0,1.0,4.0,1.0,0.0,1.0,2.0,1.0,2.0,2.0,507361020.0,79285774713.0,0.0,336870464.0
PRT2020-08-31,Portugal,PRT,10196707.0,112.371,46.2,,2020-03-01,2020-04-10,2020-03-03,2020-04-11,2020-04-25,2020-04-02,40,2,41,53,14,83.97,71.37013071895431,69.97,72.48032679738577,72.4914379084966,65.19607843137257,1516.0,60.0,808.0,8251.0,27.0,187.0,0.014867544982904775,0.0005884252631756508,0.007924126877432096,0.0002647913684290428,0.08091828077437156,0.0018339254035641113,0.0,0.0,20.700367647058822,-42.20490680476336,-54.925396825396824,-33.95933654360621,-26.674074074074074,-53.98107049608355,-41.484656084656095,3.0,1.0,3.0,1.0,2.0,1.0,4.0,1.0,1.0,1.0,2.0,1.0,2.0,1.0,3.0,1.0,1.0,2.0,2.0,1.0,3.0,2.0,10819830.0,10406440000.0,0.0,0.0
PRI2020-08-31,Puerto Rico,PRI,2860840.0,376.232,38.2,,2020-03-28,2020-05-01,2020-03-28,2020-08-02,2020-08-16,2020-04-27,34,0,127,141,14,86.54,75.56888888888902,72.54,78.98019607843145,76.56522875816987,70.09803921568627,1091.0,18.0,64.0,1371.0,1.0,84.0,0.038135652465709366,0.0006291858335314102,0.002237105185889459,3.4954768529522795e-05,0.04792298765397576,0.002936200556479915,0.0,0.0,20.687196110210696,-48.19640560670596,-47.81660812844957,-52.16265912305517,-30.22156116135173,-70.50225225225225,-40.27894736842105,3.0,1.0,3.0,1.0,2.0,1.0,4.0,1.0,2.0,1.0,3.0,1.0,2.0,1.0,3.0,1.0,1.0,2.0,2.0,1.0,1.0,2.0,0.0,2153532400.0,0.0,367481778.0
QAT2020-08-31,Qatar,QAT,2881060.0,227.322,31.9,,2020-03-08,2020-07-24,2020-03-01,2020-05-31,2020-06-20,2020-03-31,138,-7,84,111,20,80.77,77.26352941176484,66.77,81.66346405228771,83.33287581699341,43.87254901960785,2355.0,7.0,59.0,693.0,0.0,1.0,0.08174074819684422,0.00024296613052140527,0.002047857385823273,0.0,0.02405364692161913,3.4709447217343625e-05,0.0,0.0,21.277777777777786,-37.60888888888889,-48.9888888888889,-38.022222222222226,-20.433333333333334,-49.111111111111114,-31.488888888888887,3.0,1.0,2.0,1.0,2.0,1.0,4.0,1.0,2.0,1.0,1.0,1.0,2.0,1.0,4.0,2.0,0.0,1.0,2.0,1.0,3.0,2.0,0.0,21424000000.0,424000.0,0.0
ROU2020-08-31,Romania,ROU,19237682.0,85.12899999999998,43.0,,2020-03-08,2020-04-28,2020-02-27,2020-08-28,2020-08-26,2020-03-28,51,-10,173,181,-2,82.69,64.27980392156874,68.69,61.09424836601318,60.05875816993447,87.5,1504.0,58.0,263.0,1292.0,7.0,24.0,0.007817989714145393,0.0003014916246146496,0.0013671085736836695,3.6386920212112876e-05,0.006715985844864262,0.00012475515501295844,0.0001520115573175604,0.032967061751601225,11.38563170933113,-33.080047764627416,-45.13971539456662,-25.272421814422326,-22.85994832041344,-39.99766233766234,-32.13049095607235,3.0,1.0,2.0,1.0,2.0,1.0,4.0,1.0,2.0,0.0,2.0,1.0,2.0,1.0,4.0,2.0,0.0,2.0,2.0,1.0,2.0,1.0,808365.6,3997171108.48,0.0,33485732.0
RUS2020-08-31,Russia,RUS,145934460.0,8.823,39.6,,2020-03-05,2020-05-01,2020-02-01,2020-07-18,2020-06-19,2020-03-02,57,-33,135,139,-29,83.97,75.59483660130735,69.97,73.8704575163398,78.42294117647045,60.04901960784314,12640.0,312.0,0.0,2.0,0.0,0.0,0.008661422394683201,0.0002137946034130664,0.0,0.0,1.3704782270068355e-06,0.0,0.0,0.0,7.9,-20.055555555555557,-28.0,-3.344444444444445,-8.644444444444442,-31.011111111111113,-29.277777777777786,3.0,1.0,3.0,1.0,2.0,1.0,4.0,1.0,1.0,0.0,3.0,1.0,2.0,0.0,4.0,1.0,0.0,2.0,2.0,1.0,3.0,2.0,286175609.0,3940449989.55,1000000.0,1986246801.0
RWA2020-08-31,Rwanda,RWA,12952209.0,494.869,20.3,,2020-03-15,2020-03-21,2020-03-15,2020-08-26,2020-08-19,2020-04-14,6,0,164,157,-7,82.05,70.85947712418292,68.05,73.37823529411759,78.21686274509787,30.39215686274509,231.0,2.0,1.0,127.0,0.0,0.0,0.0017834795593554738,1.5441381466281157e-05,7.720690733140578e-06,0.0,0.0009805277231088537,0.0,0.0,0.0,22.820224719101123,-37.073121693121685,-45.51666666666666,-16.322222222222226,-39.822222222222216,-50.69259259259259,-33.01190476190476,3.0,1.0,3.0,1.0,2.0,1.0,3.0,1.0,2.0,1.0,3.0,1.0,2.0,1.0,4.0,1.0,1.0,1.0,2.0,1.0,3.0,2.0,0.0,162372000.0,0.0,16453484.0
SAU2020-08-31,Saudi Arabia,SAU,34813867.0,15.322,31.9,,2020-03-03,2020-05-27,2020-03-03,2020-06-18,2020-07-06,2020-04-02,85,0,107,125,18,88.46,77.33732026143792,74.46,77.42562091503265,80.4201960784315,60.37581699346405,4919.0,58.0,157.0,1720.0,6.0,16.0,0.014129427219331884,0.00016660028028486464,0.000450969724219375,1.7234511753606686e-05,0.004940560036033917,4.595869800961784e-05,1.6204270939891087e-05,0.010283803022935224,17.830119375573922,-41.5006548091084,-44.39920634920635,-46.52991452991454,-20.547619047619047,-61.06701030927835,-34.95952380952381,3.0,1.0,2.0,1.0,2.0,1.0,4.0,1.0,2.0,1.0,3.0,1.0,2.0,1.0,4.0,2.0,0.0,1.0,2.0,1.0,3.0,2.0,10000000.0,32278656994.1,525000000.0,139540000.0
SEN2020-08-31,Senegal,SEN,16743930.0,82.32799999999997,18.7,,2020-03-14,2020-04-11,2020-03-03,2020-08-13,2020-08-07,2020-04-02,28,-11,152,157,-6,76.28,63.05934640522867,62.28,57.613921568627326,62.50771241830046,66.09477124183006,207.0,9.0,15.0,190.0,1.0,1.0,0.0012362689046119995,5.375082193965216e-05,8.958470323275359e-05,5.972313548850241e-06,0.0011347395742815456,5.972313548850241e-06,8.032447390911529e-05,0.016928728070175435,15.030405405405405,-29.45524456179177,-37.74594594594596,-23.46411483253589,-21.166666666666668,-52.09119496855346,-12.808300395256918,3.0,1.0,2.0,0.0,2.0,1.0,4.0,1.0,0.0,0.0,3.0,1.0,2.0,1.0,4.0,1.0,1.0,2.0,2.0,1.0,3.0,2.0,0.0,1978200000.0,0.0,106163400.0
SRB2020-08-31,Serbia,SRB,6804596.0,80.291,41.2,,2020-03-06,2020-03-31,2020-03-07,2020-07-27,2020-07-11,2020-04-06,25,1,143,126,-16,85.26,56.60254901960782,71.26,55.5245098039216,59.0961437908497,42.892156862745104,467.0,18.0,284.0,1908.0,7.0,51.0,0.006863008472508874,0.0002645270931588003,0.004173649692061072,0.00010287164733953346,0.028039871874832832,0.0007494934306166009,0.003088799431746501,0.25387174019105785,14.082191780821915,-39.123287671232866,-47.602739726027394,-26.698630136986303,-24.75342465753425,-51.57534246575342,-44.98630136986301,3.0,1.0,3.0,1.0,2.0,1.0,4.0,1.0,2.0,1.0,3.0,1.0,2.0,1.0,4.0,2.0,0.0,1.0,2.0,1.0,3.0,2.0,0.0,0.0,0.0,125518385.0
SYC2020-08-31,Seychelles,SYC,98340.0,208.354,36.2,,2020-03-15,2020-04-09,2020-03-15,2020-07-07,2020-03-15,2020-04-14,25,0,114,0,-114,81.41,49.90222222222216,67.41,48.008888888888855,54.43150326797386,25.0,70.0,0.0,0.0,10.0,0.0,0.0,0.07118161480577588,0.0,0.0,0.0,0.01016880211511084,0.0,0.002447291709036675,0.004730842911877395,,,,,,,,3.0,1.0,3.0,1.0,2.0,1.0,4.0,1.0,2.0,1.0,2.0,1.0,2.0,1.0,4.0,0.0,0.0,1.0,2.0,1.0,2.0,2.0,0.0,28000000.0,0.0,0.0
SLE2020-08-31,Sierra Leone,SLE,7976985.0,104.7,19.1,,2020-04-01,2020-05-03,2020-04-01,2020-05-25,2020-05-15,2020-05-01,32,0,54,44,-10,82.05,56.10071895424854,68.05,57.469084967320136,62.17078431372539,22.7124183006536,86.0,5.0,8.0,124.0,3.0,7.0,0.001078101563435308,6.268032345554116e-05,0.00010028851752886586,3.7608194073324695e-05,0.0015544720216974207,8.775245283775763e-05,0.0,0.0,,,,,,,,3.0,1.0,3.0,1.0,2.0,1.0,4.0,1.0,1.0,1.0,3.0,1.0,2.0,1.0,4.0,0.0,0.0,1.0,2.0,1.0,2.0,2.0,0.0,7500000.0,0.0,0.0
SGP2020-08-31,Singapore,SGP,5850343.0,7915.731,42.4,,2020-01-20,2020-05-26,2020-01-24,2020-04-21,2020-03-22,2020-02-23,127,4,92,58,-30,84.62,71.70888888888899,70.62,66.21856209150327,69.33235294117645,84.80392156862743,1426.0,2.0,3.0,89.0,0.0,0.0,0.02437463923055452,3.418602977637379e-05,5.127904466456071e-05,0.0,0.0015212783250486339,0.0,0.0,0.0,15.353846153846154,-19.301538461538463,-23.4,-18.33846153846153,-7.969230769230768,-28.784615384615392,-18.015384615384615,3.0,1.0,3.0,1.0,2.0,1.0,4.0,1.0,1.0,1.0,2.0,1.0,2.0,1.0,3.0,2.0,1.0,2.0,2.0,1.0,2.0,2.0,0.0,70726861804.0,0.0,5600000.0
SVK2020-08-31,Slovakia,SVK,5459643.0,113.128,41.2,,2020-03-07,2020-04-08,2020-03-07,2020-08-22,2020-04-16,2020-04-06,32,0,168,40,-128,83.97,61.3367973856209,69.97,53.03254901960776,56.579607843137204,87.5,123.0,4.0,14.0,485.0,0.0,0.0,0.0022528945573913896,7.326486365500455e-05,0.0002564270227925159,0.0,0.008883364718169301,0.0,1.2943459245717472e-05,0.0008731322228739875,12.451851851851853,-26.532214838853694,-52.67037037037037,18.13769123783032,-20.04567901234568,-44.43703703703704,-33.64567901234568,,,,,,,,,,,,,,,,,,,,,,,,,,
SVN2020-08-31,Slovenia,SVN,2078932.0,102.619,44.5,,2020-03-05,2020-03-30,2020-03-05,2020-03-29,2020-04-06,2020-04-04,25,0,24,32,8,86.54,59.0614379084966,72.54,51.684183006536045,57.43973856209158,67.97385620915033,59.0,6.0,37.0,934.0,4.0,20.0,0.0028379956631578137,0.0002886097284567268,0.0017797599921498153,0.00019240648563781788,0.044926914396430484,0.0009620324281890895,0.0,0.0,12.246315789473686,-36.82801784345904,-50.6125,-19.060532687651328,-30.908232826428947,-45.93092783505155,-37.627895868163364,3.0,1.0,3.0,1.0,2.0,1.0,4.0,1.0,2.0,1.0,1.0,1.0,2.0,1.0,3.0,1.0,1.0,2.0,2.0,1.0,2.0,2.0,15300000.0,6564536075.55,0.0,0.0
SOM2020-08-31,Somalia,SOM,15893219.0,23.5,16.8,,2020-03-19,2020-04-11,2020-03-17,2020-05-29,2020-04-23,2020-04-16,23,-2,71,37,-36,44.23,33.312875816993426,30.23,42.74562091503259,38.32803921568628,5.718954248366012,97.0,6.0,20.0,80.0,3.0,5.0,0.0006103231824843036,3.775194943201877e-05,0.00012583983144006254,1.8875974716009387e-05,0.0005033593257602503,3.1459957860015634e-05,0.0,0.0,,,,,,,,3.0,1.0,1.0,1.0,2.0,1.0,3.0,1.0,0.0,0.0,1.0,1.0,0.0,0.0,4.0,0.0,0.0,1.0,2.0,1.0,1.0,1.0,0.0,5000000.0,0.0,0.0
ZAF2020-08-31,South Africa,ZAF,59308690.0,46.754,27.3,12294.876,2020-03-07,2020-05-29,2020-03-06,2020-07-25,2020-07-23,2020-04-05,83,-1,140,139,-2,85.26,79.54915032679754,71.26,81.68183006535956,84.41699346405233,52.77777777777778,13944.0,572.0,80.0,1585.0,2.0,9.0,0.023510888539268027,0.0009644455138024463,0.00013488748444789454,3.3721871111973638e-06,0.0026724582856239108,1.5174842000388138e-05,0.0,0.0,20.636666666666667,-38.27307993966817,-47.67333333333333,-27.52,-26.054444444444453,-51.67873303167421,-38.43888888888889,3.0,1.0,3.0,1.0,2.0,1.0,4.0,1.0,1.0,1.0,2.0,1.0,2.0,1.0,4.0,1.0,1.0,2.0,2.0,1.0,3.0,2.0,0.0,59075995390.0,0.0,31267209.54
KOR2020-08-31,South Korea,KOR,51269183.0,527.967,43.4,,2020-02-01,2020-04-06,2020-01-20,2020-02-29,2020-03-20,2020-02-19,65,-12,28,60,20,80.13,60.31843137254891,66.13,53.790915032679614,62.19215686274518,50.0,909.0,9.0,15.0,46.0,0.0,0.0,0.0017729949002698172,1.7554404953166504e-05,2.925734158861084e-05,0.0,8.972251420507325e-05,0.0,0.0,0.0,7.077922077922077,-4.335064935064935,-18.09090909090909,20.623376623376625,-0.2987012987012987,-15.92207792207792,-7.987012987012987,3.0,1.0,3.0,1.0,2.0,1.0,4.0,1.0,0.0,0.0,2.0,1.0,2.0,1.0,3.0,1.0,1.0,1.0,2.0,1.0,3.0,2.0,174100000.0,259912237020.78,61600000.0,3635099223.0
ESP2020-08-30,Spain,ESP,46754783.0,93.105,45.5,,2020-01-31,2020-04-05,2020-02-01,2020-08-24,2020-06-19,2020-03-02,65,1,206,139,-66,81.41,68.65697368421043,67.41,67.76684210526327,65.33309210526316,86.92434210526315,19382.0,1179.0,54.0,136.0,0.0,0.0,0.04145458230444573,0.002521667141520045,0.00011549620495511655,0.0,0.00029087933099807136,0.0,1.0337623283019693e-07,5.9854497354497355e-05,16.636815920398007,-44.510926395389774,-56.16447368421053,-44.16447368421053,-31.12862796833773,-50.43653032440056,-40.660526315789475,3.0,1.0,3.0,1.0,2.0,1.0,4.0,1.0,1.0,1.0,2.0,1.0,2.0,1.0,4.0,2.0,1.0,2.0,2.0,1.0,2.0,2.0,26342520.0,0.0,0.0,4213490754.25
LKA2020-08-31,Sri Lanka,LKA,21413250.0,341.955,34.1,,2020-02-06,2020-04-07,2020-01-28,2020-07-10,2020-03-29,2020-02-27,61,-9,155,61,-103,82.05,62.95803921568624,68.05,63.78071895424848,67.21568627450982,39.54248366013072,256.0,1.0,0.0,1.0,0.0,0.0,0.001195521464513794,4.670005720757008e-06,0.0,0.0,4.670005720757008e-06,0.0,0.0,0.0,23.59756097560976,-38.52195121951221,-47.487804878048784,-25.81707317073171,-40.25609756097561,-40.84146341463415,-38.207317073170735,3.0,1.0,3.0,1.0,2.0,1.0,4.0,1.0,2.0,1.0,3.0,1.0,2.0,1.0,4.0,0.0,0.0,2.0,2.0,1.0,2.0,2.0,0.0,900534736.0,133000000.0,133797097.89
SDN2020-08-31,Sudan,SDN,43849269.0,23.25800000000001,19.7,,2020-03-14,2020-05-29,2020-03-14,2020-06-17,2020-05-30,2020-04-13,76,0,95,77,-18,80.13,69.1785620915032,66.13,80.13692810457505,76.17183006535944,30.718954248366014,520.0,38.0,0.0,19.0,0.0,2.0,0.0011858806585806482,8.666050966550891e-05,0.0,0.0,4.333025483275445e-05,4.5610794560794155e-06,1.0634156751849158e-05,0.011164444547439542,,,,,,,,3.0,1.0,3.0,1.0,2.0,1.0,3.0,1.0,2.0,1.0,2.0,1.0,2.0,1.0,4.0,1.0,1.0,1.0,2.0,1.0,2.0,1.0,0.0,300000003.0,0.0,124070000.0
SUR2020-08-31,Suriname,SUR,586634.0,3.612,29.6,,2020-03-15,2020-06-04,2020-03-15,2020-08-19,2020-08-12,2020-04-14,81,0,157,150,-7,78.85,68.66490196078428,64.85,82.37248366013084,75.68300653594756,30.065359477124186,139.0,9.0,0.0,10.0,0.0,1.0,0.023694501171087932,0.0015341763348186432,0.0,0.0,0.0017046403720207151,0.00017046403720207147,0.0017357784694829598,0.012010219688542826,,,,,,,,3.0,1.0,3.0,1.0,2.0,1.0,4.0,1.0,2.0,1.0,2.0,1.0,2.0,1.0,4.0,0.0,0.0,2.0,2.0,1.0,2.0,1.0,0.0,147503680.0,0.0,53640000.0
SWZ2020-08-31,Swaziland,SWZ,1160164.0,79.492,21.5,,2020-03-15,2020-04-03,2020-03-15,2020-07-30,2020-07-29,2020-04-14,19,0,137,136,-1,76.28,69.56006535947712,62.28,81.98450980392148,77.66816993464063,25.0,147.0,5.0,1.0,15.0,0.0,0.0,0.012670622429242762,0.00043097355201505993,8.619471040301199e-05,0.0,0.0012929206560451801,0.0,0.0,0.0,,,,,,,,,,,,,,,,,,,,,,,,,,,,,,,,,
SWE2020-08-31,Sweden,SWE,10099270.0,24.718000000000004,41.0,,2020-03-09,2020-06-04,2020-02-01,2020-06-26,2020-04-10,2020-03-02,87,-37,109,69,-77,50.64,46.56032679738557,36.64,41.95372549019614,43.658954248366,62.5,1698.0,115.0,3.0,14.0,0.0,0.0,0.016813096392115468,0.0011386961631880323,2.9705117300557374e-05,0.0,0.00013862388073593434,0.0,0.0,0.0,7.013491635186185,-1.6999507945430636,-12.813209494324045,53.98774080560421,-1.912537917087968,-26.94306049822064,-20.818686868686868,1.0,1.0,1.0,1.0,1.0,1.0,3.0,1.0,0.0,0.0,0.0,0.0,1.0,1.0,3.0,2.0,0.0,1.0,2.0,1.0,2.0,2.0,9900000.0,8162169045.7,44253000.0,648949668.03
CHE2020-08-31,Switzerland,CHE,8654618.0,214.243,43.1,,2020-02-25,2020-05-11,2020-02-26,2020-03-28,2020-04-01,2020-03-27,76,1,32,35,4,67.95,57.541241830065324,53.95,54.484313725490104,59.37071895424842,47.467320261437905,1390.0,78.0,1000.0,10714.0,58.0,161.0,0.01606078974253976,0.0009012529495813679,0.011554524994632923,0.0006701624496887095,0.12379518079249716,0.0018602785241359008,0.0,0.0,13.989003880983182,-21.591345748841995,-47.43165115139637,10.233180428134556,-6.004186289900575,-34.39931594698589,-30.35475578406169,3.0,1.0,3.0,1.0,2.0,1.0,4.0,1.0,0.0,0.0,1.0,1.0,1.0,1.0,3.0,2.0,0.0,1.0,2.0,1.0,3.0,2.0,329000000.0,70928000000.0,323000000.0,2702000000.0
TJK2020-08-31,Tajikistan,TJK,9537642.0,64.281,23.3,,2020-05-01,2020-06-20,2020-05-01,2020-05-29,2020-05-10,2020-05-31,50,0,28,9,-19,64.74,52.94845528455286,50.74,58.50585365853655,55.443495934959394,39.227642276422756,463.0,8.0,244.0,3807.0,0.0,47.0,0.0048544493492206995,8.387817450057362e-05,0.002558284322267496,0.0,0.03991552629046047,0.0004927842751908701,0.0,0.0,5.6,-24.882352941176467,-27.223529411764698,-19.88235294117647,-21.95294117647059,-34.24705882352941,-21.105882352941176,2.0,1.0,2.0,1.0,2.0,1.0,3.0,1.0,2.0,0.0,2.0,1.0,2.0,1.0,4.0,1.0,1.0,1.0,2.0,1.0,1.0,1.0,0.0,2651200.0,0.0,292800.0
TZA2020-08-31,Tanzania,TZA,59734213.0,64.699,17.7,,2020-03-17,2020-04-12,2020-03-17,2020-04-30,2020-04-30,2020-04-16,26,0,44,44,0,38.46,27.344509803921643,24.46,35.47032679738557,32.31718954248361,0.0,174.0,6.0,35.0,88.0,1.0,4.0,0.0002912903531515515,1.0044494936260398e-05,5.859288712818565e-05,1.6740824893767328e-06,0.0001473192590651525,6.696329957506931e-06,2.0094570147485384e-06,0.0013233119103530672,6.959798994974874,-13.862562563787632,-22.525252525252533,-17.07638888888889,-7.75133214920071,-11.657973174366616,-10.301866081229418,3.0,1.0,0.0,0.0,2.0,1.0,3.0,1.0,0.0,0.0,0.0,0.0,0.0,0.0,4.0,0.0,0.0,0.0,2.0,1.0,0.0,1.0,0.0,0.0,0.0,303513025.0
THA2020-08-31,Thailand,THA,69799978.0,135.132,40.1,16277.671,2020-03-06,2020-05-01,2020-01-13,2020-03-31,2020-04-04,2020-02-12,56,-53,25,82,4,81.41,68.53098039215678,67.41,62.060130718954106,64.65215686274527,89.86928104575163,263.0,4.0,1.0,33.0,0.0,0.0,0.0003767909497048839,5.730660832013442e-06,1.4326652080033609e-06,0.0,4.72779518641109e-05,0.0,0.0,0.0,13.377777777777775,-29.371111111111112,-34.755555555555546,-36.62222222222222,-8.011111111111111,-45.2,-22.266666666666666,3.0,1.0,3.0,1.0,2.0,1.0,3.0,1.0,1.0,0.0,1.0,1.0,2.0,1.0,4.0,2.0,1.0,2.0,2.0,1.0,2.0,2.0,1390000000.0,139699324642.0,0.0,19354778041.0
TLS2020-08-31,Timor,TLS,1318442.0,87.176,18.0,,2020-03-22,2020-04-17,2020-03-22,2020-04-17,2020-03-22,2020-04-21,26,0,26,0,-26,74.36,56.4684967320261,60.36,43.29490196078439,50.813071895424784,87.58169934640524,12.0,0.0,3.0,22.0,0.0,0.0,0.000910165179810716,0.0,0.00022754129495267895,0.0,0.0016686361629863124,0.0,0.0,0.0,,,,,,,,,,,,,,,,,,,,,,,,,,,,,,,,,
TGO2020-08-31,Togo,TGO,8278737.0,143.366,19.4,1429.8129999999999,2020-03-16,2020-05-26,2020-03-07,2020-08-29,2020-04-17,2020-04-06,71,-9,166,41,-134,68.59,55.510522875817,54.59,60.75444444444443,58.56183006535962,38.72549019607843,39.0,2.0,3.0,44.0,0.0,3.0,0.00047108635049041903,2.4158274384124052e-05,3.6237411576186075e-05,0.0,0.0005314820364507292,3.6237411576186075e-05,0.0,0.0,16.75,-20.263836888435925,-28.88888888888889,-8.585635359116022,-16.666666666666668,-35.666666666666664,-11.511326860841427,3.0,1.0,2.0,1.0,2.0,1.0,2.0,1.0,0.0,0.0,2.0,1.0,2.0,0.0,4.0,1.0,1.0,1.0,2.0,1.0,1.0,2.0,0.0,670274728.37,0.0,1004059.72
TTO2020-08-31,Trinidad and Tobago,TTO,1399491.0,266.886,36.2,,2020-03-13,2020-04-28,2020-03-13,2020-08-27,2020-08-29,2020-04-12,46,0,167,169,2,87.18,70.21424836601305,73.18,73.09032679738567,73.73921568627436,50.81699346405229,159.0,4.0,3.0,112.0,0.0,8.0,0.01136127349157658,0.0002858182010459517,0.00021436365078446377,0.0,0.008002909629286648,0.0005716364020919034,0.0,0.0,20.177777777777774,-43.4088888888889,-48.83333333333334,-41.08888888888889,-18.177777777777774,-65.27777777777777,-43.66666666666666,3.0,1.0,3.0,1.0,2.0,1.0,4.0,1.0,1.0,1.0,2.0,1.0,2.0,1.0,4.0,2.0,1.0,1.0,2.0,1.0,2.0,2.0,0.0,457872110.49,0.0,23260773.0
TUN2020-08-31,Tunisia,TUN,11818618.0,74.22800000000002,32.7,10849.296999999999,2020-03-09,2020-05-07,2020-03-03,2020-08-20,2020-04-05,2020-04-02,59,-6,164,33,-137,82.05,57.687189542483644,68.05,53.15169934640529,54.53993464052287,75.0,242.0,5.0,32.0,394.0,1.0,10.0,0.0020476167348838924,4.230613088603083e-05,0.00027075923767059737,8.461226177206168e-06,0.0033337231138192303,8.461226177206166e-05,2.095563683221394e-05,0.0027170440821256037,,,,,,,,3.0,1.0,3.0,1.0,2.0,1.0,4.0,1.0,1.0,1.0,2.0,1.0,2.0,1.0,4.0,1.0,1.0,2.0,2.0,1.0,1.0,2.0,0.0,816000000.0,0.0,34231980.0
TUR2020-08-31,Turkey,TUR,84339067.0,104.914,31.6,,2020-03-12,2020-04-19,2020-03-12,2020-04-12,2020-04-20,2020-04-11,38,0,31,39,8,76.28,68.10790849673228,62.28,64.01196078431377,66.98738562091495,74.26470588235293,5138.0,127.0,4747.0,47029.0,98.0,1006.0,0.006092075929651913,0.00015058264754102627,0.005628471085647651,0.00011619763353559506,0.055761821505566335,0.001192804278947027,0.0001398953447889441,0.13280176805955568,14.304919197300658,-35.01932889579192,-49.64319930323705,-20.643187250996014,-15.940759344068544,-53.02202027263195,-35.847478308026034,3.0,1.0,2.0,1.0,2.0,1.0,0.0,0.0,1.0,1.0,3.0,1.0,2.0,1.0,4.0,2.0,0.0,2.0,2.0,1.0,2.0,2.0,0.0,15432708096.0,5000000.0,0.0
UGA2020-08-31,Uganda,UGA,45741000.0,213.759,16.4,1697.707,2020-03-22,2020-03-30,2020-03-22,2020-08-24,2020-08-21,2020-04-21,8,0,155,152,-3,78.85,71.8209803921568,64.85,84.64130718954259,77.48058823529419,40.68627450980392,415.0,4.0,1.0,56.0,0.0,0.0,0.0009072823069019043,8.744889705078595e-06,2.1862224262696493e-06,0.0,0.00012242845587110028,0.0,0.0,0.0,21.29957805907173,-37.31887520713102,-47.71007371007371,-15.172222222222222,-43.2093023255814,-55.35833333333333,-25.144444444444453,3.0,1.0,3.0,1.0,2.0,1.0,4.0,1.0,2.0,1.0,2.0,1.0,2.0,1.0,4.0,0.0,0.0,2.0,2.0,1.0,1.0,2.0,0.0,432421867.83,0.0,6793553879.0
UKR2020-08-31,Ukraine,UKR,43733759.0,77.39,41.4,,2020-03-12,2020-05-07,2020-03-04,2020-08-26,2020-08-27,2020-04-03,56,-8,167,176,1,80.13,62.27607843137257,66.13,65.28137254901961,66.77895424836588,37.5,3331.0,85.0,103.0,897.0,2.0,22.0,0.0076165417200931675,0.00019435786436743292,0.00023551600035112466,4.573126220410187e-06,0.002051047109853969,5.030438842451206e-05,4.045457810362858e-08,0.0014403998778998778,9.0,-21.086666666666666,-34.322222222222216,7.288888888888889,-12.244444444444444,-33.94444444444444,-32.21111111111111,3.0,1.0,2.0,1.0,2.0,1.0,4.0,1.0,2.0,1.0,1.0,1.0,2.0,1.0,4.0,1.0,0.0,1.0,2.0,1.0,2.0,2.0,0.0,4153198772.52,0.0,3180674303.37
ARE2020-08-31,United Arab Emirates,ARE,9890400.0,112.442,34.0,,2020-03-01,2020-04-13,2020-01-27,2020-05-23,2020-05-11,2020-02-26,43,-34,83,105,-12,85.26,67.29065359477121,71.26,64.44477124182994,70.4354901960785,50.0,994.0,13.0,0.0,13.0,0.0,0.0,0.010050149640055005,0.00013144058885383806,0.0,0.0,0.00013144058885383806,0.0,0.0,0.0,19.00614439324117,-37.28645833333333,-39.62222222222222,-49.111111111111114,-17.843055555555555,-49.68229166666666,-30.17361111111111,3.0,1.0,2.0,1.0,2.0,1.0,4.0,1.0,2.0,1.0,2.0,1.0,2.0,1.0,4.0,0.0,0.0,2.0,2.0,1.0,3.0,2.0,0.0,71885876106.0,10000000.0,0.0
GBR2020-08-31,United Kingdom,GBR,67886004.0,272.898,40.8,,2020-01-31,2020-06-08,2020-02-01,2020-04-24,2020-04-22,2020-03-02,129,1,84,81,-2,78.85,73.71732026143799,64.85,71.12450980392167,68.93411764705868,100.0,5487.0,1224.0,5.0,47.0,0.0,0.0,0.008082667525989599,0.0018030226083126054,7.3652884326495345e-06,0.0,6.923371126690561e-05,0.0,0.0,0.0,12.478063874461267,-26.24983044904183,-38.84003194037796,-9.5,-13.111510476023495,-35.04264640143049,-34.75496342737722,3.0,1.0,3.0,1.0,2.0,1.0,4.0,1.0,1.0,1.0,3.0,1.0,2.0,1.0,2.0,2.0,1.0,2.0,2.0,1.0,2.0,2.0,254591132.11,542433056815.24,207860000.0,14782216040.71
USA2020-08-31,United States,USA,331002647.0,35.60800000000001,38.3,,2020-03-02,2020-03-27,2020-01-21,2020-07-25,2020-04-16,2020-02-20,25,-41,145,86,-100,71.47,69.8051633986926,57.47,70.27869281045719,71.13810457516323,62.5,78427.0,4928.0,0.0,15.0,0.0,0.0,0.023693768225364068,0.0014888098462850054,0.0,0.0,4.531685814585041e-06,0.0,0.0,0.0,12.56431623931624,-12.983664440673435,-26.46901709401709,29.022917112872143,-4.227777777777779,-30.00106837606837,-33.243376068376065,3.0,1.0,3.0,1.0,2.0,1.0,4.0,1.0,2.0,1.0,2.0,1.0,2.0,1.0,3.0,2.0,1.0,2.0,2.0,1.0,3.0,2.0,1950000000.0,2539521243630.0,2170950000.0,410075135000.0
URY2020-08-31,Uruguay,URY,3473727.0,19.751,35.6,,2020-03-15,2020-04-02,2020-03-15,2020-03-30,2020-04-03,2020-04-14,18,0,15,19,4,66.03,51.76450980392164,52.03,47.16732026143786,48.86287581699353,67.72875816993465,36.0,2.0,7.0,472.0,0.0,8.0,0.0010363508704051873,5.757504835584374e-05,0.00020151266924545307,0.0,0.013587711411979122,0.00023030019342337496,0.0,0.0,13.775026910656619,-38.64799928382892,-44.57630522088353,-58.48137854363535,-21.909868421052632,-50.87043418332185,-17.402010050251256,3.0,1.0,1.0,1.0,2.0,1.0,0.0,0.0,1.0,1.0,2.0,1.0,2.0,1.0,4.0,2.0,0.0,2.0,2.0,1.0,3.0,1.0,0.0,520000000.0,0.0,0.0
UZB2020-08-31,Uzbekistan,UZB,33469199.0,76.134,28.2,,2020-03-16,2020-04-28,2020-03-16,2020-08-18,2020-08-18,2020-04-15,43,0,155,155,0,84.62,71.66058823529411,70.62,77.58307189542498,75.59836601307201,50.0,1156.0,12.0,167.0,1165.0,0.0,4.0,0.003453921917880377,3.585386073924267e-05,0.0004989662286211271,0.0,0.003480812313434809,1.195128691308089e-05,0.0,0.0,,,,,,,,3.0,1.0,3.0,1.0,2.0,1.0,4.0,1.0,2.0,1.0,2.0,1.0,2.0,1.0,4.0,0.0,0.0,2.0,2.0,1.0,1.0,2.0,0.0,1472818730.0,0.0,66565444.0
VEN2020-08-31,Venezuela,VEN,28435943.0,36.253,29.0,,2020-03-15,2020-06-22,2020-03-15,2020-08-12,2020-08-30,2020-04-14,99,0,150,168,18,75.64,72.38562091503275,61.64,84.12751633986944,76.45581699346391,50.0,2133.0,17.0,8.0,189.0,0.0,9.0,0.007501070036608245,5.978349302500713e-05,2.8133408482356294e-05,0.0,0.0006646517753956674,3.1650084542650824e-05,6.382767049434583e-05,0.054348468462901166,17.955555555555556,-46.00222222222222,-54.4111111111111,-47.477777777777774,-33.96666666666667,-55.4,-38.755555555555546,3.0,1.0,3.0,1.0,2.0,1.0,4.0,1.0,2.0,1.0,2.0,1.0,2.0,1.0,4.0,0.0,0.0,2.0,2.0,1.0,3.0,0.0,0.0,0.0,0.0,10000002.0
VNM2020-08-31,Vietnam,VNM,97338583.0,308.127,32.6,6171.884,2020-01-29,2020-04-09,2020-01-24,2020-07-31,2020-08-12,2020-02-23,71,-5,184,201,12,85.9,67.00503267973852,71.9,68.95986928104577,73.45686274509808,31.535947712418302,50.0,4.0,0.0,16.0,0.0,0.0,5.136709253308115e-05,4.109367402646492e-06,0.0,0.0,1.6437469610585972e-05,0.0,0.0,0.0,9.433304272013947,-21.40621533756409,-27.892947635135137,-20.971131394608364,-20.098514635211888,-32.08938673908124,-5.979096283783784,3.0,1.0,3.0,1.0,2.0,1.0,4.0,1.0,2.0,1.0,2.0,1.0,2.0,1.0,4.0,1.0,1.0,1.0,2.0,1.0,3.0,2.0,0.0,17860000000.0,60050.0,86180.0
YEM2020-08-31,Yemen,YEM,29825968.0,53.508,20.3,,2020-04-10,2020-05-01,2020-04-10,2020-06-16,2020-07-13,2020-05-10,21,0,67,94,27,40.38,32.00375000000001,26.38000000000001,46.229999999999826,37.827152777777854,0.0,116.0,52.0,0.0,34.0,0.0,7.0,0.0003889228339546264,0.0001743447186693153,0.0,0.0,0.00011399462374532153,2.3469481359330906e-05,0.00029985950497901697,0.1046403411197627,6.1555555555555586,-7.18,-8.622222222222222,-10.466666666666667,1.6333333333333333,-9.344444444444443,-9.1,3.0,1.0,2.0,1.0,2.0,1.0,0.0,0.0,0.0,0.0,2.0,1.0,2.0,0.0,4.0,0.0,0.0,0.0,1.0,1.0,0.0,0.0,0.0,0.0,0.0,0.0
ZMB2020-08-31,Zambia,ZMB,18383956.0,22.995,17.7,,2020-03-19,2020-05-02,2020-03-19,2020-07-18,2020-07-15,2020-04-18,44,0,121,118,-3,63.14,48.77052287581688,49.14,50.07640522875825,53.09398692810456,25.0,527.0,40.0,4.0,52.0,0.0,2.0,0.0028666300115165635,0.00021758102554205415,2.1758102554205414e-05,0.0,0.00028285533320467044,1.0879051277102707e-05,0.0,0.0,11.311111111111117,-8.419999999999998,-12.6,-1.4888888888888892,-4.111111111111111,-16.433333333333334,-7.466666666666668,3.0,1.0,3.0,1.0,2.0,1.0,4.0,1.0,0.0,0.0,2.0,1.0,2.0,1.0,4.0,0.0,0.0,1.0,2.0,1.0,1.0,2.0,0.0,572956000.0,0.0,38360000.0
ZWE2020-08-31,Zimbabwe,ZWE,14862927.0,42.729,19.6,1899.775,2020-03-21,2020-04-09,2020-03-21,2020-08-02,2020-08-13,2020-04-20,19,0,134,145,11,71.15,66.13725490196096,57.15000000000001,81.16647058823517,73.826405228758,23.8562091503268,490.0,18.0,0.0,25.0,0.0,3.0,0.0032967934243369424,0.00012110669722054074,0.0,0.0,0.00016820374613963994,2.0184449536756796e-05,0.0,0.0,28.82198952879581,-39.289466481346395,-43.195729537366546,-38.72375690607735,-27.11673151750973,-58.44852941176471,-28.96258503401361,3.0,1.0,3.0,1.0,2.0,1.0,3.0,1.0,1.0,1.0,2.0,1.0,2.0,1.0,4.0,1.0,1.0,0.0,2.0,1.0,1.0,1.0,1.1,1315000000.0,0.0,50.0
