date_updated,primary_key_reaction,iso_code,continent,location,population,population_density,median_age,new_cases,percentage_of_Pop_New_Cases,new_deaths,percentage_of_Pop_New_Deaths,new_tests,percentage_of_Pop_New_Tests,total_cases_updated,percentage_of_Pop_Total_Cases,total_deaths_updated,percentage_of_Pop_Total_Deaths,total_tests_updated,percentage_of_Pop_Total_Tests,primary_key_response,StringencyIndex_updated,percentage_change_stringency,StringencyLegacyIndex_updated,GovernmentResponseIndex_updated,percentage_change_GovernmentResponse,ContainmentHealthIndex_updated,percentage_change_ContainmentHealth,EconomicSupportIndex_updated,percentage_change_EconomicSupport
2020-01-01,USA2020-01-01,USA,North America,United States,331002647.0,35.60800000000001,38.3,0.0,0.0,0.0,0.0,0.0,0.0,0.0,0.0,0.0,0.0,0.0,0.0,USA2020-01-01,0.0,0.0,0.0,0.0,0.0,0.0,0.0,0.0,0.0
2020-01-02,USA2020-01-02,USA,North America,United States,331002647.0,35.60800000000001,38.3,0.0,0.0,0.0,0.0,0.0,0.0,0.0,0.0,0.0,0.0,0.0,0.0,USA2020-01-02,0.0,0.0,0.0,0.0,0.0,0.0,0.0,0.0,0.0
2020-01-03,USA2020-01-03,USA,North America,United States,331002647.0,35.60800000000001,38.3,0.0,0.0,0.0,0.0,0.0,0.0,0.0,0.0,0.0,0.0,0.0,0.0,USA2020-01-03,0.0,0.0,0.0,0.0,0.0,0.0,0.0,0.0,0.0
2020-01-04,USA2020-01-04,USA,North America,United States,331002647.0,35.60800000000001,38.3,0.0,0.0,0.0,0.0,0.0,0.0,0.0,0.0,0.0,0.0,0.0,0.0,USA2020-01-04,0.0,0.0,0.0,0.0,0.0,0.0,0.0,0.0,0.0
2020-01-05,USA2020-01-05,USA,North America,United States,331002647.0,35.60800000000001,38.3,0.0,0.0,0.0,0.0,0.0,0.0,0.0,0.0,0.0,0.0,0.0,0.0,USA2020-01-05,0.0,0.0,0.0,0.0,0.0,0.0,0.0,0.0,0.0
2020-01-06,USA2020-01-06,USA,North America,United States,331002647.0,35.60800000000001,38.3,0.0,0.0,0.0,0.0,0.0,0.0,0.0,0.0,0.0,0.0,0.0,0.0,USA2020-01-06,0.0,0.0,0.0,0.0,0.0,0.0,0.0,0.0,0.0
2020-01-07,USA2020-01-07,USA,North America,United States,331002647.0,35.60800000000001,38.3,0.0,0.0,0.0,0.0,0.0,0.0,0.0,0.0,0.0,0.0,0.0,0.0,USA2020-01-07,0.0,0.0,0.0,0.0,0.0,0.0,0.0,0.0,0.0
2020-01-08,USA2020-01-08,USA,North America,United States,331002647.0,35.60800000000001,38.3,0.0,0.0,0.0,0.0,0.0,0.0,0.0,0.0,0.0,0.0,0.0,0.0,USA2020-01-08,0.0,0.0,0.0,0.0,0.0,0.0,0.0,0.0,0.0
2020-01-09,USA2020-01-09,USA,North America,United States,331002647.0,35.60800000000001,38.3,0.0,0.0,0.0,0.0,0.0,0.0,0.0,0.0,0.0,0.0,0.0,0.0,USA2020-01-09,0.0,0.0,0.0,0.0,0.0,0.0,0.0,0.0,0.0
2020-01-10,USA2020-01-10,USA,North America,United States,331002647.0,35.60800000000001,38.3,0.0,0.0,0.0,0.0,0.0,0.0,0.0,0.0,0.0,0.0,0.0,0.0,USA2020-01-10,0.0,0.0,0.0,0.0,0.0,0.0,0.0,0.0,0.0
2020-01-11,USA2020-01-11,USA,North America,United States,331002647.0,35.60800000000001,38.3,0.0,0.0,0.0,0.0,0.0,0.0,0.0,0.0,0.0,0.0,0.0,0.0,USA2020-01-11,0.0,0.0,0.0,0.0,0.0,0.0,0.0,0.0,0.0
2020-01-12,USA2020-01-12,USA,North America,United States,331002647.0,35.60800000000001,38.3,0.0,0.0,0.0,0.0,0.0,0.0,0.0,0.0,0.0,0.0,0.0,0.0,USA2020-01-12,0.0,0.0,0.0,0.0,0.0,0.0,0.0,0.0,0.0
2020-01-13,USA2020-01-13,USA,North America,United States,331002647.0,35.60800000000001,38.3,0.0,0.0,0.0,0.0,0.0,0.0,0.0,0.0,0.0,0.0,0.0,0.0,USA2020-01-13,0.0,0.0,0.0,0.0,0.0,0.0,0.0,0.0,0.0
2020-01-14,USA2020-01-14,USA,North America,United States,331002647.0,35.60800000000001,38.3,0.0,0.0,0.0,0.0,0.0,0.0,0.0,0.0,0.0,0.0,0.0,0.0,USA2020-01-14,0.0,0.0,0.0,0.0,0.0,0.0,0.0,0.0,0.0
2020-01-15,USA2020-01-15,USA,North America,United States,331002647.0,35.60800000000001,38.3,0.0,0.0,0.0,0.0,0.0,0.0,0.0,0.0,0.0,0.0,0.0,0.0,USA2020-01-15,0.0,0.0,0.0,0.0,0.0,0.0,0.0,0.0,0.0
2020-01-16,USA2020-01-16,USA,North America,United States,331002647.0,35.60800000000001,38.3,0.0,0.0,0.0,0.0,0.0,0.0,0.0,0.0,0.0,0.0,0.0,0.0,USA2020-01-16,0.0,0.0,0.0,0.0,0.0,0.0,0.0,0.0,0.0
2020-01-17,USA2020-01-17,USA,North America,United States,331002647.0,35.60800000000001,38.3,0.0,0.0,0.0,0.0,0.0,0.0,0.0,0.0,0.0,0.0,0.0,0.0,USA2020-01-17,0.0,0.0,0.0,0.0,0.0,0.0,0.0,0.0,0.0
2020-01-18,USA2020-01-18,USA,North America,United States,331002647.0,35.60800000000001,38.3,0.0,0.0,0.0,0.0,0.0,0.0,0.0,0.0,0.0,0.0,0.0,0.0,USA2020-01-18,0.0,0.0,0.0,0.0,0.0,0.0,0.0,0.0,0.0
2020-01-19,USA2020-01-19,USA,North America,United States,331002647.0,35.60800000000001,38.3,0.0,0.0,0.0,0.0,0.0,0.0,0.0,0.0,0.0,0.0,0.0,0.0,USA2020-01-19,0.0,0.0,0.0,0.0,0.0,0.0,0.0,0.0,0.0
2020-01-20,USA2020-01-20,USA,North America,United States,331002647.0,35.60800000000001,38.3,0.0,0.0,0.0,0.0,0.0,0.0,0.0,0.0,0.0,0.0,0.0,0.0,USA2020-01-20,0.0,0.0,0.0,0.0,0.0,0.0,0.0,0.0,0.0
2020-01-21,USA2020-01-21,USA,North America,United States,331002647.0,35.60800000000001,38.3,1.0,3.021123876390028e-07,0.0,0.0,0.0,0.0,1.0,3.021123876390028e-07,0.0,0.0,0.0,0.0,USA2020-01-21,0.0,0.0,0.0,3.85,0.0,4.55,0.0,0.0,0.0
2020-01-22,USA2020-01-22,USA,North America,United States,331002647.0,35.60800000000001,38.3,0.0,0.0,0.0,0.0,0.0,0.0,1.0,3.021123876390028e-07,0.0,0.0,0.0,0.0,USA2020-01-22,0.0,0.0,0.0,3.85,0.0,4.55,0.0,0.0,0.0
2020-01-23,USA2020-01-23,USA,North America,United States,331002647.0,35.60800000000001,38.3,0.0,0.0,0.0,0.0,0.0,0.0,1.0,3.021123876390028e-07,0.0,0.0,0.0,0.0,USA2020-01-23,0.0,0.0,0.0,3.85,0.0,4.55,0.0,0.0,0.0
2020-01-24,USA2020-01-24,USA,North America,United States,331002647.0,35.60800000000001,38.3,0.0,0.0,0.0,0.0,0.0,0.0,1.0,3.021123876390028e-07,0.0,0.0,0.0,0.0,USA2020-01-24,0.0,0.0,0.0,3.85,0.0,4.55,0.0,0.0,0.0
2020-01-25,USA2020-01-25,USA,North America,United States,331002647.0,35.60800000000001,38.3,1.0,3.021123876390028e-07,0.0,0.0,0.0,0.0,2.0,6.042247752780056e-07,0.0,0.0,0.0,0.0,USA2020-01-25,0.0,0.0,0.0,3.85,0.0,4.55,0.0,0.0,0.0
2020-01-26,USA2020-01-26,USA,North America,United States,331002647.0,35.60800000000001,38.3,0.0,0.0,0.0,0.0,0.0,0.0,2.0,6.042247752780056e-07,0.0,0.0,0.0,0.0,USA2020-01-26,0.0,0.0,0.0,3.85,0.0,4.55,0.0,0.0,0.0
2020-01-27,USA2020-01-27,USA,North America,United States,331002647.0,35.60800000000001,38.3,3.0,9.063371629170084e-07,0.0,0.0,0.0,0.0,5.0,1.510561938195014e-06,0.0,0.0,0.0,0.0,USA2020-01-27,0.0,0.0,0.0,3.85,0.0,4.55,0.0,0.0,0.0
2020-01-28,USA2020-01-28,USA,North America,United States,331002647.0,35.60800000000001,38.3,0.0,0.0,0.0,0.0,0.0,0.0,5.0,1.510561938195014e-06,0.0,0.0,0.0,0.0,USA2020-01-28,0.0,0.0,0.0,3.85,0.0,4.55,0.0,0.0,0.0
2020-01-29,USA2020-01-29,USA,North America,United States,331002647.0,35.60800000000001,38.3,0.0,0.0,0.0,0.0,0.0,0.0,5.0,1.510561938195014e-06,0.0,0.0,0.0,0.0,USA2020-01-29,0.0,0.0,0.0,3.85,0.0,4.55,0.0,0.0,0.0
2020-01-30,USA2020-01-30,USA,North America,United States,331002647.0,35.60800000000001,38.3,0.0,0.0,0.0,0.0,0.0,0.0,5.0,1.510561938195014e-06,0.0,0.0,0.0,0.0,USA2020-01-30,0.0,0.0,0.0,3.85,0.0,4.55,0.0,0.0,0.0
2020-01-31,USA2020-01-31,USA,North America,United States,331002647.0,35.60800000000001,38.3,1.0,3.021123876390028e-07,0.0,0.0,0.0,0.0,6.0,1.8126743258340168e-06,0.0,0.0,0.0,0.0,USA2020-01-31,0.0,0.0,0.0,3.85,0.0,4.55,0.0,0.0,0.0
2020-02-01,USA2020-02-01,USA,North America,United States,331002647.0,35.60800000000001,38.3,1.0,3.021123876390028e-07,0.0,0.0,0.0,0.0,7.0,2.11478671347302e-06,0.0,0.0,0.0,0.0,USA2020-02-01,0.0,0.0,0.0,3.85,0.0,4.55,0.0,0.0,0.0
2020-02-02,USA2020-02-02,USA,North America,United States,331002647.0,35.60800000000001,38.3,1.0,3.021123876390028e-07,0.0,0.0,0.0,0.0,8.0,2.4168991011120223e-06,0.0,0.0,0.0,0.0,USA2020-02-02,5.56,0.0,7.14,7.69,99.74025974025976,9.09,99.78021978021978,0.0,0.0
2020-02-03,USA2020-02-03,USA,North America,United States,331002647.0,35.60800000000001,38.3,3.0,9.063371629170084e-07,0.0,0.0,0.0,0.0,11.0,3.3232362640290304e-06,0.0,0.0,0.0,0.0,USA2020-02-03,5.56,0.0,7.14,7.69,0.0,9.09,0.0,0.0,0.0
2020-02-04,USA2020-02-04,USA,North America,United States,331002647.0,35.60800000000001,38.3,0.0,0.0,0.0,0.0,0.0,0.0,11.0,3.3232362640290304e-06,0.0,0.0,0.0,0.0,USA2020-02-04,5.56,0.0,7.14,7.69,0.0,9.09,0.0,0.0,0.0
2020-02-05,USA2020-02-05,USA,North America,United States,331002647.0,35.60800000000001,38.3,0.0,0.0,0.0,0.0,0.0,0.0,11.0,3.3232362640290304e-06,0.0,0.0,0.0,0.0,USA2020-02-05,5.56,0.0,7.14,7.69,0.0,9.09,0.0,0.0,0.0
2020-02-06,USA2020-02-06,USA,North America,United States,331002647.0,35.60800000000001,38.3,1.0,3.021123876390028e-07,0.0,0.0,0.0,0.0,12.0,3.6253486516680335e-06,0.0,0.0,0.0,0.0,USA2020-02-06,5.56,0.0,7.14,7.69,0.0,9.09,0.0,0.0,0.0
2020-02-07,USA2020-02-07,USA,North America,United States,331002647.0,35.60800000000001,38.3,0.0,0.0,0.0,0.0,0.0,0.0,12.0,3.6253486516680335e-06,0.0,0.0,0.0,0.0,USA2020-02-07,5.56,0.0,7.14,7.69,0.0,9.09,0.0,0.0,0.0
2020-02-08,USA2020-02-08,USA,North America,United States,331002647.0,35.60800000000001,38.3,0.0,0.0,0.0,0.0,0.0,0.0,12.0,3.6253486516680335e-06,0.0,0.0,0.0,0.0,USA2020-02-08,5.56,0.0,7.14,7.69,0.0,9.09,0.0,0.0,0.0
2020-02-09,USA2020-02-09,USA,North America,United States,331002647.0,35.60800000000001,38.3,0.0,0.0,0.0,0.0,0.0,0.0,12.0,3.6253486516680335e-06,0.0,0.0,0.0,0.0,USA2020-02-09,5.56,0.0,7.14,7.69,0.0,9.09,0.0,0.0,0.0
2020-02-10,USA2020-02-10,USA,North America,United States,331002647.0,35.60800000000001,38.3,0.0,0.0,0.0,0.0,0.0,0.0,12.0,3.6253486516680335e-06,0.0,0.0,0.0,0.0,USA2020-02-10,5.56,0.0,7.14,7.69,0.0,9.09,0.0,0.0,0.0
2020-02-11,USA2020-02-11,USA,North America,United States,331002647.0,35.60800000000001,38.3,1.0,3.021123876390028e-07,0.0,0.0,0.0,0.0,13.0,3.927461039307037e-06,0.0,0.0,0.0,0.0,USA2020-02-11,5.56,0.0,7.14,7.69,0.0,9.09,0.0,0.0,0.0
2020-02-12,USA2020-02-12,USA,North America,United States,331002647.0,35.60800000000001,38.3,0.0,0.0,0.0,0.0,0.0,0.0,13.0,3.927461039307037e-06,0.0,0.0,0.0,0.0,USA2020-02-12,5.56,0.0,7.14,7.69,0.0,9.09,0.0,0.0,0.0
2020-02-13,USA2020-02-13,USA,North America,United States,331002647.0,35.60800000000001,38.3,1.0,3.021123876390028e-07,0.0,0.0,0.0,0.0,14.0,4.2295734269460385e-06,0.0,0.0,0.0,0.0,USA2020-02-13,5.56,0.0,7.14,7.69,0.0,9.09,0.0,0.0,0.0
2020-02-14,USA2020-02-14,USA,North America,United States,331002647.0,35.60800000000001,38.3,1.0,3.021123876390028e-07,0.0,0.0,0.0,0.0,15.0,4.531685814585041e-06,0.0,0.0,0.0,0.0,USA2020-02-14,5.56,0.0,7.14,7.69,0.0,9.09,0.0,0.0,0.0
2020-02-15,USA2020-02-15,USA,North America,United States,331002647.0,35.60800000000001,38.3,0.0,0.0,0.0,0.0,0.0,0.0,15.0,4.531685814585041e-06,0.0,0.0,0.0,0.0,USA2020-02-15,5.56,0.0,7.14,7.69,0.0,9.09,0.0,0.0,0.0
2020-02-16,USA2020-02-16,USA,North America,United States,331002647.0,35.60800000000001,38.3,0.0,0.0,0.0,0.0,0.0,0.0,15.0,4.531685814585041e-06,0.0,0.0,0.0,0.0,USA2020-02-16,5.56,0.0,7.14,7.69,0.0,9.09,0.0,0.0,0.0
2020-02-17,USA2020-02-17,USA,North America,United States,331002647.0,35.60800000000001,38.3,0.0,0.0,0.0,0.0,0.0,0.0,15.0,4.531685814585041e-06,0.0,0.0,0.0,0.0,USA2020-02-17,5.56,0.0,7.14,7.69,0.0,9.09,0.0,0.0,0.0
2020-02-18,USA2020-02-18,USA,North America,United States,331002647.0,35.60800000000001,38.3,0.0,0.0,0.0,0.0,0.0,0.0,15.0,4.531685814585041e-06,0.0,0.0,0.0,0.0,USA2020-02-18,5.56,0.0,7.14,7.69,0.0,9.09,0.0,0.0,0.0
2020-02-19,USA2020-02-19,USA,North America,United States,331002647.0,35.60800000000001,38.3,0.0,0.0,0.0,0.0,0.0,0.0,15.0,4.531685814585041e-06,0.0,0.0,0.0,0.0,USA2020-02-19,5.56,0.0,7.14,7.69,0.0,9.09,0.0,0.0,0.0
2020-02-20,USA2020-02-20,USA,North America,United States,331002647.0,35.60800000000001,38.3,0.0,0.0,0.0,0.0,0.0,0.0,15.0,4.531685814585041e-06,0.0,0.0,0.0,0.0,USA2020-02-20,5.56,0.0,7.14,7.69,0.0,9.09,0.0,0.0,0.0
2020-02-21,USA2020-02-21,USA,North America,United States,331002647.0,35.60800000000001,38.3,1.0,3.021123876390028e-07,0.0,0.0,0.0,0.0,16.0,4.833798202224045e-06,0.0,0.0,0.0,0.0,USA2020-02-21,5.56,0.0,7.14,7.69,0.0,9.09,0.0,0.0,0.0
2020-02-22,USA2020-02-22,USA,North America,United States,331002647.0,35.60800000000001,38.3,19.0,5.740135365141052e-06,0.0,0.0,0.0,0.0,35.0,1.0573933567365095e-05,0.0,0.0,0.0,0.0,USA2020-02-22,5.56,0.0,7.14,7.69,0.0,9.09,0.0,0.0,0.0
2020-02-23,USA2020-02-23,USA,North America,United States,331002647.0,35.60800000000001,38.3,0.0,0.0,0.0,0.0,0.0,0.0,35.0,1.0573933567365095e-05,0.0,0.0,0.0,0.0,USA2020-02-23,5.56,0.0,7.14,7.69,0.0,9.09,0.0,0.0,0.0
2020-02-24,USA2020-02-24,USA,North America,United States,331002647.0,35.60800000000001,38.3,0.0,0.0,0.0,0.0,0.0,0.0,35.0,1.0573933567365095e-05,0.0,0.0,0.0,0.0,USA2020-02-24,5.56,0.0,7.14,7.69,0.0,9.09,0.0,0.0,0.0
2020-02-25,USA2020-02-25,USA,North America,United States,331002647.0,35.60800000000001,38.3,18.0,5.43802297750205e-06,0.0,0.0,0.0,0.0,53.0,1.6011956544867145e-05,0.0,0.0,0.0,0.0,USA2020-02-25,5.56,0.0,7.14,7.69,0.0,9.09,0.0,0.0,0.0
2020-02-26,USA2020-02-26,USA,North America,United States,331002647.0,35.60800000000001,38.3,0.0,0.0,0.0,0.0,0.0,0.0,53.0,1.6011956544867145e-05,0.0,0.0,0.0,0.0,USA2020-02-26,5.56,0.0,7.14,7.69,0.0,9.09,0.0,0.0,0.0
2020-02-27,USA2020-02-27,USA,North America,United States,331002647.0,35.60800000000001,38.3,6.0,1.8126743258340168e-06,0.0,0.0,0.0,0.0,59.0,1.7824630870701166e-05,0.0,0.0,0.0,0.0,USA2020-02-27,5.56,0.0,7.14,7.69,0.0,9.09,0.0,0.0,0.0
2020-02-28,USA2020-02-28,USA,North America,United States,331002647.0,35.60800000000001,38.3,1.0,3.021123876390028e-07,0.0,0.0,0.0,0.0,60.0,1.8126743258340165e-05,0.0,0.0,0.0,0.0,USA2020-02-28,5.56,0.0,7.14,10.26,33.42002600780234,12.12,33.33333333333333,0.0,0.0
2020-02-29,USA2020-02-29,USA,North America,United States,331002647.0,35.60800000000001,38.3,6.0,1.8126743258340168e-06,0.0,0.0,0.0,0.0,66.0,1.9939417584174186e-05,0.0,0.0,0.0,0.0,USA2020-02-29,5.56,0.0,7.14,10.26,0.0,12.12,0.0,0.0,0.0
2020-03-01,USA2020-03-01,USA,North America,United States,331002647.0,35.60800000000001,38.3,3.0,9.063371629170084e-07,1.0,3.021123876390028e-09,132.0,3.987883516834837e-05,69.0,2.0845754747091188e-05,1.0,3.021123876390028e-07,132.0,3.987883516834837e-05,USA2020-03-01,8.33,49.82014388489209,11.9,12.18,18.71345029239766,14.39,18.72937293729373,0.0,0.0
2020-03-02,USA2020-03-02,USA,North America,United States,331002647.0,35.60800000000001,38.3,20.0,6.042247752780056e-06,1.0,3.021123876390028e-09,345.0,0.00010422877373545596,89.0,2.6888002499871245e-05,2.0,6.042247752780056e-07,477.0,0.0001441076089038043,USA2020-03-02,11.11,33.37334933973588,15.48,14.1,15.76354679802956,16.67,15.844336344683807,0.0,0.0
2020-03-03,USA2020-03-03,USA,North America,United States,331002647.0,35.60800000000001,38.3,14.0,4.2295734269460385e-06,4.0,1.2084495505560111e-08,747.0,0.00022567795356633505,103.0,3.111757592681729e-05,6.0,1.8126743258340168e-06,1224.0,0.00036978556247013934,USA2020-03-03,11.11,0.0,15.48,14.1,0.0,16.67,0.0,0.0,0.0
2020-03-04,USA2020-03-04,USA,North America,United States,331002647.0,35.60800000000001,38.3,22.0,6.646472528058061e-06,3.0,9.063371629170083e-09,874.0,0.0002640462267964884,125.0,3.7764048454875345e-05,9.0,2.719011488751025e-06,2098.0,0.0006338317892666278,USA2020-03-04,11.11,0.0,15.48,16.67,18.22695035460995,19.7,18.176364727054576,0.0,0.0
2020-03-05,USA2020-03-05,USA,North America,United States,331002647.0,35.60800000000001,38.3,34.0,1.0271821179726093e-05,2.0,6.042247752780056e-09,1119.0,0.00033806376176804414,159.0,4.803586963460144e-05,11.0,3.3232362640290304e-06,3217.0,0.0009718955510346716,USA2020-03-05,20.37,83.34833483348336,26.19,23.08,38.45230953809236,27.27,38.4263959390863,0.0,0.0
2020-03-06,USA2020-03-06,USA,North America,United States,331002647.0,35.60800000000001,38.3,74.0,2.2356316685286207e-05,1.0,3.021123876390028e-09,1396.0,0.0004217488931440479,233.0,7.039218631988765e-05,12.0,3.6253486516680335e-06,4613.0,0.0013936444441787195,USA2020-03-06,20.37,0.0,26.19,23.08,0.0,27.27,0.0,0.0,0.0
2020-03-07,USA2020-03-07,USA,North America,United States,331002647.0,35.60800000000001,38.3,105.0,3.172180070209529e-05,2.0,6.042247752780056e-09,1407.0,0.00042507212940807684,338.0,0.00010211398702198296,14.0,4.2295734269460385e-06,6020.0,0.0018187165735867965,USA2020-03-07,20.37,0.0,26.19,23.08,0.0,27.27,0.0,0.0,0.0
2020-03-08,USA2020-03-08,USA,North America,United States,331002647.0,35.60800000000001,38.3,95.0,2.8700676825705266e-05,3.0,9.063371629170083e-09,1428.0,0.000431416489548496,433.0,0.0001308146638476882,17.0,5.135910589863047e-06,7448.0,0.0022501330631352926,USA2020-03-08,20.37,0.0,26.19,23.08,0.0,27.27,0.0,0.0,0.0
2020-03-09,USA2020-03-09,USA,North America,United States,331002647.0,35.60800000000001,38.3,121.0,3.655559890431933e-05,4.0,1.2084495505560111e-08,2090.0,0.0006314148901655157,554.0,0.0001673702627520075,21.0,6.344360140419059e-06,9538.0,0.0028815479533008084,USA2020-03-09,20.37,0.0,26.19,23.08,0.0,27.27,0.0,0.0,0.0
2020-03-10,USA2020-03-10,USA,North America,United States,331002647.0,35.60800000000001,38.3,200.0,6.0422477527800565e-05,5.0,1.5105619381950142e-08,2674.0,0.0008078485245466933,754.0,0.00022779274027980807,26.0,7.854922078614073e-06,12212.0,0.003689396477847502,USA2020-03-10,20.37,0.0,26.19,23.08,0.0,27.27,0.0,0.0,0.0
2020-03-11,USA2020-03-11,USA,North America,United States,331002647.0,35.60800000000001,38.3,271.0,8.187245705016974e-05,2.0,6.042247752780056e-09,3803.0,0.0011489334101911276,1025.0,0.0003096651973299778,28.0,8.459146853892079e-06,16015.0,0.004838329888038629,USA2020-03-11,21.76,6.823760432007853,26.19,24.04,4.159445407279039,28.41,4.180418041804179,0.0,0.0
2020-03-12,USA2020-03-12,USA,North America,United States,331002647.0,35.60800000000001,38.3,287.0,8.67062552523938e-05,2.0,6.042247752780056e-09,6786.0,0.0020501346625182728,1312.0,0.00039637145258237166,30.0,9.063371629170082e-06,22801.0,0.006888464550556903,USA2020-03-12,30.09,38.28125,30.95,29.81,24.00166389351082,35.23,24.00563181978175,0.0,0.0
2020-03-13,USA2020-03-13,USA,North America,United States,331002647.0,35.60800000000001,38.3,351.0,0.00010604144806128997,10.0,3.0211238763900285e-08,9645.0,0.0029138739787781818,1663.0,0.0005024129006436616,40.0,1.2084495505560113e-05,32446.0,0.009802338529335085,USA2020-03-13,30.09,0.0,30.95,29.81,0.0,35.23,0.0,0.0,0.0
2020-03-14,USA2020-03-14,USA,North America,United States,331002647.0,35.60800000000001,38.3,511.0,0.0001543794300835304,7.0,2.1147867134730195e-08,10305.0,0.003113268154619924,2174.0,0.0006567923307271921,47.0,1.419928221903313e-05,42751.0,0.012915606683955009,USA2020-03-14,35.65,18.477899634430027,40.48,36.22,21.502851392150287,42.8,21.48736871984105,0.0,0.0
2020-03-15,USA2020-03-15,USA,North America,United States,331002647.0,35.60800000000001,38.3,777.0,0.0002347413251955052,10.0,3.0211238763900285e-08,11777.0,0.003557977589224536,2951.0,0.000891533655922697,57.0,1.722040609542316e-05,54528.0,0.01647358427317954,USA2020-03-15,41.2,15.568022440392726,40.48,40.06,10.601877415792394,47.35,10.630841121495326,0.0,0.0
2020-03-16,USA2020-03-16,USA,North America,United States,331002647.0,35.60800000000001,38.3,823.0,0.00024863849502689933,12.0,3.6253486516680334e-08,22441.0,0.006779704091006862,3774.0,0.0011401721509495964,69.0,2.0845754747091188e-05,76969.0,0.02325328836418641,USA2020-03-16,52.31,26.96601941747572,54.76,47.76,19.22116824762854,56.44,19.19746568109819,0.0,0.0
2020-03-17,USA2020-03-17,USA,North America,United States,331002647.0,35.60800000000001,38.3,887.0,0.00026797368783579545,16.0,4.8337982022240445e-08,35187.0,0.010630428583853593,4661.0,0.0014081458387853918,85.0,2.567955294931524e-05,112156.0,0.033883716948039995,USA2020-03-17,55.09,5.314471420378508,59.52,49.68,4.020100502512558,58.71,4.021970233876694,0.0,0.0
2020-03-18,USA2020-03-18,USA,North America,United States,331002647.0,35.60800000000001,38.3,1766.0,0.0005335304765704789,23.0,6.948584915697064e-08,45644.0,0.013789617821394644,6427.0,0.0019416763153558708,108.0,3.26281378650123e-05,157800.0,0.04767333476943464,USA2020-03-18,55.09,0.0,59.52,49.68,0.0,58.71,0.0,0.0,0.0
2020-03-19,USA2020-03-19,USA,North America,United States,331002647.0,35.60800000000001,38.3,2988.0,0.0009027118142653402,42.0,1.2688720280838115e-07,55633.0,0.016807418461520642,9415.0,0.002844388129621211,150.0,4.531685814585042e-05,213433.0,0.06448075323095527,USA2020-03-19,67.13,21.855146124523483,70.24,58.01,16.767310789049915,68.56,16.777380344064042,0.0,0.0
2020-03-20,USA2020-03-20,USA,North America,United States,331002647.0,35.60800000000001,38.3,4835.0,0.0014607133942345786,0.0,0.0,67641.0,0.020435184012289786,14250.0,0.00430510152385579,150.0,4.531685814585042e-05,281074.0,0.08491593724324507,USA2020-03-20,67.13,0.0,70.24,58.01,0.0,68.56,0.0,0.0,0.0
2020-03-21,USA2020-03-21,USA,North America,United States,331002647.0,35.60800000000001,38.3,5374.0,0.0016235519711720009,110.0,3.3232362640290305e-07,67513.0,0.020396513626672,19624.0,0.0059286534950277895,260.0,7.854922078614072e-05,348587.0,0.10531245086991706,USA2020-03-21,72.69,8.282437062416204,72.14,61.86,6.63678676090329,73.11,6.636522753792296,0.0,0.0
2020-03-22,USA2020-03-22,USA,North America,United States,331002647.0,35.60800000000001,38.3,7123.0,0.0021519465371526167,80.0,2.4168991011120217e-07,62355.0,0.018838217931230014,26747.0,0.008080600032180408,340.0,0.00010271821179726096,410942.0,0.12415066880114707,USA2020-03-22,72.69,0.0,72.14,61.86,0.0,73.11,0.0,0.0,0.0
2020-03-23,USA2020-03-23,USA,North America,United States,331002647.0,35.60800000000001,38.3,8459.0,0.0025555686870383245,131.0,3.9576722780709365e-07,70774.0,0.02138170212276278,35206.0,0.010636168719218731,471.0,0.0001422949345779703,481716.0,0.14553237092390986,USA2020-03-23,72.69,0.0,72.14,61.86,0.0,73.11,0.0,0.0,0.0
2020-03-24,USA2020-03-24,USA,North America,United States,331002647.0,35.60800000000001,38.3,11236.0,0.0033945347875118355,119.0,3.595137412904133e-07,91170.0,0.027543586381047886,46442.0,0.014030703506730566,590.0,0.00017824630870701168,572886.0,0.17307595730495776,USA2020-03-24,72.69,0.0,72.14,61.86,0.0,73.11,0.0,0.0,0.0
2020-03-25,USA2020-03-25,USA,North America,United States,331002647.0,35.60800000000001,38.3,8789.0,0.0026552657749591953,211.0,6.374571379182957e-07,100466.0,0.03035202313654005,55231.0,0.016685969281689764,801.0,0.0002419920224988412,673352.0,0.20342798044149785,USA2020-03-25,72.69,0.0,72.14,61.86,0.0,73.11,0.0,0.0,0.0
2020-03-26,USA2020-03-26,USA,North America,United States,331002647.0,35.60800000000001,38.3,13963.0,0.004218395268603395,249.0,7.522598452211168e-07,112127.0,0.03387495568879846,69194.0,0.02090436455029316,1050.0,0.00031721800702095285,785479.0,0.2373029361302963,USA2020-03-26,72.69,0.0,72.14,61.86,0.0,73.11,0.0,0.0,0.0
2020-03-27,USA2020-03-27,USA,North America,United States,331002647.0,35.60800000000001,38.3,16797.0,0.005074581775172329,246.0,7.431964735919469e-07,117500.0,0.035498205547582824,85991.0,0.025978946325465487,1296.0,0.00039153765438014763,902979.0,0.2728011416778791,USA2020-03-27,72.69,0.0,72.14,71.47,15.535079211121893,73.11,0.0,62.5,0.0
2020-03-28,USA2020-03-28,USA,North America,United States,331002647.0,35.60800000000001,38.3,18695.0,0.005647991086911157,411.0,1.2416819131963014e-06,107000.0,0.0323260254773733,104686.0,0.03162693741237665,1707.0,0.0005157058456997778,1009979.0,0.3051271671552524,USA2020-03-28,72.69,0.0,72.14,71.47,0.0,73.11,0.0,62.5,0.0
2020-03-29,USA2020-03-29,USA,North America,United States,331002647.0,35.60800000000001,38.3,19979.0,0.0060359033926396365,484.0,1.4622239561727734e-06,97470.0,0.0294468944231736,124665.0,0.037662840805016286,2191.0,0.0006619282413170551,1107449.0,0.33457406157842595,USA2020-03-29,72.69,0.0,72.14,71.47,0.0,73.11,0.0,62.5,0.0
2020-03-30,USA2020-03-30,USA,North America,United States,331002647.0,35.60800000000001,38.3,18360.0,0.00554678343705209,318.0,9.607173926920288e-07,107218.0,0.0323918859778786,143025.0,0.04320962424206837,2509.0,0.000757999980586258,1214667.0,0.36696594755630463,USA2020-03-30,72.69,0.0,72.14,71.47,0.0,73.11,0.0,62.5,0.0
2020-03-31,USA2020-03-31,USA,North America,United States,331002647.0,35.60800000000001,38.3,21595.0,0.006524117011064265,661.0,1.9969628822938086e-06,125077.0,0.03778731110872356,164620.0,0.04973374125313264,3170.0,0.0009576962688156387,1339744.0,0.40475325866502815,USA2020-03-31,72.69,0.0,72.14,71.47,0.0,73.11,0.0,62.5,0.0
2020-04-01,USA2020-04-01,USA,North America,United States,331002647.0,35.60800000000001,38.3,24998.0,0.007552205466199791,909.0,2.746201603638536e-06,133114.0,0.04021538836817822,189618.0,0.057285946719332424,4079.0,0.0012323164291794925,1472858.0,0.4449686470332064,USA2020-04-01,72.69,0.0,72.14,71.47,0.0,73.11,0.0,62.5,0.0
2020-04-02,USA2020-04-02,USA,North America,United States,331002647.0,35.60800000000001,38.3,27103.0,0.008188152042179892,1059.0,3.1993701850970395e-06,140386.0,0.04241234965108905,216721.0,0.06547409876151232,5138.0,0.0015522534476891962,1613244.0,0.4873809966842954,USA2020-04-02,72.69,0.0,72.14,71.47,0.0,73.11,0.0,62.5,0.0
2020-04-03,USA2020-04-03,USA,North America,United States,331002647.0,35.60800000000001,38.3,28819.0,0.00870657689936842,915.0,2.764328346896876e-06,147684.0,0.044617165856078486,245540.0,0.07418067566088074,6053.0,0.0018286862823788839,1760928.0,0.5319981625403739,USA2020-04-03,72.69,0.0,72.14,71.47,0.0,73.11,0.0,62.5,0.0
2020-04-04,USA2020-04-04,USA,North America,United States,331002647.0,35.60800000000001,38.3,32425.0,0.009795994169194664,1104.0,3.3353207595345905e-06,133432.0,0.04031146010744742,277965.0,0.0839766698300754,7157.0,0.002162218358332343,1894360.0,0.5723096226478214,USA2020-04-04,72.69,0.0,72.14,71.47,0.0,73.11,0.0,62.5,0.0
2020-04-05,USA2020-04-05,USA,North America,United States,331002647.0,35.60800000000001,38.3,34272.0,0.010353995749163904,1344.0,4.0603904898681984e-06,125800.0,0.03800573836498655,312237.0,0.09433066557923933,8501.0,0.0025682574073191623,2020160.0,0.6103153610128078,USA2020-04-05,72.69,0.0,72.14,71.47,0.0,73.11,0.0,62.5,0.0
2020-04-06,USA2020-04-06,USA,North America,United States,331002647.0,35.60800000000001,38.3,25398.0,0.007673050421255394,1146.0,3.4622079623429716e-06,128547.0,0.038835641093830885,337635.0,0.10200371600049472,9647.0,0.0029144782035534595,2148707.0,0.6491510021066387,USA2020-04-06,72.69,0.0,72.14,71.47,0.0,73.11,0.0,62.5,0.0
2020-04-07,USA2020-04-07,USA,North America,United States,331002647.0,35.60800000000001,38.3,30561.0,0.009232856678635564,1342.0,4.0543482421154165e-06,148178.0,0.04476640937557215,368196.0,0.11123657267913026,10989.0,0.003319913027765001,2296885.0,0.6939174114822109,USA2020-04-07,72.69,0.0,72.14,71.47,0.0,73.11,0.0,62.5,0.0
2020-04-08,USA2020-04-08,USA,North America,United States,331002647.0,35.60800000000001,38.3,30613.0,0.009248566522792791,1906.0,5.758262108399393e-06,344642.0,0.1041206175006812,398809.0,0.12048513920192305,12895.0,0.0038957392386049406,2641527.0,0.7980380289828922,USA2020-04-08,72.69,0.0,72.14,71.47,0.0,73.11,0.0,62.5,0.0
2020-04-09,USA2020-04-09,USA,North America,United States,331002647.0,35.60800000000001,38.3,33323.0,0.010067291093294491,1922.0,5.806600090421632e-06,163311.0,0.04933827613771318,432132.0,0.13055243029521754,14817.0,0.004476399247647104,2804838.0,0.8473763051206052,USA2020-04-09,72.69,0.0,72.14,71.47,0.0,73.11,0.0,62.5,0.0
2020-04-10,USA2020-04-10,USA,North America,United States,331002647.0,35.60800000000001,38.3,33901.0,0.010241912053349832,1873.0,5.658565020478523e-06,177034.0,0.053484164433283216,466033.0,0.1407943423485674,16690.0,0.005042255749694956,2981872.0,0.9008604695538884,USA2020-04-10,72.69,0.0,72.14,71.47,0.0,73.11,0.0,62.5,0.0
2020-04-11,USA2020-04-11,USA,North America,United States,331002647.0,35.60800000000001,38.3,35527.0,0.010733146795650851,2087.0,6.305085530025988e-06,204859.0,0.061890441619338474,501560.0,0.15152748914421826,18777.0,0.0056727643026975565,3186731.0,0.9627509111732272,USA2020-04-11,72.69,0.0,72.14,71.47,0.0,73.11,0.0,62.5,0.0
2020-04-12,USA2020-04-12,USA,North America,United States,331002647.0,35.60800000000001,38.3,28391.0,0.008577272797458927,1831.0,5.5316778176701405e-06,131677.0,0.039781252867140966,529951.0,0.16010476194167714,20608.0,0.006225932084464569,3318408.0,1.002532164040368,USA2020-04-12,72.69,0.0,72.14,71.47,0.0,73.11,0.0,62.5,0.0
2020-04-13,USA2020-04-13,USA,North America,United States,331002647.0,35.60800000000001,38.3,27620.0,0.008344344146589256,1500.0,4.531685814585042e-06,107241.0,0.0323988345627943,557571.0,0.1684491060882664,22108.0,0.006679100665923073,3425649.0,1.0349309986031625,USA2020-04-13,72.69,0.0,72.14,71.47,0.0,73.11,0.0,62.5,0.0
2020-04-14,USA2020-04-14,USA,North America,United States,331002647.0,35.60800000000001,38.3,25023.0,0.007559758275890766,1541.0,4.655551893517033e-06,150431.0,0.045447068584922826,582594.0,0.1760088643641572,23649.0,0.007144655855274777,3576080.0,1.080378067188085,USA2020-04-14,72.69,0.0,72.14,71.47,0.0,73.11,0.0,62.5,0.0
2020-04-15,USA2020-04-15,USA,North America,United States,331002647.0,35.60800000000001,38.3,26922.0,0.00813346970001723,2408.0,7.274866294347188e-06,178759.0,0.054005308301960486,609516.0,0.18414233406417446,26057.0,0.007872142484709495,3754839.0,1.1343833754900456,USA2020-04-15,72.69,0.0,72.14,71.47,0.0,73.11,0.0,62.5,0.0
2020-04-16,USA2020-04-16,USA,North America,United States,331002647.0,35.60800000000001,38.3,30148.0,0.009108084262540657,4928.0,1.4888098462850055e-05,175169.0,0.05292072483033648,639664.0,0.19325041832671505,30985.0,0.0093609523309945,3930008.0,1.1873041003203821,USA2020-04-16,72.69,0.0,72.14,71.47,0.0,73.11,0.0,62.5,0.0
2020-04-17,USA2020-04-17,USA,North America,United States,331002647.0,35.60800000000001,38.3,31667.0,0.0095669929793643,2299.0,6.945563791820674e-06,172678.0,0.052168162872727734,671331.0,0.20281741130607936,33284.0,0.010055508710176568,4102686.0,1.23947226319311,USA2020-04-17,72.69,0.0,72.14,71.47,0.0,73.11,0.0,62.5,0.0
2020-04-18,USA2020-04-18,USA,North America,United States,331002647.0,35.60800000000001,38.3,30833.0,0.009315031248073372,3770.0,1.1389637013990406e-05,170831.0,0.05161016129275848,702164.0,0.21213244255415276,37054.0,0.011194472411575607,4273517.0,1.2910824244858679,USA2020-04-18,72.69,0.0,72.14,71.47,0.0,73.11,0.0,62.5,0.0
2020-04-19,USA2020-04-19,USA,North America,United States,331002647.0,35.60800000000001,38.3,32922.0,0.009946144025851249,1856.0,5.607205914579892e-06,131637.0,0.03976916837163541,735086.0,0.22207858658000398,38910.0,0.011755193003033598,4405154.0,1.3308515928575035,USA2020-04-19,72.69,0.0,72.14,71.47,0.0,73.11,0.0,62.5,0.0
2020-04-20,USA2020-04-20,USA,North America,United States,331002647.0,35.60800000000001,38.3,24601.0,0.007432266848307108,1772.0,5.3534315089631305e-06,153230.0,0.0462926811579244,759687.0,0.2295108534283111,40682.0,0.01229053615392991,4558384.0,1.377144274015428,USA2020-04-20,72.69,0.0,72.14,71.47,0.0,73.11,0.0,62.5,0.0
2020-04-21,USA2020-04-21,USA,North America,United States,331002647.0,35.60800000000001,38.3,28065.0,0.008478784159088612,1857.0,5.610227038456282e-06,212386.0,0.06416444156109724,787752.0,0.2379896375873997,42539.0,0.012851558857775535,4770770.0,1.4413087155765254,USA2020-04-21,72.69,0.0,72.14,71.47,0.0,73.11,0.0,62.5,0.0
2020-04-22,USA2020-04-22,USA,North America,United States,331002647.0,35.60800000000001,38.3,37289.0,0.011265468822670774,2524.0,7.6253166640084305e-06,218346.0,0.0659650313914257,825041.0,0.2492551064100705,45063.0,0.013614090524176385,4989116.0,1.5072737469679511,USA2020-04-22,72.69,0.0,72.14,71.47,0.0,73.11,0.0,62.5,0.0
2020-04-23,USA2020-04-23,USA,North America,United States,331002647.0,35.60800000000001,38.3,17588.0,0.0053135526737947796,1721.0,5.199354191267238e-06,212607.0,0.06423120839876546,842629.0,0.2545686590838653,46784.0,0.014134025943303109,5201723.0,1.5715049553667166,USA2020-04-23,72.69,0.0,72.14,71.47,0.0,73.11,0.0,62.5,0.0
2020-04-24,USA2020-04-24,USA,North America,United States,331002647.0,35.60800000000001,38.3,26543.0,0.008018969105102051,3179.0,9.604152803043898e-06,241580.0,0.07298431060583029,869172.0,0.2625876281889673,49963.0,0.015094441223607497,5443303.0,1.6444892659725467,USA2020-04-24,72.69,0.0,72.14,71.47,0.0,73.11,0.0,62.5,0.0
2020-04-25,USA2020-04-25,USA,North America,United States,331002647.0,35.60800000000001,38.3,21352.0,0.006450703700867988,1054.0,3.1842645657150888e-06,208967.0,0.0631315193077595,890524.0,0.2690383318898353,51017.0,0.015412867680179004,5652270.0,1.7076207852803065,USA2020-04-25,72.69,0.0,72.14,71.47,0.0,73.11,0.0,62.5,0.0
2020-04-26,USA2020-04-26,USA,North America,United States,331002647.0,35.60800000000001,38.3,48529.0,0.014661212059733166,2172.0,6.5618810595191395e-06,194891.0,0.0588789853393529,939053.0,0.2836995439495685,53189.0,0.01606905578613092,5847161.0,1.7664997706196592,USA2020-04-26,72.69,0.0,72.14,71.47,0.0,73.11,0.0,62.5,0.0
2020-04-27,USA2020-04-27,USA,North America,United States,331002647.0,35.60800000000001,38.3,26857.0,0.008113832394820697,1687.0,5.096635979469977e-06,213315.0,0.06444510396921388,965910.0,0.2918133763443892,54876.0,0.016578719384077914,6060476.0,1.8309448745888728,USA2020-04-27,72.69,0.0,72.14,71.47,0.0,73.11,0.0,62.5,0.0
2020-04-28,USA2020-04-28,USA,North America,United States,331002647.0,35.60800000000001,38.3,22541.0,0.006809915329770762,1369.0,4.135918586777948e-06,240506.0,0.072659841901506,988451.0,0.29862329167416,56245.0,0.01699231124275571,6300982.0,1.9036047164903789,USA2020-04-28,72.69,0.0,72.14,71.47,0.0,73.11,0.0,62.5,0.0
2020-04-29,USA2020-04-29,USA,North America,United States,331002647.0,35.60800000000001,38.3,24132.0,0.007290576138504414,2110.0,6.374571379182959e-06,283362.0,0.0856071703861631,1012583.0,0.3059138678126644,58355.0,0.01762976838067401,6584344.0,1.989211886876542,USA2020-04-29,72.69,0.0,72.14,71.47,0.0,73.11,0.0,62.5,0.0
2020-04-30,USA2020-04-30,USA,North America,United States,331002647.0,35.60800000000001,38.3,27326.0,0.00825552310462339,2611.0,7.888154441254363e-06,299323.0,0.09042918620526924,1039909.0,0.3141693909172877,60966.0,0.018418583824799443,6883667.0,2.079641073081812,USA2020-04-30,72.69,0.0,72.14,71.47,0.0,73.11,0.0,62.5,0.0
2020-05-01,USA2020-05-01,USA,North America,United States,331002647.0,35.60800000000001,38.3,29917.0,0.009038296300996044,2040.0,6.1630927078356575e-06,283454.0,0.0856349647258259,1069826.0,0.3232076872182838,63006.0,0.01903489309558301,7167121.0,2.165276037807637,USA2020-05-01,72.69,0.0,72.14,71.47,0.0,73.11,0.0,62.5,0.0
2020-05-02,USA2020-05-02,USA,North America,United States,331002647.0,35.60800000000001,38.3,33955.0,0.010258226122282341,2062.0,6.229557433116238e-06,270471.0,0.08171263959710873,1103781.0,0.3334659133405661,65068.0,0.019657848838894636,7437592.0,2.246988677404746,USA2020-05-02,72.69,0.0,72.14,71.47,0.0,73.11,0.0,62.5,0.0
2020-05-03,USA2020-05-03,USA,North America,United States,331002647.0,35.60800000000001,38.3,29288.0,0.008848267609171116,1317.0,3.978820145205667e-06,177686.0,0.05368114171002385,1133069.0,0.3423141809497373,66385.0,0.0200557308534152,7615278.0,2.30066981911477,USA2020-05-03,72.69,0.0,72.14,71.47,0.0,73.11,0.0,62.5,0.0
2020-05-04,USA2020-05-04,USA,North America,United States,331002647.0,35.60800000000001,38.3,24972.0,0.007544350544121177,1297.0,3.918397667677867e-06,207446.0,0.06267200636616058,1158041.0,0.3498585314938584,67682.0,0.020447570620182987,7822724.0,2.3633418254809304,USA2020-05-04,72.69,0.0,72.14,71.47,0.0,73.11,0.0,62.5,0.0
2020-05-05,USA2020-05-05,USA,North America,United States,331002647.0,35.60800000000001,38.3,22593.0,0.00682562517392799,1252.0,3.7824470932403143e-06,357156.0,0.10790125191959568,1180634.0,0.3566841566677864,68934.0,0.020825815329507016,8179880.0,2.471243077400526,USA2020-05-05,72.69,0.0,72.14,71.47,0.0,73.11,0.0,62.5,0.0
2020-05-06,USA2020-05-06,USA,North America,United States,331002647.0,35.60800000000001,38.3,23841.0,0.007202661433701465,2144.0,6.47728959098022e-06,305112.0,0.09217811481731142,1204475.0,0.3638868181014879,71078.0,0.02147354428860504,8484992.0,2.5634211922178376,USA2020-05-06,72.69,0.0,72.14,71.47,0.0,73.11,0.0,62.5,0.0
2020-05-07,USA2020-05-07,USA,North America,United States,331002647.0,35.60800000000001,38.3,24128.0,0.007289367688953859,2353.0,7.108704481145735e-06,363880.0,0.10993265561408036,1228603.0,0.3711761857904417,73431.0,0.02218441473671961,8848872.0,2.6733538478319177,USA2020-05-07,72.69,0.0,72.14,71.47,0.0,73.11,0.0,62.5,0.0
2020-05-08,USA2020-05-08,USA,North America,United States,331002647.0,35.60800000000001,38.3,28369.0,0.00857062632493087,2239.0,6.764296359237272e-06,391084.0,0.11815132100741176,1256972.0,0.3797468121153726,75670.0,0.02286084437264334,9239956.0,2.791505168839329,USA2020-05-08,72.69,0.0,72.14,71.47,0.0,73.11,0.0,62.5,0.0
2020-05-09,USA2020-05-09,USA,North America,United States,331002647.0,35.60800000000001,38.3,26957.0,0.008144043633584598,1510.0,4.561897053348942e-06,309066.0,0.09337266719803602,1283929.0,0.3878908557489572,77180.0,0.02331703407797824,9549022.0,2.884877836037365,USA2020-05-09,72.69,0.0,72.14,71.47,0.0,73.11,0.0,62.5,0.0
2020-05-10,USA2020-05-10,USA,North America,United States,331002647.0,35.60800000000001,38.3,25612.0,0.007737702472210139,1614.0,4.876093936493505e-06,210442.0,0.06357713507952703,1309541.0,0.3956285582211673,78794.0,0.023804643471627585,9759464.0,2.9484549711168926,USA2020-05-10,72.69,0.0,72.14,71.47,0.0,73.11,0.0,62.5,0.0
2020-05-11,USA2020-05-11,USA,North America,United States,331002647.0,35.60800000000001,38.3,20258.0,0.006120192748790919,734.0,2.2175049252702805e-06,346076.0,0.10455384666455553,1329799.0,0.4017487509699582,79528.0,0.024026393964154614,10105540.0,3.0530088177814485,USA2020-05-11,72.69,0.0,72.14,71.47,0.0,73.11,0.0,62.5,0.0
2020-05-12,USA2020-05-12,USA,North America,United States,331002647.0,35.60800000000001,38.3,18117.0,0.005473370126855813,1156.0,3.4924192011068717e-06,396822.0,0.11988484188768435,1347916.0,0.4072221210968141,80684.0,0.0243756358842653,10502362.0,3.1728936596691333,USA2020-05-12,72.69,0.0,72.14,71.47,0.0,73.11,0.0,62.5,0.0
2020-05-13,USA2020-05-13,USA,North America,United States,331002647.0,35.60800000000001,38.3,22048.0,0.0066609739226647325,1703.0,5.144973961492217e-06,414569.0,0.12524643043111375,1369964.0,0.4138830950194788,82387.0,0.024890133280414527,10916931.0,3.298140090100246,USA2020-05-13,72.69,0.0,72.14,71.47,0.0,73.11,0.0,62.5,0.0
2020-05-14,USA2020-05-14,USA,North America,United States,331002647.0,35.60800000000001,38.3,20782.0,0.006278499639913756,1746.0,5.274882288176989e-06,420874.0,0.12715124903517766,1390746.0,0.4201615946593925,84133.0,0.02541762150923222,11337805.0,3.425291339135424,USA2020-05-14,72.69,0.0,72.14,71.47,0.0,73.11,0.0,62.5,0.0
2020-05-15,USA2020-05-15,USA,North America,United States,331002647.0,35.60800000000001,38.3,27143.0,0.008200236537685453,1773.0,5.3564526328395185e-06,419807.0,0.12682889511756684,1417889.0,0.4283618311970781,85906.0,0.025953266772516168,11757612.0,3.5521202342529907,USA2020-05-15,72.69,0.0,72.14,71.47,0.0,73.11,0.0,62.5,0.0
2020-05-16,USA2020-05-16,USA,North America,United States,331002647.0,35.60800000000001,38.3,25508.0,0.007706282783895683,1662.0,5.021107882560226e-06,357483.0,0.10800004267035362,1443397.0,0.4360681139809737,87568.0,0.02645537756077219,12115095.0,3.6601202769233434,USA2020-05-16,72.69,0.0,72.14,71.47,0.0,73.11,0.0,62.5,0.0
2020-05-17,USA2020-05-17,USA,North America,United States,331002647.0,35.60800000000001,38.3,24487.0,0.007397826036116261,1186.0,3.5830529173985733e-06,299525.0,0.09049021290757232,1467884.0,0.4434659400170899,88754.0,0.026813682852512045,12414620.0,3.7506104898309167,USA2020-05-17,72.69,0.0,72.14,71.47,0.0,73.11,0.0,62.5,0.0
2020-05-18,USA2020-05-18,USA,North America,United States,331002647.0,35.60800000000001,38.3,18873.0,0.005701767091910899,808.0,2.4410680921231426e-06,323553.0,0.09774936935776228,1486757.0,0.4491677071090008,89562.0,0.02705778966172436,12738173.0,3.8483598591886787,USA2020-05-18,72.69,0.0,72.14,71.47,0.0,73.11,0.0,62.5,0.0
2020-05-19,USA2020-05-19,USA,North America,United States,331002647.0,35.60800000000001,38.3,21841.0,0.006598436658423459,791.0,2.3897089862245115e-06,445255.0,0.13451705115820414,1508598.0,0.4557661437674244,90353.0,0.027296760560346817,13183428.0,3.9828769103468833,USA2020-05-19,72.69,0.0,72.14,71.47,0.0,73.11,0.0,62.5,0.0
2020-05-20,USA2020-05-20,USA,North America,United States,331002647.0,35.60800000000001,38.3,19970.0,0.006033184381150886,1568.0,4.737122238179564e-06,404728.0,0.1222733424243583,1528568.0,0.4617993281485752,91921.0,0.02777047278416477,13588156.0,4.105150252771241,USA2020-05-20,72.69,0.0,72.14,71.47,0.0,73.11,0.0,62.5,0.0
2020-05-21,USA2020-05-21,USA,North America,United States,331002647.0,35.60800000000001,38.3,23285.0,0.00703468694617418,1518.0,4.586066044360062e-06,499314.0,0.15084894472158106,1551853.0,0.4688340150947494,93439.0,0.02822907938860078,14087470.0,4.255999197492823,USA2020-05-21,72.69,0.0,72.14,71.47,0.0,73.11,0.0,62.5,0.0
2020-05-22,USA2020-05-22,USA,North America,United States,331002647.0,35.60800000000001,38.3,25434.0,0.007683926467210395,1263.0,3.815679455880605e-06,481265.0,0.14539611823708468,1577287.0,0.4765179415619598,94702.0,0.028610647334188843,14568735.0,4.401395315729907,USA2020-05-22,72.69,0.0,72.14,71.47,0.0,73.11,0.0,62.5,0.0
2020-05-23,USA2020-05-23,USA,North America,United States,331002647.0,35.60800000000001,38.3,24147.0,0.007295107824319,1305.0,3.942566658688986e-06,372779.0,0.11262115375167983,1601434.0,0.4838130493862788,96007.0,0.029004904000057737,14941514.0,4.514016469481587,USA2020-05-23,72.69,0.0,72.14,71.47,0.0,73.11,0.0,62.5,0.0
2020-05-24,USA2020-05-24,USA,North America,United States,331002647.0,35.60800000000001,38.3,21236.0,0.0064156586639018635,1080.0,3.2628137865012306e-06,292006.0,0.08821862986491465,1622670.0,0.4902287080501807,97087.0,0.029331185378707863,15233520.0,4.602235099346501,USA2020-05-24,72.69,0.0,72.14,71.47,0.0,73.11,0.0,62.5,0.0
2020-05-25,USA2020-05-25,USA,North America,United States,331002647.0,35.60800000000001,38.3,20568.0,0.00621384758895901,633.0,1.912371413754888e-06,393127.0,0.11876853661535824,1643238.0,0.4964425556391397,97720.0,0.029522422520083358,15626647.0,4.721003635961861,USA2020-05-25,72.69,0.0,72.14,71.47,0.0,73.11,0.0,62.5,0.0
2020-05-26,USA2020-05-26,USA,North America,United States,331002647.0,35.60800000000001,38.3,19064.0,0.005759470557949949,500.0,1.510561938195014e-06,453844.0,0.13711189445563554,1662302.0,0.5022020261970895,98220.0,0.02967347871390285,16080491.0,4.858115530417495,USA2020-05-26,72.69,0.0,72.14,71.47,0.0,73.11,0.0,62.5,0.0
2020-05-27,USA2020-05-27,USA,North America,United States,331002647.0,35.60800000000001,38.3,18910.0,0.005712945250253542,696.0,2.10270221796746e-06,506319.0,0.15296524199699224,1681212.0,0.5079149714473432,98916.0,0.0298837489356996,16586810.0,5.011080772414489,USA2020-05-27,72.69,0.0,72.14,71.47,0.0,73.11,0.0,62.5,0.0
2020-05-28,USA2020-05-28,USA,North America,United States,331002647.0,35.60800000000001,38.3,18721.0,0.005655846008989771,1526.0,4.610235035371182e-06,520695.0,0.15730840968169055,1699933.0,0.5135708174563329,100442.0,0.03034477243923672,17107505.0,5.168389182096178,USA2020-05-28,72.69,0.0,72.14,71.47,0.0,73.11,0.0,62.5,0.0
2020-05-29,USA2020-05-29,USA,North America,United States,331002647.0,35.60800000000001,38.3,21817.0,0.006591185961120123,1175.0,3.5498205547582826e-06,507439.0,0.15330360787114794,1721750.0,0.520162003417453,101617.0,0.030699754494712544,17614944.0,5.321692789967327,USA2020-05-29,72.69,0.0,72.14,71.47,0.0,73.11,0.0,62.5,0.0
2020-05-30,USA2020-05-30,USA,North America,United States,331002647.0,35.60800000000001,38.3,25337.0,0.007654621565609412,1219.0,3.6827500053194436e-06,462451.0,0.13971217577604447,1747087.0,0.5278166249830625,102836.0,0.031068029495244488,18077395.0,5.4614049657433705,USA2020-05-30,72.69,0.0,72.14,71.47,0.0,73.11,0.0,62.5,0.0
2020-05-31,USA2020-05-31,USA,North America,United States,331002647.0,35.60800000000001,38.3,23297.0,0.007038312294825848,945.0,2.854962063188576e-06,367163.0,0.11092449058269918,1770384.0,0.5348549372778882,103781.0,0.03135352570156335,18444558.0,5.572329456326068,USA2020-05-31,72.69,0.0,72.14,71.47,0.0,73.11,0.0,62.5,0.0
2020-06-01,USA2020-06-01,USA,North America,United States,331002647.0,35.60800000000001,38.3,19807.0,0.005983940061965728,602.0,1.818716573586797e-06,424958.0,0.12838507602629534,1790191.0,0.540838877339854,104383.0,0.031535397358922024,18869516.0,5.700714532352365,USA2020-06-01,72.69,0.0,72.14,71.47,0.0,73.11,0.0,62.5,0.0
2020-06-02,USA2020-06-02,USA,North America,United States,331002647.0,35.60800000000001,38.3,21086.0,0.006370341805756012,764.0,2.308138641561981e-06,454409.0,0.13728258795465162,1811277.0,0.5472092191456099,105147.0,0.031766211223078225,19323925.0,5.8379971203070165,USA2020-06-02,72.69,0.0,72.14,71.47,0.0,73.11,0.0,62.5,0.0
2020-06-03,USA2020-06-03,USA,North America,United States,331002647.0,35.60800000000001,38.3,20544.0,0.006206596891655673,1034.0,3.1238420881872886e-06,609209.0,0.18404958556116927,1831821.0,0.5534158160372658,106181.0,0.03207859543189695,19933134.0,6.022046705868187,USA2020-06-03,72.69,0.0,72.14,71.47,0.0,73.11,0.0,62.5,0.0
2020-06-04,USA2020-06-04,USA,North America,United States,331002647.0,35.60800000000001,38.3,19699.0,0.005951311924100715,994.0,3.002997133131688e-06,588362.0,0.17775144861605893,1851520.0,0.5593671279613665,107175.0,0.03237889514521012,20521496.0,6.199798154484244,USA2020-06-04,72.69,0.0,72.14,71.47,0.0,73.11,0.0,62.5,0.0
2020-06-05,USA2020-06-05,USA,North America,United States,331002647.0,35.60800000000001,38.3,21140.0,0.0063866558746885176,1036.0,3.129884335940069e-06,541739.0,0.16366606276716572,1872660.0,0.5657537838360549,108211.0,0.032691883578804135,21063235.0,6.36346421725141,USA2020-06-05,72.69,0.0,72.14,71.47,0.0,73.11,0.0,62.5,0.0
2020-06-06,USA2020-06-06,USA,North America,United States,331002647.0,35.60800000000001,38.3,25178.0,0.007606585695974811,932.0,2.8156874527955065e-06,497144.0,0.15019336084040438,1897838.0,0.5733603695320297,109143.0,0.032973452324083684,21560379.0,6.513657578091817,USA2020-06-06,72.69,0.0,72.14,71.47,0.0,73.11,0.0,62.5,0.0
2020-06-07,USA2020-06-07,USA,North America,United States,331002647.0,35.60800000000001,38.3,22223.0,0.006713843590501558,659.0,1.9909206345410287e-06,348381.0,0.10525021571806342,1920061.0,0.5800742131225313,109802.0,0.03317254438753778,21908760.0,6.6189077938098775,USA2020-06-07,72.69,0.0,72.14,71.47,0.0,73.11,0.0,62.5,0.0
2020-06-08,USA2020-06-08,USA,North America,United States,331002647.0,35.60800000000001,38.3,22302.0,0.006737710469125039,712.0,2.1510401999897e-06,674791.0,0.2038627201673104,1942363.0,0.5868119235916563,110514.0,0.03338764840753675,22583551.0,6.822770513977189,USA2020-06-08,72.69,0.0,72.14,71.47,0.0,73.11,0.0,62.5,0.0
2020-06-09,USA2020-06-09,USA,North America,United States,331002647.0,35.60800000000001,38.3,18822.0,0.00568635936014131,493.0,1.4894140710602837e-06,571217.0,0.17257173172998824,1961185.0,0.5924982829517976,111007.0,0.03353658981464278,23154768.0,6.995342245707178,USA2020-06-09,72.69,0.0,72.14,71.47,0.0,73.11,0.0,62.5,0.0
2020-06-10,USA2020-06-10,USA,North America,United States,331002647.0,35.60800000000001,38.3,18665.0,0.005638927715281988,999.0,3.0181027525136376e-06,623772.0,0.18844924826235604,1979850.0,0.5981372106670797,112006.0,0.033838400089894145,23778540.0,7.183791493969532,USA2020-06-10,72.69,0.0,72.14,71.47,0.0,73.11,0.0,62.5,0.0
2020-06-11,USA2020-06-11,USA,North America,United States,331002647.0,35.60800000000001,38.3,20614.0,0.006227744758790404,918.0,2.7733917185260454e-06,508787.0,0.15371085536968532,2000464.0,0.6043649554258701,112924.0,0.03411573926174675,24287327.0,7.3375023493392195,USA2020-06-11,72.69,0.0,72.14,71.47,0.0,73.11,0.0,62.5,0.0
2020-06-12,USA2020-06-12,USA,North America,United States,331002647.0,35.60800000000001,38.3,22883.0,0.0069132377663433005,896.0,2.706926993245465e-06,519350.0,0.1569020685203161,2023347.0,0.6112781931922133,113820.0,0.034386431961071294,24806677.0,7.494404417859535,USA2020-06-12,72.69,0.0,72.14,71.47,0.0,73.11,0.0,62.5,0.0
2020-06-13,USA2020-06-13,USA,North America,United States,331002647.0,35.60800000000001,38.3,25639.0,0.007745859506676393,849.0,2.564934171055134e-06,598591.0,0.18084175622921836,2048986.0,0.6190240526988897,114669.0,0.034642925378176814,25405268.0,7.675246174088754,USA2020-06-13,72.69,0.0,72.14,71.47,0.0,73.11,0.0,62.5,0.0
2020-06-14,USA2020-06-14,USA,North America,United States,331002647.0,35.60800000000001,38.3,25540.0,0.007715950380300131,767.0,2.3172020131911516e-06,345806.0,0.104472276319893,2074526.0,0.6267400030791899,115436.0,0.034874645579495926,25751074.0,7.779718450408647,USA2020-06-14,72.69,0.0,72.14,71.47,0.0,73.11,0.0,62.5,0.0
2020-06-15,USA2020-06-15,USA,North America,United States,331002647.0,35.60800000000001,38.3,19543.0,0.005904182391629031,296.0,8.942526674114483e-07,558795.0,0.16881889165073655,2094069.0,0.6326441854708189,115732.0,0.034964070846237066,26309869.0,7.9485373420593834,USA2020-06-15,68.98,-5.103865731187229,68.57,68.91,-3.5819224849587217,70.08,-4.144439885104633,62.5,0.0
2020-06-16,USA2020-06-16,USA,North America,United States,331002647.0,35.60800000000001,38.3,19957.0,0.006029256920111578,395.0,1.193343931174061e-06,624240.0,0.1885906368597711,2114026.0,0.6386734423909305,116127.0,0.03508340523935448,26934109.0,8.137127978919152,USA2020-06-16,68.98,0.0,68.57,68.91,0.0,70.08,0.0,62.5,0.0
2020-06-17,USA2020-06-17,USA,North America,United States,331002647.0,35.60800000000001,38.3,23705.0,0.007161574148982559,836.0,2.525659560662063e-06,681258.0,0.20581648097817176,2137731.0,0.6458350165399129,116963.0,0.03533597119542068,27615367.0,8.342944459897325,USA2020-06-17,68.98,0.0,68.57,68.91,0.0,70.08,0.0,62.5,0.0
2020-06-18,USA2020-06-18,USA,North America,United States,331002647.0,35.60800000000001,38.3,25559.0,0.007721690515665272,754.0,2.2779274027980807e-06,680128.0,0.2054750939801397,2163290.0,0.6535567070555783,117717.0,0.03556376393570049,28295495.0,8.548419553877466,USA2020-06-18,68.98,0.0,68.57,68.91,0.0,70.08,0.0,62.5,0.0
2020-06-19,USA2020-06-19,USA,North America,United States,331002647.0,35.60800000000001,38.3,27762.0,0.008387244105633995,717.0,2.16614581937165e-06,807572.0,0.24397750511040475,2191052.0,0.6619439511612123,118434.0,0.035780378517637663,29103067.0,8.79239705898787,USA2020-06-19,68.98,0.0,68.57,68.91,0.0,70.08,0.0,62.5,0.0
2020-06-20,USA2020-06-20,USA,North America,United States,331002647.0,35.60800000000001,38.3,29909.0,0.009035879401894934,678.0,2.0483219881924388e-06,591422.0,0.1786759125222343,2220961.0,0.6709798305631073,119112.0,0.0359852107164569,29694489.0,8.971072971510104,USA2020-06-20,68.98,0.0,68.57,68.91,0.0,70.08,0.0,62.5,0.0
2020-06-21,USA2020-06-21,USA,North America,United States,331002647.0,35.60800000000001,38.3,34158.0,0.010319554936973056,607.0,1.8338221929687469e-06,440197.0,0.1329889667015261,2255119.0,0.6812993855000804,119719.0,0.036168592935753766,30134686.0,9.10406193821163,USA2020-06-21,68.98,0.0,68.57,68.91,0.0,70.08,0.0,62.5,0.0
2020-06-22,USA2020-06-22,USA,North America,United States,331002647.0,35.60800000000001,38.3,25793.0,0.007792384814372799,256.0,7.734077123558471e-07,572466.0,0.17294907010214935,2280912.0,0.6890917703144531,119975.0,0.036245933706989364,30707152.0,9.27701100831378,USA2020-06-22,68.98,0.0,68.57,68.91,0.0,70.08,0.0,62.5,0.0
2020-06-23,USA2020-06-23,USA,North America,United States,331002647.0,35.60800000000001,38.3,31390.0,0.009483307847988296,427.0,1.2900198952185421e-06,762984.0,0.2305069179703569,2312302.0,0.6985750781624415,120402.0,0.03637493569651122,31470136.0,9.507517926284137,USA2020-06-23,68.98,0.0,68.57,68.91,0.0,70.08,0.0,62.5,0.0
2020-06-24,USA2020-06-24,USA,North America,United States,331002647.0,35.60800000000001,38.3,34720.0,0.010489342098826177,826.0,2.4954483218981634e-06,701106.0,0.21181280764803068,2347022.0,0.7090644202612676,121228.0,0.03662448052870103,32171242.0,9.719330733932168,USA2020-06-24,68.98,0.0,68.57,68.91,0.0,70.08,0.0,62.5,0.0
2020-06-25,USA2020-06-25,USA,North America,United States,331002647.0,35.60800000000001,38.3,34339.0,0.010374237279135716,751.0,2.268864031168911e-06,715215.0,0.2160753113252294,2381361.0,0.7194386575404033,121979.0,0.036851366931817925,32886457.0,9.935406045257396,USA2020-06-25,68.98,0.0,68.57,68.91,0.0,70.08,0.0,62.5,0.0
2020-06-26,USA2020-06-26,USA,North America,United States,331002647.0,35.60800000000001,38.3,40949.0,0.012371200161429523,2437.0,7.362478886762497e-06,750242.0,0.2266574019270607,2422310.0,0.7318098577018328,124416.0,0.03758761482049417,33636699.0,10.162063447184456,USA2020-06-26,68.98,0.0,68.57,68.91,0.0,70.08,0.0,62.5,0.0
2020-06-27,USA2020-06-27,USA,North America,United States,331002647.0,35.60800000000001,38.3,45527.0,0.01375427067204088,623.0,1.8821601749909874e-06,640549.0,0.1935177877897756,2467837.0,0.7455641283738738,125039.0,0.03777583083799327,34277248.0,10.355581234974233,USA2020-06-27,68.98,0.0,68.57,68.91,0.0,70.08,0.0,62.5,0.0
2020-06-28,USA2020-06-28,USA,North America,United States,331002647.0,35.60800000000001,38.3,42486.0,0.012835546901230671,500.0,1.510561938195014e-06,474656.0,0.1433994574671785,2510323.0,0.7583996752751043,125539.0,0.03792688703181277,34751904.0,10.49898069244141,USA2020-06-28,68.98,0.0,68.57,68.91,0.0,70.08,0.0,62.5,0.0
2020-06-29,USA2020-06-29,USA,North America,United States,331002647.0,35.60800000000001,38.3,38673.0,0.011683592367163157,265.0,8.005978272433574e-07,744948.0,0.22505801894689986,2548996.0,0.7700832676422675,125804.0,0.038006946814537104,35496852.0,10.72403871138831,USA2020-06-29,68.98,0.0,68.57,68.91,0.0,70.08,0.0,62.5,0.0
2020-06-30,USA2020-06-30,USA,North America,United States,331002647.0,35.60800000000001,38.3,41556.0,0.012554582380726398,336.0,1.0150976224670494e-06,840111.0,0.25380794009179025,2590552.0,0.7826378500229939,126140.0,0.038108456576783814,36336963.0,10.9778466514801,USA2020-06-30,68.98,0.0,68.57,68.91,0.0,70.08,0.0,62.5,0.0
2020-07-01,USA2020-07-01,USA,North America,United States,331002647.0,35.60800000000001,38.3,43880.0,0.013256691569599443,1270.0,3.836827323015335e-06,893548.0,0.2699519197500557,2634432.0,0.7958945415925933,127410.0,0.038492139309085335,37230511.0,11.247798571230156,USA2020-07-01,68.98,0.0,68.57,68.91,0.0,70.08,0.0,62.5,0.0
2020-07-02,USA2020-07-02,USA,North America,United States,331002647.0,35.60800000000001,38.3,52048.0,0.015724345551834818,652.0,1.969772767406298e-06,709506.0,0.2143505517041983,2686480.0,0.8116188871444281,128062.0,0.03868911658582597,37940017.0,11.462149122934356,USA2020-07-02,68.98,0.0,68.57,68.91,0.0,70.08,0.0,62.5,0.0
2020-07-03,USA2020-07-03,USA,North America,United States,331002647.0,35.60800000000001,38.3,53399.0,0.01613249938753511,678.0,2.0483219881924388e-06,728871.0,0.2202009580908276,2739879.0,0.8277513865319632,128740.0,0.03889394878464522,38668888.0,11.682350081025186,USA2020-07-03,68.98,0.0,68.57,68.91,0.0,70.08,0.0,62.5,0.0
2020-07-04,USA2020-07-04,USA,North America,United States,331002647.0,35.60800000000001,38.3,54442.0,0.01644760260784259,694.0,2.0966599702146797e-06,511140.0,0.1544217258177999,2794321.0,0.8441989891398058,129434.0,0.039103614781666685,39180028.0,11.836771806842982,USA2020-07-04,68.98,0.0,68.57,68.91,0.0,70.08,0.0,62.5,0.0
2020-07-05,USA2020-07-05,USA,North America,United States,331002647.0,35.60800000000001,38.3,45221.0,0.013661824281423346,242.0,7.311119780863867e-07,423860.0,0.1280533566246677,2839542.0,0.8578608134212292,129676.0,0.039176725979475316,39603888.0,11.964825163467651,USA2020-07-05,68.98,0.0,68.57,68.91,0.0,70.08,0.0,62.5,0.0
2020-07-06,USA2020-07-06,USA,North America,United States,331002647.0,35.60800000000001,38.3,49093.0,0.014831603446361563,271.0,8.187245705016976e-07,869753.0,0.2627631554861856,2888635.0,0.8726924168675907,129947.0,0.039258598436525495,40473641.0,12.227588318953837,USA2020-07-06,68.98,0.0,68.57,68.91,0.0,70.08,0.0,62.5,0.0
2020-07-07,USA2020-07-07,USA,North America,United States,331002647.0,35.60800000000001,38.3,49990.0,0.015102598258073746,359.0,1.08458347162402e-06,827510.0,0.2500010218951512,2938625.0,0.8877950151256645,130306.0,0.0393670567836879,41301151.0,12.477589340848985,USA2020-07-07,68.98,0.0,68.57,68.91,0.0,70.08,0.0,62.5,0.0
2020-07-08,USA2020-07-08,USA,North America,United States,331002647.0,35.60800000000001,38.3,57473.0,0.01736330525477641,1174.0,3.5467994308818925e-06,893715.0,0.2700023725187914,2996098.0,0.905158320380441,131480.0,0.039721736726776084,42194866.0,12.747591713367779,USA2020-07-08,68.98,0.0,68.57,68.91,0.0,70.08,0.0,62.5,0.0
2020-07-09,USA2020-07-09,USA,North America,United States,331002647.0,35.60800000000001,38.3,58906.0,0.017796232306263097,829.0,2.504511693527333e-06,899656.0,0.2717972222137547,3055004.0,0.9229545526867041,132309.0,0.039972187896128816,43094522.0,13.019388935581533,USA2020-07-09,68.98,0.0,68.57,68.91,0.0,70.08,0.0,62.5,0.0
2020-07-10,USA2020-07-10,USA,North America,United States,331002647.0,35.60800000000001,38.3,63004.0,0.01903428887080773,982.0,2.9667436466150074e-06,906111.0,0.2737473576759645,3118008.0,0.9419888415575116,133291.0,0.040268862260790315,44000633.0,13.2931362932575,USA2020-07-10,68.98,0.0,68.57,68.91,0.0,70.08,0.0,62.5,0.0
2020-07-11,USA2020-07-11,USA,North America,United States,331002647.0,35.60800000000001,38.3,66625.0,0.02012823782644856,806.0,2.4350258443703623e-06,797286.0,0.24086997709115,3184633.0,0.9621170793839604,134097.0,0.04051236484522736,44797919.0,13.53400627034865,USA2020-07-11,68.98,0.0,68.57,68.91,0.0,70.08,0.0,62.5,0.0
2020-07-12,USA2020-07-12,USA,North America,United States,331002647.0,35.60800000000001,38.3,63051.0,0.019048488153026764,717.0,2.16614581937165e-06,697221.0,0.21063910102205316,3247684.0,0.981165567536987,134814.0,0.040728979427164524,45495140.0,13.744645371370703,USA2020-07-12,68.98,0.0,68.57,68.91,0.0,70.08,0.0,62.5,0.0
2020-07-13,USA2020-07-13,USA,North America,United States,331002647.0,35.60800000000001,38.3,57258.0,0.017298351091434024,391.0,1.1812594356685008e-06,810435.0,0.24484245287621526,3304942.0,0.9984639186284212,135205.0,0.04084710537073137,46305575.0,13.989487824246915,USA2020-07-13,68.98,0.0,68.57,68.91,0.0,70.08,0.0,62.5,0.0
2020-07-14,USA2020-07-14,USA,North America,United States,331002647.0,35.60800000000001,38.3,58114.0,0.01755695929525301,400.0,1.2084495505560112e-06,887302.0,0.2680649257768624,3363056.0,1.016020877923674,135605.0,0.04096795032578697,47192877.0,14.257552750023775,USA2020-07-14,68.98,0.0,68.57,68.91,0.0,70.08,0.0,62.5,0.0
2020-07-15,USA2020-07-15,USA,North America,United States,331002647.0,35.60800000000001,38.3,68518.0,0.02070013657624919,861.0,2.601187657571814e-06,830364.0,0.2508632506494729,3431574.0,1.0367210144999233,136466.0,0.04122806909154415,48023241.0,14.50841600067325,USA2020-07-15,68.98,0.0,68.57,68.91,0.0,70.08,0.0,62.5,0.0
2020-07-16,USA2020-07-16,USA,North America,United States,331002647.0,35.60800000000001,38.3,67717.0,0.020458144553750352,953.0,2.8791310541996964e-06,1070497.0,0.3234104046303896,3499291.0,1.0571791590536737,137419.0,0.041515982196964125,49093738.0,14.83182640530364,USA2020-07-16,68.98,0.0,68.57,68.91,0.0,70.08,0.0,62.5,0.0
2020-07-17,USA2020-07-17,USA,North America,United States,331002647.0,35.60800000000001,38.3,76930.0,0.023241505981068486,939.0,2.8368353199302366e-06,963719.0,0.2911514481030721,3576221.0,1.080420665034742,138358.0,0.04179966572895714,50057457.0,15.122977853406713,USA2020-07-17,68.98,0.0,68.57,68.91,0.0,70.08,0.0,62.5,0.0
2020-07-18,USA2020-07-18,USA,North America,United States,331002647.0,35.60800000000001,38.3,71494.0,0.02159922304186286,908.0,2.7431804797621453e-06,837477.0,0.2530121760627491,3647715.0,1.102019888076605,139266.0,0.04207398377693336,50894934.0,15.375990029469463,USA2020-07-18,68.98,0.0,68.57,68.91,0.0,70.08,0.0,62.5,0.0
2020-07-19,USA2020-07-19,USA,North America,United States,331002647.0,35.60800000000001,38.3,63749.0,0.01925936259959879,853.0,2.5770186665606937e-06,582562.0,0.17599919676775272,3711464.0,1.1212792506762037,140119.0,0.04233168564358943,51477496.0,15.551989226237216,USA2020-07-19,68.98,0.0,68.57,68.91,0.0,70.08,0.0,62.5,0.0
2020-07-20,USA2020-07-20,USA,North America,United States,331002647.0,35.60800000000001,38.3,61796.0,0.018669337106539813,415.0,1.2537664087018615e-06,712174.0,0.2151565875544192,3773260.0,1.1399485877827438,140534.0,0.04245706228445961,52189670.0,15.767145813791632,USA2020-07-20,67.13,-2.6819367932734206,68.57,67.63,-1.857495283703381,68.56,-2.168949771689488,62.5,0.0
2020-07-21,USA2020-07-21,USA,North America,United States,331002647.0,35.60800000000001,38.3,56750.0,0.01714487799851341,372.0,1.1238580820170905e-06,1194086.0,0.3607481725063063,3830010.0,1.157093465781257,140906.0,0.042569448092661326,53383756.0,16.127893986297938,USA2020-07-21,67.13,0.0,68.57,67.63,0.0,68.56,0.0,62.5,0.0
2020-07-22,USA2020-07-22,USA,North America,United States,331002647.0,35.60800000000001,38.3,72048.0,0.021766593304614872,1160.0,3.5045036966124327e-06,1007547.0,0.30439242982851433,3902058.0,1.178860059085872,142066.0,0.04291989846232257,54391303.0,16.432286416126455,USA2020-07-22,67.13,0.0,68.57,67.63,0.0,68.56,0.0,62.5,0.0
2020-07-23,USA2020-07-23,USA,North America,United States,331002647.0,35.60800000000001,38.3,68848.0,0.020799833664170063,1124.0,3.395743237062391e-06,1002937.0,0.3029996917214985,3970906.0,1.199659892750042,143190.0,0.043259472786028805,55394240.0,16.735286107847948,USA2020-07-23,67.13,0.0,68.57,67.63,0.0,68.56,0.0,62.5,0.0
2020-07-24,USA2020-07-24,USA,North America,United States,331002647.0,35.60800000000001,38.3,63196.0,0.01909229444923442,1052.0,3.1782223179623093e-06,872367.0,0.26355287726747395,4034102.0,1.2187521871992764,144242.0,0.043577295017825035,56266607.0,16.998838985115427,USA2020-07-24,67.13,0.0,68.57,67.63,0.0,68.56,0.0,62.5,0.0
2020-07-25,USA2020-07-25,USA,North America,United States,331002647.0,35.60800000000001,38.3,78427.0,0.023693768225364068,1304.0,3.939545534812596e-06,917381.0,0.277152164284656,4112529.0,1.2424459554246403,145546.0,0.0439712495713063,57183988.0,17.275991149400088,USA2020-07-25,67.13,0.0,68.57,67.63,0.0,68.56,0.0,62.5,0.0
2020-07-26,USA2020-07-26,USA,North America,United States,331002647.0,35.60800000000001,38.3,65498.0,0.019787757165579404,914.0,2.7613072230204853e-06,628441.0,0.18985981100024252,4178027.0,1.26223371259022,146460.0,0.04424738029360835,57812429.0,17.465850960400324,USA2020-07-26,67.13,0.0,68.57,67.63,0.0,68.56,0.0,62.5,0.0
2020-07-27,USA2020-07-27,USA,North America,United States,331002647.0,35.60800000000001,38.3,55993.0,0.016916178921070682,475.0,1.435033841285263e-06,715427.0,0.21613935915140886,4234020.0,1.2791498915112909,146935.0,0.044390883677736866,58527856.0,17.681990319551733,USA2020-07-27,67.13,0.0,68.57,67.63,0.0,68.56,0.0,62.5,0.0
2020-07-28,USA2020-07-28,USA,North America,United States,331002647.0,35.60800000000001,38.3,56243.0,0.01699170701798043,1076.0,3.25072929099567e-06,850390.0,0.2569133533243316,4290263.0,1.2961415985292708,148011.0,0.044715956606836436,59378246.0,17.938903672876066,USA2020-07-28,67.13,0.0,68.57,67.63,0.0,68.56,0.0,62.5,0.0
2020-07-29,USA2020-07-29,USA,North America,United States,331002647.0,35.60800000000001,38.3,61734.0,0.0186506061385062,1245.0,3.7612992261055846e-06,822115.0,0.24837112556383875,4351997.0,1.3147922046677771,149256.0,0.045092086529447,60200361.0,18.187274798439905,USA2020-07-29,67.13,0.0,68.57,67.63,0.0,68.56,0.0,62.5,0.0
2020-07-30,USA2020-07-30,USA,North America,United States,331002647.0,35.60800000000001,38.3,74985.0,0.022653897387110624,1457.0,4.401777487900272e-06,955577.0,0.2886916490429154,4426982.0,1.3374461020548878,150713.0,0.045532264278237033,61155938.0,18.47596644748282,USA2020-07-30,67.13,0.0,68.57,67.63,0.0,68.56,0.0,62.5,0.0
2020-07-31,USA2020-07-31,USA,North America,United States,331002647.0,35.60800000000001,38.3,68032.0,0.02055330995585664,1357.0,4.099665100261268e-06,936478.0,0.28292160455139803,4495014.0,1.3579994120107444,152070.0,0.04594223078826315,62092416.0,18.758888052034216,USA2020-07-31,67.13,0.0,68.57,67.63,0.0,68.56,0.0,62.5,0.0
2020-08-01,USA2020-08-01,USA,North America,United States,331002647.0,35.60800000000001,38.3,67023.0,0.020248478556728882,1244.0,3.7582781022291945e-06,748542.0,0.2261438108680744,4562037.0,1.378247890567473,153314.0,0.04631805859848608,62840958.0,18.985031862902293,USA2020-08-01,67.13,0.0,68.57,67.63,0.0,68.56,0.0,62.5,0.0
2020-08-02,USA2020-08-02,USA,North America,United States,331002647.0,35.60800000000001,38.3,58407.0,0.017645478224831236,1133.0,3.422933351949901e-06,573836.0,0.17336296407321478,4620444.0,1.3958933687923043,154447.0,0.046660351933681066,63414794.0,19.158394826975513,USA2020-08-02,67.13,0.0,68.57,67.63,0.0,68.56,0.0,62.5,0.0
2020-08-03,USA2020-08-03,USA,North America,United States,331002647.0,35.60800000000001,38.3,47511.0,0.014353661649116662,413.0,1.2477241609490817e-06,673264.0,0.20340139455138556,4667955.0,1.4102470304414212,154860.0,0.04678512434977597,64088058.0,19.36179622152689,USA2020-08-03,67.13,0.0,68.57,67.63,0.0,68.56,0.0,62.5,0.0
2020-08-04,USA2020-08-04,USA,North America,United States,331002647.0,35.60800000000001,38.3,45607.0,0.013778439663052,543.0,1.6404702648797849e-06,756223.0,0.2284643361175296,4713562.0,1.4240254701044732,155403.0,0.04694917137626395,64844281.0,19.590260557644427,USA2020-08-04,67.13,0.0,68.57,67.63,0.0,68.56,0.0,62.5,0.0
2020-08-05,USA2020-08-05,USA,North America,United States,331002647.0,35.60800000000001,38.3,57525.0,0.017379015098933637,1403.0,4.238636798575209e-06,850564.0,0.2569659208797808,4771087.0,1.4414044852034071,156806.0,0.04737303505612147,65694845.0,19.84722647852421,USA2020-08-05,67.13,0.0,68.57,67.63,0.0,68.56,0.0,62.5,0.0
2020-08-06,USA2020-08-06,USA,North America,United States,331002647.0,35.60800000000001,38.3,52804.0,0.0159527425168899,1450.0,4.38062962076554e-06,869894.0,0.2628057533328427,4823891.0,1.4573572277202966,158256.0,0.047811098018198016,66564739.0,20.110032231857048,USA2020-08-06,67.13,0.0,68.57,67.63,0.0,68.56,0.0,62.5,0.0
2020-08-07,USA2020-08-07,USA,North America,United States,331002647.0,35.60800000000001,38.3,59755.0,0.01805272572336861,1848.0,5.583036923568772e-06,883521.0,0.26692263883919937,4883646.0,1.475409953443665,160104.0,0.048369401710554906,67448260.0,20.376954870696245,USA2020-08-07,67.13,0.0,68.57,67.63,0.0,68.56,0.0,62.5,0.0
2020-08-08,USA2020-08-08,USA,North America,United States,331002647.0,35.60800000000001,38.3,58150.0,0.01756783534120801,1252.0,3.7824470932403143e-06,809987.0,0.2447071065265529,4941796.0,1.4929777887848734,161356.0,0.04874764641987893,68258247.0,20.6216619772228,USA2020-08-08,67.13,0.0,68.57,67.63,0.0,68.56,0.0,62.5,0.0
2020-08-09,USA2020-08-09,USA,North America,United States,331002647.0,35.60800000000001,38.3,56221.0,0.016985060545452374,1069.0,3.22958142386094e-06,705689.0,0.21319738872058025,4998017.0,1.509962849330326,162425.0,0.049070604562265016,68963936.0,20.834859365943373,USA2020-08-09,67.13,0.0,68.57,67.63,0.0,68.56,0.0,62.5,0.0
2020-08-10,USA2020-08-10,USA,North America,United States,331002647.0,35.60800000000001,38.3,46847.0,0.014153059023724362,513.0,1.549836548588084e-06,766440.0,0.2315510183820373,5044864.0,1.5241159083540499,162938.0,0.049225588217123833,69730376.0,21.066410384325415,USA2020-08-10,67.13,0.0,68.57,67.63,0.0,68.56,0.0,62.5,0.0
2020-08-11,USA2020-08-11,USA,North America,United States,331002647.0,35.60800000000001,38.3,49530.0,0.014963626559759809,523.0,1.5800477873519845e-06,928635.0,0.28055213709514537,5094394.0,1.5390795349138102,163461.0,0.04938359299585904,70659011.0,21.346962521420558,USA2020-08-11,67.13,0.0,68.57,67.63,0.0,68.56,0.0,62.5,0.0
2020-08-12,USA2020-08-12,USA,North America,United States,331002647.0,35.60800000000001,38.3,46813.0,0.014142787202544638,1076.0,3.25072929099567e-06,924205.0,0.2792137792179046,5141207.0,1.5532223221163546,164537.0,0.0497086659249586,71583216.0,21.626176300638466,USA2020-08-12,67.13,0.0,68.57,67.63,0.0,68.56,0.0,62.5,0.0
2020-08-13,USA2020-08-13,USA,North America,United States,331002647.0,35.60800000000001,38.3,55941.0,0.016900469076913456,1490.0,4.5014745758211415e-06,1020475.0,0.3082981387759114,5197148.0,1.570122791193268,166027.0,0.05015881338254071,72603691.0,21.934474439414377,USA2020-08-13,67.13,0.0,68.57,67.63,0.0,68.56,0.0,62.5,0.0
2020-08-14,USA2020-08-14,USA,North America,United States,331002647.0,35.60800000000001,38.3,51094.0,0.01543613033402721,1083.0,3.2718771581304e-06,944250.0,0.2852696220281284,5248242.0,1.5855589215272952,167110.0,0.05048600109835375,73547941.0,22.219744061442505,USA2020-08-14,67.13,0.0,68.57,67.63,0.0,68.56,0.0,62.5,0.0
2020-08-15,USA2020-08-15,USA,North America,United States,331002647.0,35.60800000000001,38.3,64838.0,0.019588362989737658,1336.0,4.036221498857077e-06,819534.0,0.2475913734913425,5313080.0,1.6051472845170331,168446.0,0.050889623248239466,74367475.0,22.467335434933855,USA2020-08-15,67.13,0.0,68.57,67.63,0.0,68.56,0.0,62.5,0.0
2020-08-16,USA2020-08-16,USA,North America,United States,331002647.0,35.60800000000001,38.3,48085.0,0.014527074159621447,1035.0,3.1268632120636787e-06,614283.0,0.18558250381604954,5361165.0,1.6196743586766544,169481.0,0.05120230956944583,74981758.0,22.652917938749894,USA2020-08-16,67.13,0.0,68.57,67.63,0.0,68.56,0.0,62.5,0.0
2020-08-17,USA2020-08-17,USA,North America,United States,331002647.0,35.60800000000001,38.3,42104.0,0.012720139969152573,571.0,1.7250617334187058e-06,649621.0,0.1962585513704366,5403269.0,1.6323944986458068,170052.0,0.0513748157427877,75631379.0,22.84917649012033,USA2020-08-17,67.13,0.0,68.57,67.63,0.0,68.56,0.0,62.5,0.0
2020-08-18,USA2020-08-18,USA,North America,United States,331002647.0,35.60800000000001,38.3,35056.0,0.01059085186107288,445.0,1.3444001249935623e-06,821222.0,0.2481013392016771,5438325.0,1.6429853505068797,170497.0,0.051509255755287066,76452601.0,23.097277829322014,USA2020-08-18,67.13,0.0,68.57,67.63,0.0,68.56,0.0,62.5,0.0
2020-08-19,USA2020-08-19,USA,North America,United States,331002647.0,35.60800000000001,38.3,44091.0,0.013320437283391271,1324.0,3.9999680123403965e-06,929069.0,0.28068325387138066,5482416.0,1.6563057877902712,171821.0,0.0519092525565211,77381670.0,23.377961083193394,USA2020-08-19,67.13,0.0,68.57,67.63,0.0,68.56,0.0,62.5,0.0
2020-08-20,USA2020-08-20,USA,North America,United States,331002647.0,35.60800000000001,38.3,47426.0,0.014327982096167346,1356.0,4.0966439763848775e-06,926927.0,0.28003612913705794,5529842.0,1.6706337698864384,173177.0,0.052318916954159585,78308597.0,23.65799721233045,USA2020-08-20,67.13,0.0,68.57,67.63,0.0,68.56,0.0,62.5,0.0
2020-08-21,USA2020-08-21,USA,North America,United States,331002647.0,35.60800000000001,38.3,44005.0,0.013294455618054318,1078.0,3.25677153874845e-06,884672.0,0.2672703701973719,5573847.0,1.6839282255044927,174255.0,0.052644594108034425,79193269.0,23.925267582527823,USA2020-08-21,67.13,0.0,68.57,67.63,0.0,68.56,0.0,62.5,0.0
2020-08-22,USA2020-08-22,USA,North America,United States,331002647.0,35.60800000000001,38.3,49880.0,0.01506936589543346,1151.0,3.4773135817249223e-06,750268.0,0.2266652568491393,5623727.0,1.6989975913999262,175406.0,0.05299232546620692,79943537.0,24.15193283937696,USA2020-08-22,67.13,0.0,68.57,67.63,0.0,68.56,0.0,62.5,0.0
2020-08-23,USA2020-08-23,USA,North America,United States,331002647.0,35.60800000000001,38.3,44378.0,0.013407143538643666,956.0,2.8881944258288664e-06,586731.0,0.17725870331181973,5668105.0,1.7124047349385698,176362.0,0.0532811449087898,80530268.0,24.32919154268878,USA2020-08-23,67.13,0.0,68.57,67.63,0.0,68.56,0.0,62.5,0.0
2020-08-24,USA2020-08-24,USA,North America,United States,331002647.0,35.60800000000001,38.3,34506.0,0.010424690047871431,444.0,1.3413790011171723e-06,595608.0,0.17994055497689115,5702611.0,1.7228294249864409,176806.0,0.05341528280890153,81125876.0,24.509132097665677,USA2020-08-24,67.13,0.0,68.57,67.63,0.0,68.56,0.0,62.5,0.0
2020-08-25,USA2020-08-25,USA,North America,United States,331002647.0,35.60800000000001,38.3,38298.0,0.01157030022179853,473.0,1.4289915935324831e-06,799321.0,0.24148477579999536,5740909.0,1.7343997252082397,177279.0,0.05355818196825478,81925197.0,24.75061687346567,USA2020-08-25,67.13,0.0,68.57,67.63,0.0,68.56,0.0,62.5,0.0
2020-08-26,USA2020-08-26,USA,North America,United States,331002647.0,35.60800000000001,38.3,38119.0,0.011516222104411148,1207.0,3.646496518802764e-06,820235.0,0.24780315427507746,5779028.0,1.7459159473126509,178486.0,0.05392283162013505,82745432.0,24.998420027740746,USA2020-08-26,67.13,0.0,68.57,67.63,0.0,68.56,0.0,62.5,0.0
2020-08-27,USA2020-08-27,USA,North America,United States,331002647.0,35.60800000000001,38.3,42848.0,0.01294491158555599,1228.0,3.7099401202069535e-06,629114.0,0.1900631326371236,5821876.0,1.7588608588982066,179714.0,0.05429382563215575,83374546.0,25.18848316037787,USA2020-08-27,67.13,0.0,68.57,67.63,0.0,68.56,0.0,62.5,0.0
2020-08-28,USA2020-08-28,USA,North America,United States,331002647.0,35.60800000000001,38.3,45909.0,0.013869677604118976,1110.0,3.3534475027929314e-06,523870.0,0.1582676165124444,5867785.0,1.7727305365023258,180824.0,0.05462917038243505,83898416.0,25.346750776890318,USA2020-08-28,67.13,0.0,68.57,67.63,0.0,68.56,0.0,62.5,0.0
2020-08-29,USA2020-08-29,USA,North America,United States,331002647.0,35.60800000000001,38.3,49654.0,0.015001088495827044,949.0,2.8670465586941362e-06,0.0,0.0,5917439.0,1.7877316249981532,181773.0,0.05491587503830445,83898416.0,25.346750776890318,USA2020-08-29,67.13,0.0,68.57,67.63,0.0,68.56,0.0,62.5,0.0
2020-08-30,USA2020-08-30,USA,North America,United States,331002647.0,35.60800000000001,38.3,44143.0,0.0133361471275485,1006.0,3.039250619648368e-06,0.0,0.0,5961582.0,1.8010677721257016,182779.0,0.055219800100269285,83898416.0,25.346750776890318,USA2020-08-30,67.13,0.0,68.57,67.63,0.0,68.56,0.0,62.5,0.0
2020-08-31,USA2020-08-31,USA,North America,United States,331002647.0,35.60800000000001,38.3,35581.0,0.010749460864583357,290.0,8.761259241531082e-07,0.0,0.0,5997163.0,1.8118172329902849,183069.0,0.0553074126926846,83898416.0,25.346750776890318,USA2020-08-31,67.13,0.0,68.57,67.63,0.0,68.56,0.0,62.5,0.0
