date_updated,new_cases,new_deaths,new_tests,total_cases_updated,total_deaths_updated,total_tests_updated,StringencyIndex_updated,StringencyLegacyIndex_updated,GovernmentResponseIndex_updated,ContainmentHealthIndex_updated,EconomicSupportIndex_updated
2020-01-01,0.0,0.0,4.0,27.0,0.0,4.0,0.0,0.0,0.2942622950819672,0.19885245901639342,0.819672131147541
2020-01-02,0.0,0.0,16.0,27.0,0.0,20.0,0.2277049180327869,0.29278688524590163,0.49393442622950817,0.4347540983606557,0.819672131147541
2020-01-03,17.0,0.0,18.0,44.0,0.0,38.0,0.3188524590163934,0.4488524590163934,0.5570491803278689,0.509344262295082,0.819672131147541
2020-01-04,0.0,0.0,6.0,44.0,0.0,44.0,0.3188524590163934,0.4488524590163934,0.5570491803278689,0.509344262295082,0.819672131147541
2020-01-05,15.0,0.0,14.0,59.0,0.0,58.0,0.36442622950819675,0.5268852459016393,0.6516393442622951,0.620983606557377,0.819672131147541
2020-01-06,0.0,0.0,28.0,59.0,0.0,86.0,0.36442622950819675,0.5268852459016393,0.6516393442622951,0.620983606557377,0.819672131147541
2020-01-07,0.0,0.0,28.0,59.0,0.0,114.0,0.41,0.5854098360655736,0.6831147540983606,0.6581967213114756,0.819672131147541
2020-01-08,0.0,0.0,15.0,59.0,0.0,129.0,0.41,0.5854098360655736,0.6831147540983606,0.6581967213114756,0.819672131147541
2020-01-09,0.0,0.0,44.0,59.0,0.0,173.0,0.41,0.5854098360655736,0.6831147540983606,0.6581967213114756,0.819672131147541
2020-01-10,0.0,0.0,39.0,59.0,0.0,212.0,0.41,0.5854098360655736,0.6831147540983606,0.6581967213114756,0.819672131147541
2020-01-11,0.0,1.0,5.0,59.0,1.0,217.0,0.41,0.5854098360655736,0.6831147540983606,0.6581967213114756,0.819672131147541
2020-01-12,0.0,0.0,20.0,59.0,1.0,237.0,0.41,0.5854098360655736,0.6831147540983606,0.6581967213114756,0.819672131147541
2020-01-13,1.0,0.0,37.0,60.0,1.0,274.0,0.41,0.5854098360655736,0.7250819672131148,0.7078688524590165,0.819672131147541
2020-01-14,0.0,0.0,51.0,60.0,1.0,325.0,0.41,0.5854098360655736,0.7250819672131148,0.7078688524590165,0.819672131147541
2020-01-15,1.0,1.0,59.0,61.0,2.0,384.0,0.5009836065573771,0.6634426229508197,0.8932786885245904,0.9067213114754099,0.819672131147541
2020-01-16,0.0,0.0,42.0,61.0,2.0,426.0,0.7742622950819673,1.0537704918032786,1.1245901639344262,1.18,0.819672131147541
2020-01-17,5.0,0.0,42.0,66.0,2.0,468.0,0.7742622950819673,1.0537704918032786,1.1245901639344262,1.18,0.819672131147541
2020-01-18,17.0,0.0,16.0,83.0,2.0,484.0,0.819672131147541,1.1124590163934427,1.156065573770492,1.2172131147540983,0.819672131147541
2020-01-19,136.0,1.0,21.0,219.0,3.0,505.0,0.819672131147541,1.1124590163934427,1.156065573770492,1.2172131147540983,0.819672131147541
2020-01-20,20.0,0.0,65.0,239.0,3.0,570.0,1.0019672131147541,1.424590163934426,1.450327868852459,1.5650819672131147,0.819672131147541
2020-01-21,152.0,3.0,52.0,391.0,6.0,633.0,1.0019672131147541,1.424590163934426,1.5554098360655737,1.6893442622950818,0.819672131147541
2020-01-22,142.0,11.0,61.0,533.0,17.0,694.0,1.7534426229508198,2.216885245901639,2.201639344262295,2.453114754098361,0.819672131147541
2020-01-23,97.0,0.0,46.0,630.0,17.0,740.0,2.5124590163934424,3.133934426229508,2.8529508196721305,3.2231147540983613,0.819672131147541
2020-01-24,266.0,9.0,49.0,896.0,26.0,798.0,3.0590163934426227,3.8950819672131143,3.6727868852459005,4.191967213114756,0.819672131147541
2020-01-25,451.0,15.0,19.0,1347.0,41.0,817.0,3.468852459016394,4.480655737704918,4.208688524590164,4.8254098360655755,0.819672131147541
2020-01-26,673.0,15.0,34.0,2020.0,56.0,981.0,4.1367213114754104,5.359016393442624,4.733934426229509,5.446229508196722,0.819672131147541
2020-01-27,795.0,25.0,67.0,2815.0,81.0,1068.0,4.546721311475411,5.925081967213115,5.14377049180328,5.930491803278688,0.819672131147541
2020-01-28,1765.0,25.0,204.0,4580.0,106.0,1275.0,5.002131147540983,6.569180327868854,5.459016393442623,6.3031147540983605,0.819672131147541
2020-01-29,1479.0,26.0,142.0,6059.0,132.0,1420.0,5.791639344262294,7.564426229508198,6.110655737704919,7.073278688524589,0.819672131147541
2020-01-30,1756.0,38.0,158.0,7815.0,170.0,1638.0,6.5045161290322575,8.517580645161292,6.570483870967742,7.619193548387097,0.8064516129032258
2020-01-31,2000.0,43.0,67.0,9815.0,213.0,5315.0,8.37015873015873,10.782698412698416,8.663809523809524,10.094920634920634,0.7936507936507936
2020-02-01,2121.0,46.0,211.0,11936.0,259.0,2043.0,8.325645161290321,10.572419354838713,8.824838709677422,10.209032258064513,1.2096774193548387
2020-02-02,2608.0,46.0,87.0,14544.0,305.0,2137.0,8.773709677419355,11.18693548387097,9.176290322580648,10.624354838709678,1.2096774193548387
2020-02-03,2818.0,57.0,41.0,17362.0,362.0,2178.0,9.236612903225808,11.762741935483872,9.66225806451613,11.198709677419352,1.2096774193548387
2020-02-04,3243.0,65.0,88.0,20605.0,427.0,2453.0,9.729677419354841,12.434677419354838,10.003387096774194,11.60209677419355,1.2096774193548387
2020-02-05,3897.0,66.0,181.0,24502.0,493.0,2634.0,9.819193548387098,12.549838709677418,10.189354838709681,11.821935483870966,1.2096774193548387
2020-02-06,3741.0,72.0,230.0,28243.0,565.0,2871.0,10.013225806451615,12.78048387096774,10.489354838709682,12.176129032258062,1.2096774193548387
2020-02-07,3172.0,73.0,295.0,31415.0,638.0,3219.0,9.9175,12.734375,10.531875000000003,12.233593749999999,1.171875
2020-02-08,3438.0,86.0,1160.0,34853.0,724.0,4379.0,10.091249999999999,12.9390625,10.652187500000002,12.375625,1.171875
2020-02-09,2617.0,89.0,2024.0,37470.0,813.0,6445.0,10.177968749999998,13.0134375,10.752343750000001,12.4940625,1.171875
2020-02-10,2986.0,97.0,993.0,40456.0,910.0,7438.0,10.149062499999998,12.95765625,10.732343750000002,12.4703125,1.171875
2020-02-11,2497.0,108.0,978.0,42953.0,1018.0,8435.0,10.163846153846153,12.978153846153846,10.744769230769233,12.488307692307693,1.1538461538461537
2020-02-12,2033.0,97.0,1543.0,44986.0,1115.0,9980.0,10.505692307692307,13.381230769230768,10.981538461538463,12.768,1.1538461538461537
2020-02-13,15151.0,255.0,807.0,60137.0,1370.0,10795.0,10.633846153846154,13.527692307692307,11.070153846153847,12.87292307692308,1.1538461538461537
2020-02-14,4168.0,13.0,1439.0,64305.0,1383.0,12887.0,10.633846153846154,13.527692307692307,11.228000000000002,13.05938461538462,1.1538461538461537
2020-02-15,2560.0,144.0,682.0,66865.0,1527.0,13571.0,10.662307692307694,13.582615384615385,11.307076923076924,13.152615384615387,1.1538461538461537
2020-02-16,2028.0,142.0,2552.0,68893.0,1669.0,16136.0,10.662307692307694,13.582615384615385,11.346461538461538,13.199230769230772,1.1538461538461537
2020-02-17,2065.0,105.0,425.0,70958.0,1774.0,16561.0,10.662307692307694,13.582615384615385,11.42553846153846,13.292615384615386,1.1538461538461537
2020-02-18,1894.0,98.0,2872.0,72852.0,1872.0,19434.0,10.747692307692308,13.656,11.484769230769231,13.36246153846154,1.1538461538461537
2020-02-19,1776.0,139.0,1403.0,74628.0,2011.0,20864.0,10.833076923076923,13.802461538461538,11.543846153846154,13.432307692307692,1.1538461538461537
2020-02-20,451.0,114.0,1828.0,75079.0,2125.0,22777.0,11.08953846153846,14.187076923076924,11.721384615384617,13.642153846153844,1.1538461538461537
2020-02-21,983.0,119.0,5017.0,76062.0,2244.0,27794.0,11.559692307692307,14.681538461538462,12.105846153846153,14.096615384615385,1.1538461538461537
2020-02-22,1083.0,112.0,8929.0,77145.0,2356.0,41991.0,11.830307692307695,14.993076923076924,12.29323076923077,14.318,1.1538461538461537
2020-02-23,1009.0,104.0,3086.0,78154.0,2460.0,45141.0,12.79169230769231,15.882923076923076,13.116615384615383,15.29123076923077,1.1538461538461537
2020-02-24,464.0,155.0,6192.0,78618.0,2615.0,51345.0,13.261846153846157,16.542307692307688,13.560461538461539,15.815846153846154,1.1538461538461537
2020-02-25,791.0,79.0,8522.0,79409.0,2694.0,60085.0,14.487076923076927,17.95276923076923,14.783076923076921,17.26107692307692,1.1538461538461537
2020-02-26,866.0,63.0,10214.0,80275.0,2757.0,70333.0,14.87106060606061,18.564545454545453,15.462424242424241,18.06696969696969,1.1363636363636365
2020-02-27,1097.0,38.0,14717.0,81372.0,2795.0,85050.0,15.54439393939394,19.430454545454545,16.220151515151514,18.962575757575753,1.1363636363636365
2020-02-28,1263.0,57.0,23285.0,82635.0,2852.0,108467.0,15.685223880597016,19.566865671641793,16.810597014925374,19.663134328358208,1.1194029850746268
2020-02-29,1846.0,62.0,16547.0,84481.0,2914.0,163271.0,16.94130434782609,21.06985507246377,17.953768115942033,20.756811594202894,2.536231884057971
2020-03-01,1829.0,58.0,12459.0,86310.0,2972.0,145181.0,17.209710144927545,21.414927536231882,18.325362318840586,21.327681159420287,1.8115942028985508
2020-03-02,2083.0,66.0,14892.0,88393.0,3038.0,162064.0,17.704428571428576,21.993714285714287,18.686142857142862,21.758714285714277,1.7857142857142858
2020-03-03,1849.0,72.0,21492.0,90242.0,3110.0,194140.0,17.5986301369863,21.872739726027394,18.62931506849316,21.70493150684931,1.7123287671232876
2020-03-04,2301.0,84.0,27424.0,92540.0,3194.0,268711.0,17.80552631578947,22.15921052631579,18.754342105263166,21.86486842105262,1.644736842105263
2020-03-05,2331.0,80.0,19099.0,94869.0,3274.0,293972.0,19.19447368421052,23.851052631578945,20.01973684210527,23.359868421052624,1.644736842105263
2020-03-06,3053.0,102.0,38833.0,97923.0,3376.0,332932.0,20.250123456790117,25.247901234567895,21.252962962962965,24.61148148148148,2.7777777777777777
2020-03-07,4079.0,104.0,26683.0,101995.0,3480.0,371321.0,20.085783132530118,25.155903614457827,21.20421686746988,24.648433734939758,2.2590361445783134
2020-03-08,3997.0,97.0,18141.0,105991.0,3577.0,514178.0,20.695476190476185,25.933452380952374,21.75297619047619,25.247738095238088,2.5297619047619047
2020-03-09,4150.0,228.0,23323.0,110129.0,3805.0,540634.0,20.817272727272726,26.202272727272717,22.076022727272722,25.52034090909091,3.125
2020-03-10,4758.0,206.0,28426.0,114880.0,4011.0,576647.0,24.3385393258427,30.45539325842696,24.71595505617977,28.44280898876405,4.213483146067416
2020-03-11,5086.0,273.0,33086.0,119984.0,4284.0,613377.0,26.13901098901099,32.56483516483515,26.219010989010986,30.21131868131868,4.258241758241758
2020-03-12,7788.0,325.0,32162.0,127781.0,4609.0,665062.0,30.09237623762376,37.18574257425743,28.906534653465336,33.21762376237625,5.198019801980198
2020-03-13,9486.0,348.0,31080.0,137255.0,4957.0,723185.0,34.793883495145636,41.925533980582536,32.19155339805823,37.029805825242725,5.58252427184466
2020-03-14,10377.0,442.0,51447.0,147636.0,5398.0,793343.0,37.57466666666668,45.016190476190445,34.261238095238085,39.30047619047618,6.5476190476190474
2020-03-15,12191.0,367.0,45344.0,159823.0,5765.0,985612.0,38.98735042735043,46.469401709401716,35.543846153846154,40.58871794871794,7.799145299145299
2020-03-16,12415.0,748.0,57830.0,172246.0,6514.0,1082353.0,47.29925619834713,55.92876033057851,41.86793388429754,47.52661157024792,10.537190082644628
2020-03-17,14127.0,604.0,92068.0,186374.0,7118.0,1183291.0,49.97488188976378,58.36740157480315,44.1876377952756,49.75236220472442,13.582677165354331
2020-03-18,16893.0,810.0,103409.0,203271.0,7928.0,1361423.0,54.08798449612401,62.02333333333334,47.43341085271318,53.16829457364343,15.891472868217054
2020-03-19,20001.0,955.0,130354.0,223274.0,8883.0,1525791.0,57.16588235294115,64.9758088235294,49.78080882352941,55.673455882353,17.371323529411764
2020-03-20,30961.0,1074.0,166460.0,254235.0,9957.0,1702655.0,59.43920863309349,67.1535251798561,51.52683453237412,57.49410071942451,18.705035971223023
2020-03-21,31710.0,1384.0,152489.0,285946.0,11341.0,1865414.0,61.63482758620685,69.15427586206897,53.028551724137934,59.174344827586246,19.224137931034484
2020-03-22,34138.0,1711.0,117870.0,320084.0,13052.0,2501631.0,62.27959731543619,69.48208053691273,53.596644295301985,59.74167785234902,19.798657718120804
2020-03-23,34210.0,1686.0,179016.0,354294.0,14738.0,2686734.0,65.57231788079469,72.3274834437086,56.00052980132452,62.509867549668876,20.198675496688743
2020-03-24,44097.0,1853.0,198317.0,398391.0,16591.0,2894109.0,67.89763157894735,74.60710526315789,57.85250000000002,64.45381578947368,21.54605263157895
2020-03-25,42188.0,2304.0,216001.0,440579.0,18895.0,3112406.0,69.25863636363637,75.87551948051949,59.0322077922078,65.58941558441556,22.97077922077922
2020-03-26,53469.0,2643.0,244597.0,494048.0,21538.0,3371426.0,70.76509677419357,77.51806451612904,60.34722580645161,66.95038709677418,24.032258064516128
2020-03-27,60780.0,2798.0,275382.0,554828.0,24336.0,3653582.0,73.03522580645162,79.71477419354841,62.2,68.87593548387096,25.483870967741936
2020-03-28,64801.0,3491.0,237433.0,619629.0,27827.0,3911064.0,74.72743589743591,81.3069871794872,63.50269230769232,70.27012820512819,26.28205128205128
2020-03-29,62672.0,3584.0,279607.0,682301.0,31411.0,4647498.0,75.41602564102564,81.82884615384613,64.05333333333336,70.83339743589744,26.762820512820515
2020-03-30,57184.0,3215.0,226889.0,739485.0,34626.0,4897434.0,77.51115384615382,83.3933333333333,65.90256410256413,72.71301282051282,28.44551282051282
2020-03-31,64186.0,3981.0,256879.0,803671.0,38607.0,5314183.0,78.03197452229297,83.80248407643312,66.82605095541403,73.30178343949044,31.21019108280255
2020-04-01,74391.0,4667.0,410005.0,878062.0,43274.0,5880784.0,78.16855345911945,83.8789937106918,67.72308176100628,73.50415094339623,35.92767295597484
2020-04-02,77189.0,5003.0,424650.0,955251.0,48277.0,6310045.0,78.36647798742133,84.05119496855345,67.99729559748428,73.68515723270441,36.71383647798742
2020-04-03,77153.0,4997.0,440357.0,1032404.0,53274.0,6778892.0,78.64337499999996,84.17312499999997,68.40356249999999,73.93712500000001,37.96875
2020-04-04,81441.0,6768.0,392359.0,1113845.0,60042.0,7228094.0,78.92106249999996,84.48568749999995,68.64393749999999,74.16443750000002,38.28125
2020-04-05,85227.0,6299.0,410253.0,1199072.0,66341.0,8369394.0,79.22193749999995,84.67168749999995,68.89237499999999,74.4295625,38.4375
2020-04-06,66127.0,4748.0,370436.0,1265199.0,71089.0,8777365.0,79.50556249999997,84.83531249999994,69.27712499999997,74.81306250000002,38.828125
2020-04-07,72653.0,5328.0,530088.0,1337852.0,76417.0,9444887.0,79.70524999999995,85.00337499999995,69.65568749999997,75.11850000000001,39.609375
2020-04-08,76701.0,7565.0,698082.0,1414553.0,83982.0,10197050.0,80.16818749999997,85.37531249999995,70.24049999999997,75.63937500000003,40.546875
2020-04-09,84813.0,6529.0,543168.0,1499366.0,90511.0,10779148.0,80.40543749999998,85.68056249999997,70.84531249999998,75.985,42.578125
2020-04-10,87026.0,7442.0,576912.0,1586392.0,97953.0,11361244.0,80.42347826086956,85.60683229813661,70.96273291925463,76.0023602484472,43.245341614906835
2020-04-11,89500.0,7004.0,562285.0,1675892.0,104957.0,11990806.0,80.50987577639752,85.79919254658381,71.10608695652172,76.12937888198758,43.47826086956522
2020-04-12,75120.0,6046.0,450616.0,1751012.0,111003.0,12877207.0,80.66515527950311,85.91012422360247,71.23745341614905,76.25645962732919,43.63354037267081
2020-04-13,68205.0,5336.0,426545.0,1819217.0,116339.0,14252234.0,80.96428571428571,86.21627329192545,71.58776397515526,76.55757763975154,44.254658385093165
2020-04-14,64624.0,5395.0,523616.0,1883841.0,121734.0,14835963.0,80.86645962732919,86.18658385093165,71.59180124223599,76.5622360248447,44.254658385093165
2020-04-15,76251.0,7600.0,584929.0,1960092.0,129334.0,15424916.0,80.88950310559008,86.12006211180123,71.77496894409934,76.58111801242235,45.3416149068323
2020-04-16,77952.0,10460.0,605400.0,2038044.0,139794.0,16039585.0,80.98447204968946,86.1570807453416,71.97211180124222,76.71515527950308,45.88509316770186
2020-04-17,83612.0,8516.0,624047.0,2121656.0,148310.0,16684117.0,81.02478260869566,86.20875776397514,72.08335403726707,76.80453416149066,46.11801242236025
2020-04-18,81512.0,8481.0,602140.0,2203168.0,156791.0,17347055.0,81.03633540372672,86.26055900621117,72.17894409937887,76.86080745341614,46.42857142857143
2020-04-19,79497.0,6364.0,509559.0,2282665.0,163155.0,19227194.0,80.96149068322983,86.2014906832298,72.16695652173911,76.84670807453416,46.42857142857143
2020-04-20,70522.0,4977.0,535304.0,2353187.0,168132.0,19916890.0,80.29440993788822,85.72080745341614,71.84465838509314,76.39503105590062,46.816770186335404
2020-04-21,73497.0,5441.0,638164.0,2426684.0,173573.0,20600776.0,80.1276397515528,85.58037267080746,71.88832298136641,76.27739130434783,47.74844720496895
2020-04-22,86257.0,7258.0,727507.0,2512941.0,180831.0,21392808.0,80.03857142857144,85.57304347826089,71.82664596273288,76.20447204968943,47.74844720496895
2020-04-23,66179.0,5908.0,806266.0,2579120.0,186739.0,22360922.0,79.96378881987579,85.52863354037268,71.77490683229809,76.14335403726707,47.74844720496895
2020-04-24,78221.0,7319.0,917207.0,2657341.0,194058.0,23277996.0,79.92062111801243,85.55086956521741,71.88440993788818,76.14565217391304,48.4472049689441
2020-04-25,72452.0,5348.0,795758.0,2729793.0,199406.0,24175654.0,79.88608695652174,85.5064596273292,71.8604968944099,76.11745341614908,48.4472049689441
2020-04-26,99908.0,6173.0,726067.0,2829701.0,205579.0,25321083.0,79.8803105590062,85.50360248447207,71.85639751552792,76.11273291925465,48.4472049689441
2020-04-27,81556.0,3901.0,744144.0,2911257.0,209480.0,26111137.0,79.63844720496895,85.23739130434785,71.7449068322981,75.95285714285716,48.60248447204969
2020-04-28,65428.0,4892.0,870133.0,2976685.0,214372.0,27264069.0,79.69018633540374,85.29652173913045,71.88031055900618,76.0139751552795,49.14596273291925
2020-04-29,71831.0,6545.0,1026317.0,3048516.0,220917.0,28376787.0,79.63260869565218,85.2521739130435,71.92018633540368,76.06111801242236,49.14596273291925
2020-04-30,78498.0,6555.0,1123318.0,3127014.0,227472.0,29984315.0,79.42123456790124,85.04191358024691,71.96679012345678,75.96104938271604,50.0
2020-05-01,85037.0,5644.0,1124573.0,3212051.0,233116.0,30976519.0,79.12407407407404,84.77734567901234,71.82024691358023,75.7738888888889,50.07716049382716
2020-05-02,88499.0,5571.0,918873.0,3300550.0,238687.0,31952847.0,79.19259259259255,84.82141975308643,71.86777777777776,75.83006172839507,50.07716049382716
2020-05-03,80681.0,4807.0,818062.0,3381231.0,243494.0,33249069.0,79.16691358024688,84.76253086419753,71.8499382716049,75.80901234567902,50.07716049382716
2020-05-04,76999.0,3695.0,906487.0,3458230.0,247189.0,34201051.0,77.8949382716049,83.59697530864197,71.00913580246907,74.84351851851852,49.92283950617284
2020-05-05,75880.0,3969.0,1101376.0,3534110.0,251158.0,35304363.0,77.69499999999996,83.3662962962963,70.95370370370365,74.70777777777778,50.30864197530864
2020-05-06,78097.0,5963.0,1058848.0,3612207.0,257121.0,36759343.0,77.4149382716049,83.18993827160496,70.71240740740735,74.47864197530865,50.0
2020-05-07,87244.0,6117.0,1205074.0,3699451.0,263238.0,38272762.0,77.35771604938267,83.10913580246915,70.84697530864193,74.55358024691355,50.46296296296296
2020-05-08,92044.0,5629.0,1303136.0,3791495.0,268867.0,39579327.0,76.90629629629626,82.79753086419754,70.54222222222216,74.19358024691356,50.46296296296296
2020-05-09,89041.0,5127.0,1169184.0,3880536.0,273994.0,40795150.0,76.88925925925923,82.75339506172841,70.53043209876537,74.17956790123456,50.46296296296296
2020-05-10,88613.0,4394.0,956084.0,3969149.0,278388.0,42298202.0,76.99209876543206,82.81222222222223,70.60160493827156,74.26376543209875,50.46296296296296
2020-05-11,74669.0,3420.0,1100220.0,4043818.0,281808.0,43414387.0,76.06888888888885,81.79061728395064,70.08537037037034,73.63944444444445,50.54012345679013
2020-05-12,69260.0,3595.0,1218489.0,4113078.0,285403.0,44661578.0,75.95172839506168,81.65240740740744,70.03604938271603,73.580987654321,50.54012345679013
2020-05-13,85567.0,5755.0,1350803.0,4198645.0,291158.0,46207578.0,75.75450617283946,81.44666666666672,69.94709876543207,73.47574074074076,50.54012345679013
2020-05-14,85972.0,5017.0,1403418.0,4284617.0,296175.0,47894747.0,75.17444444444439,80.81907407407411,69.52185185185182,73.00104938271606,50.385802469135804
2020-05-15,96102.0,5254.0,1618694.0,4380719.0,301429.0,49465735.0,74.85809815950914,80.58748466257671,69.270490797546,72.74619631901842,50.15337423312884
2020-05-16,96851.0,5038.0,1329601.0,4477570.0,306467.0,50833588.0,74.71607361963186,80.52177914110432,69.18398773006133,72.65797546012271,50.076687116564415
2020-05-17,92959.0,4226.0,1187613.0,4570529.0,310693.0,52556905.0,74.40085889570547,80.27055214723927,69.06785276073619,72.4929447852761,50.23006134969325
2020-05-18,79060.0,2889.0,1190727.0,4649589.0,313582.0,53715789.0,73.25079754601222,79.24055214723928,68.35006134969325,71.64447852760736,50.23006134969325
2020-05-19,85793.0,3286.0,1377870.0,4735382.0,316868.0,55069192.0,73.25079754601222,79.24055214723927,68.36576687116563,71.6630674846626,50.23006134969325
2020-05-20,94740.0,5193.0,1472658.0,4830122.0,322061.0,56518538.0,73.0292024539877,79.10325153374235,68.23588957055213,71.48177914110431,50.38343558282209
2020-05-21,102748.0,4698.0,1392430.0,4932870.0,326759.0,58203766.0,72.82478527607358,78.98644171779144,68.15319018404907,71.28656441717793,50.920245398773005
2020-05-22,107448.0,5382.0,1486468.0,5040318.0,332141.0,59874912.0,72.68263803680979,78.81122699386505,68.08638036809815,71.20742331288346,50.920245398773005
2020-05-23,105340.0,4639.0,1409374.0,5145658.0,336780.0,61306563.0,72.60889570552143,78.81558282208591,68.02343558282206,71.14705521472395,50.84355828220859
2020-05-24,99272.0,3909.0,1154476.0,5244930.0,340689.0,62840647.0,72.55214723926377,78.779018404908,67.98411042944782,71.10061349693254,50.84355828220859
2020-05-25,92695.0,1111.0,1208165.0,5337625.0,341800.0,64083076.0,72.00687116564413,78.27214723926382,67.63809815950916,70.69165644171781,50.84355828220859
2020-05-26,88095.0,3361.0,1456472.0,5425720.0,345161.0,65555104.0,71.79668711656437,78.06030674846627,67.53595092024538,70.55693251533744,50.920245398773005
2020-05-27,92768.0,3873.0,1590241.0,5518488.0,349034.0,67101722.0,71.56950920245394,77.8733128834356,67.44147239263802,70.44539877300613,50.920245398773005
2020-05-28,102263.0,5112.0,1597945.0,5620751.0,354146.0,68982409.0,71.47871165644167,77.82950920245402,67.36668711656439,70.37110429447854,50.84355828220859
2020-05-29,117940.0,4630.0,1654650.0,5738691.0,358776.0,70982313.0,71.20306748466254,77.57386503067488,67.2546625766871,70.18276073619634,51.15030674846626
2020-05-30,121378.0,4638.0,1569613.0,5860069.0,363414.0,72623576.0,70.87926380368094,77.39411042944788,67.07773006134967,69.97361963190184,51.15030674846626
2020-05-31,127503.0,4002.0,1330894.0,5987572.0,367416.0,74701254.0,70.34823170731703,76.97439024390246,66.79573170731706,69.55841463414635,51.60060975609756
2020-06-01,106419.0,2897.0,1332533.0,6093991.0,370313.0,75843029.0,68.57834355828219,75.41631901840493,65.74447852760738,68.23049079754604,52.07055214723926
2020-06-02,99168.0,3123.0,1537384.0,6193159.0,373436.0,77334698.0,67.86533742331285,74.77515337423317,65.3924539877301,67.81447852760738,52.07055214723926
2020-06-03,111408.0,4532.0,1774950.0,6304567.0,377968.0,79082835.0,67.73472392638034,74.56760736196323,65.30220858895707,67.7076073619632,52.07055214723926
2020-06-04,124523.0,5515.0,1837229.0,6429090.0,383483.0,81172690.0,67.63521472392637,74.52374233128839,65.27276073619633,67.64484662576687,52.2239263803681
2020-06-05,125832.0,5099.0,1823829.0,6554922.0,388582.0,82972378.0,67.24895705521472,74.12049079754605,64.98944785276075,67.33803680981596,52.07055214723926
2020-06-06,132294.0,4635.0,1641956.0,6687216.0,393217.0,84637599.0,66.78889570552147,73.74067484662582,64.67092024539879,66.96159509202454,52.07055214723926
2020-06-07,125399.0,3784.0,1363044.0,6812615.0,397001.0,86462304.0,66.53895705521471,73.58006134969331,64.49785276073621,66.75711656441717,52.07055214723926
2020-06-08,114781.0,3494.0,1660062.0,6927396.0,400495.0,88209751.0,65.57325153374231,72.75779141104299,63.805766871165645,65.93926380368097,52.07055214723926
2020-06-09,104564.0,3195.0,1693699.0,7031960.0,403690.0,89938716.0,65.32042944785273,72.49490797546018,63.64245398773006,65.7883435582822,51.84049079754601
2020-06-10,124396.0,4847.0,1867300.0,7156356.0,408537.0,91764490.0,65.06484662576686,72.2422085889571,63.544171779141095,65.6163190184049,52.147239263803684
2020-06-11,133489.0,5099.0,1771807.0,7289845.0,413636.0,93741190.0,64.84895705521473,72.00128834355833,63.496748466257664,65.47693251533741,52.607361963190186
2020-06-12,135445.0,4682.0,1769246.0,7425290.0,418318.0,95512355.0,64.58478527607362,71.69595092024545,63.31386503067485,65.26079754601226,52.607361963190186
2020-06-13,143525.0,4643.0,1728219.0,7568815.0,422961.0,97437427.0,64.65858895705522,71.7061349693252,63.36490797546012,65.32116564417177,52.607361963190186
2020-06-14,132669.0,4114.0,1466475.0,7701484.0,427075.0,99285753.0,64.6017791411043,71.61846625766877,63.31380368098161,65.27466257668712,52.530674846625764
2020-06-15,121184.0,3137.0,1621777.0,7822668.0,430212.0,100972046.0,63.70993865030675,70.68822085889575,62.77104294478524,64.59128834355825,52.760736196319016
2020-06-16,117473.0,3358.0,1827581.0,7940141.0,433570.0,102756976.0,63.40319018404907,70.47496932515342,62.59411042944783,64.34036809815946,52.99079754601227
2020-06-17,140006.0,6702.0,1907052.0,8080147.0,440272.0,104623445.0,63.26693251533742,70.40343558282213,62.49963190184047,64.22889570552142,52.99079754601227
2020-06-18,175602.0,5077.0,2049997.0,8255749.0,445349.0,106965592.0,63.201656441717795,70.37858895705527,62.454355828220834,64.17546012269935,52.99079754601227
2020-06-19,137612.0,6261.0,2196858.0,8393361.0,451610.0,109119607.0,62.90055214723927,70.07625766871169,62.2930061349693,63.956993865030626,53.144171779141104
2020-06-20,179408.0,4991.0,1900804.0,8572769.0,456601.0,111066777.0,62.911901840490806,70.00325153374237,62.30092024539876,63.966134969325104,53.144171779141104
2020-06-21,159837.0,4081.0,1565344.0,8732606.0,460682.0,113085932.0,62.67895705521471,69.84263803680984,62.13963190184047,63.775398773006096,53.144171779141104
2020-06-22,129013.0,3958.0,1745531.0,8861619.0,464640.0,114869305.0,62.250245398773004,69.41466257668716,61.84269938650305,63.424539877300575,53.144171779141104
2020-06-23,132803.0,3372.0,2035545.0,8994422.0,468012.0,116858313.0,62.06846625766871,69.21018404907977,61.71680981595091,63.275828220858855,53.144171779141104
2020-06-24,162427.0,5324.0,2072481.0,9156849.0,473336.0,118917467.0,61.966257668711656,69.09325153374236,61.646012269938645,63.19226993865028,53.144171779141104
2020-06-25,173509.0,5195.0,2108646.0,9330358.0,478531.0,121189499.0,61.96067484662578,69.06404907975462,61.68932515337423,63.24349693251532,53.144171779141104
2020-06-26,178109.0,6555.0,2117986.0,9508467.0,485086.0,123327385.0,61.68226993865032,68.92963190184051,61.47687116564417,63.00650306748465,53.06748466257669
2020-06-27,187803.0,4557.0,1954062.0,9696270.0,489643.0,125410653.0,61.48055214723927,68.74993865030675,61.384539877300604,62.89748466257668,53.06748466257669
2020-06-28,181191.0,4567.0,1747514.0,9877461.0,494210.0,127677585.0,61.4293865030675,68.72797546012269,61.39631901840489,62.91134969325153,53.06748466257669
2020-06-29,159704.0,3042.0,2003402.0,10037165.0,497252.0,129704019.0,61.29595092024542,68.58484662576686,61.303803680981574,62.8021472392638,53.06748466257669
2020-06-30,157099.0,3687.0,2206476.0,10194264.0,500939.0,133370291.0,61.043536585365864,68.3990243902439,61.15499999999999,62.573902439024415,53.353658536585364
2020-07-01,190953.0,5599.0,2355985.0,10385217.0,506538.0,135371230.0,60.23644171779143,67.52147239263805,60.42932515337423,61.93521472392637,52.147239263803684
2020-07-02,199513.0,4831.0,2145623.0,10584730.0,511369.0,137628543.0,60.2591411042945,67.49957055214725,60.492208588957055,62.00957055214724,52.147239263803684
2020-07-03,206516.0,5031.0,2118380.0,10791246.0,516400.0,139853043.0,60.00343558282211,67.30969325153376,60.339018404907975,61.80042944785277,52.30061349693251
2020-07-04,204729.0,5010.0,1558785.0,10995975.0,521410.0,142212525.0,60.05742331288345,67.35791411042946,60.37638036809816,61.84466257668711,52.30061349693251
2020-07-05,190274.0,4310.0,1296737.0,11186249.0,525720.0,144692347.0,60.0091411042945,67.27754601226997,60.2839263803681,61.77717791411042,52.07055214723926
2020-07-06,177496.0,3355.0,2081695.0,11363745.0,529075.0,146926804.0,59.85871165644175,67.08754601226995,60.171779141104295,61.672638036809815,51.91717791411043
2020-07-07,173612.0,3805.0,2263928.0,11537357.0,532880.0,149123814.0,59.47239263803685,66.78815950920247,60.045889570552134,61.46809815950921,52.2239263803681
2020-07-08,205948.0,5970.0,2398768.0,11743305.0,538850.0,151484724.0,59.40429447852764,66.76190184049084,59.92791411042945,61.328527607361984,52.2239263803681
2020-07-09,214285.0,5252.0,2444417.0,11957590.0,544102.0,154078517.0,59.4467484662577,66.68736196319023,59.941595092024535,61.34466257668713,52.2239263803681
2020-07-10,224324.0,5359.0,2488803.0,12181914.0,549461.0,156587988.0,59.1455828220859,66.32944785276077,59.75693251533742,61.098466257668704,52.377300613496935
2020-07-11,230339.0,5248.0,2311127.0,12412253.0,554709.0,159032457.0,59.19386503067487,66.41417177914113,59.79030674846624,61.137852760736195,52.377300613496935
2020-07-12,216695.0,4772.0,1974696.0,12628948.0,559481.0,161695565.0,59.19957055214726,66.39226993865032,59.79423312883435,61.14251533742331,52.377300613496935
2020-07-13,195017.0,3876.0,2174081.0,12823965.0,563357.0,163839881.0,58.94104294478528,66.10453987730064,59.61521472392637,60.93098159509202,52.377300613496935
2020-07-14,187184.0,3815.0,2243944.0,13011149.0,567172.0,166065690.0,58.87288343558283,66.07233128834359,59.615153374233124,60.87527607361963,52.6840490797546
2020-07-15,222696.0,5564.0,2392879.0,13233845.0,572736.0,168560611.0,58.853067484662574,65.98895705521474,59.62098159509202,60.840429447852756,52.91411042944785
2020-07-16,230700.0,5479.0,2729732.0,13464545.0,578215.0,171435058.0,58.73668711656442,65.85453987730062,59.575766871165634,60.80098159509202,52.83742331288344
2020-07-17,253657.0,5721.0,2673979.0,13718202.0,583936.0,174142864.0,58.42417177914111,65.54478527607363,59.363312883435576,60.564049079754604,52.760736196319016
2020-07-18,253470.0,7325.0,2541123.0,13971672.0,591261.0,176735550.0,58.35601226993867,65.48638036809817,59.29257668711656,60.50822085889572,52.607361963190186
2020-07-19,229384.0,4920.0,1947862.0,14201056.0,596181.0,179354840.0,58.486687116564426,65.63969325153374,59.38300613496933,60.61515337423313,52.607361963190186
2020-07-20,208993.0,3820.0,2201697.0,14410049.0,600001.0,181517893.0,58.18552147239265,65.34024539877304,59.12742331288343,60.36877300613499,52.30061349693251
2020-07-21,200023.0,4062.0,2798172.0,14610072.0,604063.0,184540866.0,58.020797546012275,65.18098159509206,58.98975460122699,60.20613496932517,52.30061349693251
2020-07-22,238891.0,6101.0,2735100.0,14848963.0,610164.0,187217934.0,57.469754601227024,64.57926380368102,58.63196319018406,59.783312883435585,52.30061349693251
2020-07-23,280394.0,6846.0,2777170.0,15129357.0,617010.0,190198656.0,57.43852760736199,64.53552147239267,58.55926380368099,59.73920245398773,52.07055214723926
2020-07-24,275161.0,9759.0,2710066.0,15404518.0,626769.0,192810100.0,57.44987730061351,64.48441717791415,58.582883435582836,59.73932515337423,52.2239263803681
2020-07-25,282609.0,6243.0,2615081.0,15687127.0,633012.0,195642941.0,57.500981595092036,64.55742331288347,58.61834355828221,59.78116564417178,52.2239263803681
2020-07-26,258849.0,5716.0,2190416.0,15945976.0,638728.0,198640492.0,57.38171779141105,64.49748466257671,58.51220858895705,59.68349693251534,52.07055214723926
2020-07-27,231605.0,3954.0,2502201.0,16177581.0,642682.0,201163226.0,57.089263803681014,64.06214723926382,58.32552147239266,59.46276073619632,52.07055214723926
2020-07-28,210447.0,4616.0,2544884.0,16388028.0,647298.0,203716922.0,57.038220858895734,64.12496932515337,58.31368098159511,59.42085889570552,52.2239263803681
2020-07-29,242598.0,6143.0,2704206.0,16630626.0,653441.0,206335217.0,56.86208588957058,63.93503067484664,58.19177914110432,59.27674846625766,52.2239263803681
2020-07-30,297190.0,6627.0,2995214.0,16927816.0,660068.0,209606269.0,57.01828220858898,64.06944785276075,58.370797546012284,59.432392638036816,52.530674846625764
2020-07-31,289388.0,6348.0,2837921.0,17217204.0,666416.0,213034515.0,57.204085365853665,64.18256097560976,58.58731707317075,59.6083536585366,52.97256097560975
2020-08-01,278216.0,6087.0,2420054.0,17495420.0,672503.0,215765699.0,57.088536585365866,64.09835365853658,58.507378048780495,59.513719512195124,52.97256097560975
2020-08-02,265122.0,5702.0,2002829.0,17760542.0,678205.0,219223094.0,57.09975609756099,64.08384146341463,58.51518292682927,59.52292682926829,52.97256097560975
2020-08-03,222615.0,4205.0,2449700.0,17983157.0,682410.0,221600600.0,57.1618292682927,64.12018292682924,58.55810975609755,59.573658536585356,52.97256097560975
2020-08-04,203895.0,4208.0,2651243.0,18187052.0,686618.0,224154771.0,57.18158536585367,64.21597560975609,58.57176829268292,59.56219512195123,53.125
2020-08-05,254669.0,6684.0,2778135.0,18441721.0,693302.0,226890775.0,57.26353658536585,64.2885975609756,58.651890243902436,59.629146341463404,53.27743902439025
2020-08-06,276533.0,7097.0,2860008.0,18718254.0,700399.0,230191958.0,57.54865853658537,64.5237195121951,58.868963414634145,59.89945121951219,53.201219512195124
2020-08-07,285196.0,6865.0,2964024.0,19003450.0,707264.0,233104572.0,57.74329268292683,64.4280487804878,58.95286585365855,60.01262195121951,53.125
2020-08-08,274874.0,6452.0,2856346.0,19278324.0,713716.0,236724762.0,57.88164634146343,64.52256097560975,59.07225609756099,60.12579268292682,53.27743902439025
2020-08-09,267734.0,5607.0,2437234.0,19546058.0,719323.0,240050024.0,57.93250000000001,64.55463414634146,59.05274390243905,60.13048780487804,53.125
2020-08-10,228764.0,4795.0,2757374.0,19774822.0,724118.0,242708668.0,57.64469512195124,64.41640243902438,58.91207317073174,59.95030487804876,53.201219512195124
2020-08-11,219041.0,4795.0,3108902.0,19993863.0,728913.0,245903106.0,57.49780487804879,64.25664634146342,58.79878048780491,59.83006097560972,53.125
2020-08-12,260361.0,6110.0,3330964.0,20254224.0,735023.0,248374968.0,57.629079754601236,64.43607361963191,58.848834355828245,59.94141104294476,52.83742331288344
2020-08-13,288260.0,6881.0,3465977.0,20542484.0,741904.0,252111840.0,57.63466257668712,64.45656441717793,58.89987730061352,60.00190184049076,52.83742331288344
2020-08-14,285601.0,9888.0,3500527.0,20828085.0,751792.0,255549184.0,57.4216564417178,64.31490797546013,58.79963190184051,59.85546012269937,52.99079754601227
2020-08-15,287947.0,6222.0,3081947.0,21116032.0,758014.0,258941667.0,57.32509202453988,64.26380368098161,58.732638036809824,59.77638036809813,52.99079754601227
2020-08-16,258797.0,5636.0,2683104.0,21374829.0,763650.0,262632403.0,57.34214723926381,64.2272392638037,58.744478527607384,59.790368098159476,52.99079754601227
2020-08-17,231675.0,4210.0,2934337.0,21606504.0,767860.0,265435849.0,57.15184049079755,63.939509202454,58.612699386503095,59.63478527607358,52.99079754601227
2020-08-18,195772.0,4241.0,3197716.0,21802276.0,772101.0,268543327.0,57.18588957055214,64.05754601226995,58.65588957055217,59.727730061349654,52.760736196319016
2020-08-19,254034.0,6668.0,3515262.0,22056310.0,778769.0,271923991.0,57.043865030674844,63.99325153374234,58.55754601226996,59.6115950920245,52.760736196319016
2020-08-20,280217.0,6518.0,3357770.0,22336527.0,785287.0,275800271.0,56.975705521472385,63.89834355828222,58.52613496932516,59.57435582822081,52.760736196319016
2020-08-21,275457.0,6332.0,3127386.0,22611984.0,791619.0,278800428.0,57.0380981595092,63.93932515337425,58.66368098159511,59.70926380368094,52.91411042944785
2020-08-22,252093.0,5834.0,2622695.0,22864077.0,797453.0,283018851.0,57.004110429447856,63.929141104294494,58.64785276073621,59.69061349693247,52.91411042944785
2020-08-23,266252.0,5619.0,1798024.0,23130329.0,803072.0,286153137.0,57.02687116564417,63.95104294478529,58.66355828220861,59.709202453987686,52.91411042944785
2020-08-24,223617.0,3294.0,1940861.0,23353946.0,806366.0,289618762.0,57.01558282208588,63.92184049079755,58.65576687116566,59.699938650306706,52.91411042944785
2020-08-25,210502.0,4222.0,3145630.0,23564448.0,810588.0,292773359.0,56.95877300613496,63.83711656441718,58.61644171779143,59.65349693251528,52.91411042944785
2020-08-26,254234.0,6463.0,3362488.0,23818682.0,817051.0,296026478.0,56.98153374233129,63.84441717791412,58.63220858895707,59.6720858895705,52.91411042944785
2020-08-27,275851.0,6281.0,3006239.0,24094533.0,823332.0,298974665.0,56.87932515337423,63.71300613496933,58.56141104294481,59.58846625766867,52.91411042944785
2020-08-28,282431.0,6058.0,2717215.0,24376964.0,829390.0,301710228.0,56.87932515337423,63.71300613496933,58.56141104294481,59.58846625766867,52.91411042944785
2020-08-29,275415.0,5444.0,2224706.0,24652379.0,834834.0,303939387.0,56.87932515337423,63.71300613496933,58.56141104294481,59.58846625766867,52.91411042944785
2020-08-30,267925.0,5677.0,1750234.0,24920304.0,840511.0,305930545.0,56.87932515337423,63.71300613496933,58.56141104294481,59.58846625766867,52.91411042944785
2020-08-31,220945.0,3663.0,96046.0,24701963.0,815163.0,300186253.0,56.644567901234566,63.49932098765434,58.378827160493856,59.411543209876484,52.70061728395062
