population,population_density,median_age,new_cases,percentage_of_Pop_New_Cases,new_deaths,percentage_of_Pop_New_Deaths,new_tests,percentage_of_Pop_New_Tests,total_cases_updated,percentage_of_Pop_Total_Cases,total_deaths_updated,percentage_of_Pop_Total_Deaths,total_tests_updated,percentage_of_Pop_Total_Tests,StringencyIndex_updated,percentage_change_stringency,StringencyLegacyIndex_updated,GovernmentResponseIndex_updated,percentage_change_GovernmentResponse,ContainmentHealthIndex_updated,percentage_change_ContainmentHealth,EconomicSupportIndex_updated,percentage_change_EconomicSupport,lat,lon
6486201.0,307.81100000000094,27.59999999999998,154.99397590361446,0.002389595633925228,4.319277108433735,6.659178629268098e-07,1835.44578313253,0.02829770127587057,7141.126506024097,0.11009721262144201,189.53614457831324,0.002922144173119415,126424.23493975903,1.949126074565974,92.01626506024076,0.2219696307320058,96.1789759036146,83.51644578313261,0.34194081231542334,86.70481927710868,0.25515098135551534,65.96385542168674,0.9036144578313253,13.800038200000014,-88.91406830000012
9904608.0,82.80500000000019,24.900000000000045,351.89473684210526,0.003552838606455757,10.865497076023392,1.0970143468599057e-06,0.0,0.0,17064.83625730994,0.1722918893641216,529.3391812865497,0.005344372854398172,0.0,0.0,96.02713450292366,0.9867473879967148,96.26181286549712,84.77590643274893,0.8828792162662624,86.13894736842128,0.7631884364302032,77.26608187134502,0.0,15.257243200000008,-86.07551450000018
6871287.0,3.6229999999999998,29.0,83.89375,0.0012209321194122736,1.45,2.1102305870792477e-07,0.0,0.0,1951.8125,0.028405340949955955,39.88125,0.0005804043696617535,0.0,0.0,93.7033749999998,-0.015459253245555877,96.96550000000016,71.28249999999983,-0.014282450456875114,84.24206249999978,-0.014287461639965743,0.0,0.0,26.823447199999965,18.12367230000003
3546427.0,44.30400000000007,19.300000000000043,1.950920245398773,5.501086714596895e-05,0.0,0.0,0.0,0.0,133.3926380368098,0.003761324793568566,0.0,0.0,0.0,0.0,91.56012269938681,1.2428417613632627,94.53092024539897,73.39147239263804,1.4877735154197218,82.44006134969337,1.451297000450799,23.619631901840492,0.0,15.950031900000019,37.99996680000003
17915567.0,157.83399999999978,22.900000000000063,434.77647058823527,0.0024268083203184986,16.11764705882353,8.996448205531829e-07,0.0,0.0,19587.90588235294,0.10933455738438501,750.5411764705882,0.0041893241585409385,0.0,0.0,92.93870588235298,0.6773616118079586,97.01217647058823,78.07835294117642,0.7367118377449816,81.90376470588261,0.6496084851543751,57.05882352941177,-0.0980392156862745,15.635608800000053,-89.89880869999982
18776707.0,6.681000000000019,30.60000000000003,759.7267441860465,0.004046112793825066,10.354651162790697,5.514625734315764e-07,13997.406976744185,0.07454665494191387,37062.78488372093,0.19738703322004716,360.9593023255814,0.0019223780949747006,1053688.2441860465,5.611677511855762,79.55273255813958,1.401511254617724,82.86872093023258,74.03046511627926,1.376496953038757,80.96377906976731,1.3219412511931312,35.901162790697676,1.1627906976744187,47.22860860000015,65.20931969999998
50882884.0,44.22299999999996,32.199999999999896,3377.4333333333334,0.006637660973252483,107.57777777777778,2.1142232774733793e-06,14439.261111111111,0.028377442424668983,121251.27222222222,0.23829481092742746,4010.661111111111,0.007882141883135222,700108.1333333333,1.375920699253865,81.32377777777813,1.486244544796072,86.50411111111114,78.37555555555583,1.254591882417538,80.42255555555572,1.1692703775120055,67.08333333333333,0.2777777777777778,2.8894434000000033,-73.78389199999991
7132530.0,17.143999999999927,26.5,96.60112359550561,0.0013543738840987088,1.7303370786516854,2.425979391116036e-07,1044.5,0.014644172544665074,2703.724719101124,0.037906951938528444,34.91011235955056,0.0004894492187141249,57012.50561797753,0.7993307510515559,82.29612359550569,3.9107133262552094,85.43421348314632,76.63955056179786,2.8794668810698014,78.82735955056194,2.785932471359084,64.6067415730337,1.1235955056179776,-23.316593500000067,-58.16934450000007
32971846.0,25.12899999999993,29.10000000000004,3479.3870967741937,0.010552600229826964,154.7741935483871,4.694131882952113e-06,2968.8064516129034,0.009004065018418753,197963.5806451613,0.6004018720855401,7883.419354838709,0.023909548027243332,189756.27956989247,0.575510026250555,82.03752688172048,1.557565630955368,82.96279569892482,76.75704301075271,3.0569873459213572,78.42188172043018,2.9634373297848953,67.60752688172043,1.075268817204301,-6.869969699999978,-75.04585149999964
34813867.0,15.321999999999989,31.89999999999994,1758.7765363128492,0.005051942481175242,21.620111731843576,6.210201162612466e-07,25159.625698324024,0.07226897746901835,124989.74301675978,0.3590228658504376,1218.2569832402235,0.0034993440494278426,1451252.3351955307,4.1686042380627555,75.14385474860325,1.216810145538187,82.6074860335195,74.14368715083809,0.7491025110508943,78.24039106145261,0.663082442873427,51.60614525139665,0.37243947858473003,25.62426180000004,42.35283280000015
12952209.0,494.86900000000065,20.300000000000058,23.647058823529413,0.00018257162792485374,0.09411764705882353,7.266532454720545e-09,2279.6235294117646,0.01760026825857863,934.3176470588236,0.007213577599456767,2.7705882352941176,2.1390854913583607e-05,126641.32352941176,0.9777584930061874,73.30876470588228,0.8496350798299841,78.64917647058826,70.57017647058811,0.6391454340117753,78.05299999999987,0.5947125277894226,29.41176470588235,0.5882352941176471,-1.9646630999999968,30.064435799999963
4314768.0,55.13299999999986,29.6999999999999,523.0965909090909,0.012123400166801341,11.335227272727273,2.627076884024186e-06,1831.1477272727273,0.042439077310129504,28636.596590909092,0.6636879802322879,624.5,0.014473547592825382,106627.45454545454,2.471221037734928,82.09056818181817,1.8628452152454877,87.32585227272752,72.7591477272728,2.0184093991951895,77.7127272727275,1.921726844721759,45.52556818181818,0.11363636363636363,8.55955900000002,-81.13084340000019
5101416.0,778.2020000000011,20.40000000000006,163.27528089887642,0.0032005874623609685,0.9325842696629213,1.828089043635965e-07,0.0,0.0,5570.612359550561,0.10919737499452234,31.10674157303371,0.0006097668093139967,0.0,0.0,85.61882022471922,0.24584771934293514,90.34893258426985,71.43078651685424,0.3994589800643214,77.62342696629186,0.33066560282117613,37.359550561797754,0.0,31.94696649999995,35.273865500000056
2860840.0,376.23200000000156,38.199999999999896,209.22292993630575,0.00731333908699213,2.7643312101910826,9.662655759116488e-07,0.0,0.0,8977.649681528663,0.31381166655697856,158.43312101910828,0.005537993072632804,0.0,0.0,79.35063694267527,-0.1714397314392244,86.3952866242036,75.65248407643324,-0.06955519432578199,76.75694267515918,-0.11494264136209409,69.5859872611465,0.3184713375796178,18.221414900000006,-66.41328179999987
11673029.0,10.202,25.400000000000034,670.335260115607,0.005742599115581801,28.705202312138727,2.459104857200194e-06,1340.6300578034682,0.011484851599387514,31420.28901734104,0.2691699730836019,1217.086705202312,0.010426485749348452,67931.89595375722,0.5819560283261288,90.38167630057788,3.310612911582784,92.83861271676308,70.21878612716768,3.3724151361775823,76.52687861271696,3.333387876489869,35.54913294797688,-0.28901734104046245,-17.056869600000024,-64.9912285999999
45741000.0,213.75899999999905,16.40000000000005,17.96319018404908,3.92715292277149e-05,0.18404907975460122,4.023722256938005e-09,785.7055214723927,0.0017177270314868345,691.8895705521472,0.0015126244956431808,2.7423312883435584,5.9953461628376245e-06,111351.67484662577,0.24343952875237915,83.59521472392655,0.4337273367363466,87.13852760736194,71.08012269938642,0.5318881481620241,76.50104294478537,0.5009941934193376,41.25766871165644,-0.3067484662576687,1.5333554000000034,32.21665779999996
53771300.0,87.32400000000015,20.0,190.26256983240222,0.0003538366560458874,3.206703910614525,5.963597515058264e-08,2067.7150837988825,0.0038453879370572816,7883.8379888268155,0.0146617953979666,145.44692737430168,0.0002704917444329999,136894.35195530727,0.25458627921457594,78.9214525139666,1.3343009029665787,83.96089385474883,71.56150837988842,1.551584720737809,76.26832402234625,1.4907648088167538,45.67039106145251,0.5586592178770949,1.4419683000000063,38.43139749999982
1160164.0,79.49200000000016,21.5,26.82941176470588,0.0023125533773419877,0.5352941176470588,4.613952145102409e-07,0.0,0.0,1084.9352941176471,0.09351568348247721,17.75294117647059,0.00153020962350759,0.0,0.0,79.81564705882346,1.2644904207541792,87.80423529411779,68.0075882352941,0.7700196881295172,76.04700000000007,0.7347812822141775,23.823529411764707,0.0,-26.562480600000008,31.399131699999998
555988.0,135.5800000000004,25.699999999999925,23.48780487804878,0.004224516514393975,0.24390243902439024,4.386829194593952e-07,0.0,0.0,1141.719512195122,0.20534966801354024,11.890243902439025,0.0021385792323645528,0.0,0.0,75.40731707317073,0.3558213831519267,82.0333536585365,75.57774390243874,0.5668993992183549,76.01567073170723,0.4674089773038053,73.17073170731707,0.3048780487804878,16.0000552,-24.008394699999936
28435943.0,36.25299999999994,29.0,269.81176470588235,0.0009488405737269989,2.2411764705882353,7.881491641013048e-08,0.0,0.0,8554.605882352942,0.030083777711725414,75.81176470588235,0.0002666054180298587,0.0,0.0,83.69970588235314,0.3537863304128524,85.79470588235283,71.38405882352936,0.44352509439624493,75.64582352941153,0.3784501036910587,47.94117647058823,0.0,8.001870900000005,-66.1109317999999
786559.0,3.951999999999999,26.300000000000086,7.258823529411765,0.0009228581110141471,0.21764705882352942,2.76707861487224e-07,0.0,0.0,255.1235294117647,0.03243539637989837,12.988235294117647,0.0016512728599021365,0.0,0.0,77.48194117647046,0.750433538166512,83.11717647058818,68.21788235294105,0.5697692825023273,75.51317647058804,0.532724798351096,28.08823529411765,0.0980392156862745,4.841709700000015,-58.64168910000008
33469199.0,76.134,28.19999999999991,246.45562130177515,0.000736365460379781,1.8757396449704142,5.604375667820474e-08,0.0,0.0,10724.881656804733,0.03204403444732791,61.92307692307692,0.0001850151147121176,0.0,0.0,77.31680473372795,1.6497662720710407,85.08059171597627,71.11195266272189,0.9819662276440899,75.38005917159778,0.8998486955607602,47.633136094674555,0.0,41.323730000000054,63.952809799999834
6524191.0,32.33299999999995,26.300000000000082,264.4457831325301,0.004053311485401488,6.373493975903615,9.7690180681461e-07,0.0,0.0,12054.753012048193,0.18477008125679023,376.45180722891564,0.005770091758946291,0.0,0.0,80.75156626506015,0.1121755904842795,83.0604819277109,70.29216867469866,0.19696269261522997,74.7765662650603,0.1228645613113214,45.63253012048193,0.6024096385542169,41.50893240000004,74.72409100000003
43849269.0,23.257999999999925,19.69999999999995,77.12865497076024,0.000175894961831086,4.812865497076023,1.0975930971793446e-07,0.0,0.0,5848.304093567252,0.01333728982703737,362.35087719298247,0.0008263555709286339,0.0,0.0,78.39397660818703,2.0966653074148183,85.20643274853805,67.42988304093564,1.4293541720111698,74.69263157894723,1.3881583050225053,27.485380116959064,-0.29239766081871343,14.584444399999976,29.491769100000045
45195777.0,16.177000000000028,31.899999999999906,1976.4827586206898,0.004373158046648231,41.38423645320197,9.156660024497858e-07,5333.394088669951,0.011800646969007641,67309.62561576355,0.1489290152391086,1387.2512315270935,0.0030694266668478644,253964.41379310345,0.5619206719094648,77.89576354679784,1.4405156722081924,80.5265024630543,72.24359605911337,1.5740346137540866,74.5853694581281,1.4954491182864438,59.35960591133005,0.9852216748768473,-34.99649630000015,-64.96728169999972
2225728.0,7.858999999999993,23.099999999999937,49.73684210526316,0.0022346325384441923,0.30994152046783624,1.3925399710469399e-07,0.0,0.0,3534.59649122807,0.15880630927175599,24.86549707602339,0.0011171848975267123,0.0,0.0,70.57192982456152,1.2588438052168753,76.21040935672494,74.52350877192977,1.1451723103446974,74.3449122807017,1.0195622489111518,75.51169590643275,0.7797270955165693,-0.8999694999999981,11.689969900000037
54409794.0,81.72099999999969,29.099999999999994,4.828220858895706,8.873808378865955e-06,0.03680981595092025,6.765292283760575e-10,926.5214723926381,0.0017028578942839554,243.77914110429447,0.0004480427569791837,5.177914110429448,9.516511145823194e-06,58354.36196319018,0.10724973883045798,77.92680981595106,0.3802837875892375,79.1754601226996,63.05527607361957,0.37871825837193923,74.27165644171782,0.3782511276582549,1.3803680981595092,-0.6134969325153374,17.17504950000007,95.9999652000002
11326616.0,110.40799999999975,43.10000000000012,23.370588235294118,0.00020633336766510063,0.5529411764705883,4.881786196959343e-08,2307.4529411764706,0.020371953469389897,1913.5,0.01689383660574351,65.67647058823529,0.0005798419456282017,144660.79411764705,1.2771757612127674,75.33123529411762,1.4037899583876048,81.2038823529409,69.58423529411779,1.0062526409872208,74.23023529411773,0.9472059688488763,44.044117647058826,0.029411764705882353,23.013133800000077,-80.83287480000023
771612.0,21.18800000000007,28.600000000000012,1.2873563218390804,0.00016683985239201567,0.0,0.0,0.0,0.0,55.339080459770116,0.007171879190547858,0.0,0.0,0.0,0.0,72.95465517241364,1.3340916182317526,81.90114942528712,73.0160344827589,1.516404801116109,74.19683908045985,1.393138315904888,66.52298850574712,0.09578544061302686,27.549511000000088,90.51192730000001
586634.0,3.6120000000000037,29.600000000000005,24.296969696969697,0.0041417595463218455,0.40606060606060607,6.921873025781087e-07,0.0,0.0,767.8727272727273,0.1308946851482743,13.212121212121213,0.002252191521821308,0.0,0.0,80.55139393939406,0.35861334589993116,82.81296969696979,67.02393939393937,0.5642154783881147,74.14127272727264,0.49844593744243787,27.87878787878788,0.0,4.14130250000001,-56.07711869999992
19116209.0,24.282000000000068,35.399999999999906,2277.633333333333,0.011914670598827067,62.46666666666667,3.267732983389471e-06,13124.9,0.06865848767399439,161644.23333333334,0.8455872884280214,3738.1722222222224,0.019554987195537683,804811.7444444444,4.210101199691032,73.79399999999988,1.5528155653253066,73.57783333333343,70.22344444444443,1.7797232049985803,73.55883333333324,1.6688069198317037,51.875,1.1574074074074072,-31.761336499999985,-71.31876969999986
1439323774.0,147.6739999999997,38.69999999999999,368.3114754098361,2.5589202517392472e-05,19.352459016393443,1.3445521685931267e-08,0.0,0.0,70496.55737704918,0.004897894320270511,3421.6352459016393,0.00023772519482483312,0.0,0.0,69.58807377049186,2.321958967626307,67.13581967213135,64.81926229508161,1.309718367389774,73.3566393442622,1.2780198478045104,17.87909836065574,0.819672131147541,35.0000739999998,104.99992700000047
4033963.0,123.65499999999994,37.6000000000001,209.71428571428572,0.005198716143759518,5.668571428571428,1.4052115571142893e-06,0.0,0.0,12368.628571428571,0.30661234551304933,388.7314285714286,0.009636464899936577,0.0,0.0,73.55822857142861,0.6232807860239419,78.50874285714255,66.81651428571423,0.7424484572941549,73.08234285714316,0.68377695785165,32.357142857142854,0.0,47.287960800000114,28.567094099999927
164689383.0,1265.0359999999948,27.5,1717.2486187845304,0.001042719686905701,23.46961325966851,1.4250835622881953e-07,8364.690607734807,0.005079070948814478,99124.80662983426,0.0601889477173123,1313.1491712707182,0.0007973490138527747,523637.8011049724,0.3179548016795791,76.42944751381238,1.5602420306599998,81.07049723756906,69.20596685082903,1.1492091906567263,73.07320441988935,1.0599523752701898,47.92817679558011,0.6445672191528544,24.476878299999964,90.2932426000003
14862927.0,42.72900000000006,19.599999999999945,39.09756097560975,0.0002630542488408223,1.1951219512195121,8.040959571553521e-08,541.25,0.0036416111039232046,1339.9329268292684,0.0090152695147414,30.682926829268293,0.00020643932940845558,30019.48780487805,0.201975612238949,79.57853658536578,0.8138323203751384,87.86451219512202,64.55835365853677,0.9244281211781589,72.25146341463405,0.8881986495346103,22.25609756097561,0.0,-18.45549630000004,29.746841400000072
1399491.0,266.8859999999992,36.19999999999989,9.784883720930232,0.0006991744656400241,0.12209302325581395,8.724102066809575e-08,0.0,0.0,208.3953488372093,0.014890795927748684,7.6686046511627906,0.0005479566964819905,0.0,0.0,70.9326744186048,0.9104542523085417,78.76738372093044,68.1115697674419,1.0115972510453353,71.93151162790676,0.9690283572334902,47.093023255813954,0.7751937984496123,10.867784499999983,-60.98210669999992
397621.0,16.425999999999966,25.0,6.173913043478261,0.0015527130215653249,0.08074534161490683,2.0307111952061592e-07,0.0,0.0,99.98757763975155,0.02514645293879135,2.372670807453416,0.0005967166742836565,0.0,0.0,72.56428571428572,0.20581544348519692,77.80080745341594,66.61776397515526,0.37578289642254886,71.41540372670804,0.3279956070346587,40.21739130434783,1.2422360248447204,16.82597930000003,-88.7600927000002
875899.0,127.65699999999958,37.30000000000011,8.595375722543352,0.0009813204173704211,0.12138728323699421,1.3858593654861366e-07,0.0,0.0,875.0173410404624,0.09989934239455264,15.236994219653178,0.0017395834702006953,0.0,0.0,67.29583815028884,0.8349242378725372,77.5867630057802,75.3729479768783,0.76482851523541,71.0543930635837,1.0921458332802505,99.13294797687861,0.5780346820809249,34.982301799999966,33.145128500000034
2416664.0,207.56599999999955,17.5,17.74251497005988,0.0007341738433667189,0.5748502994011976,2.378693518839183e-07,0.0,0.0,357.1077844311377,0.014776890144063788,11.1437125748503,0.0004611196498499708,0.0,0.0,70.5960479041916,2.676882049510279,79.99952095808383,59.78371257485033,3.1082963624734514,70.6553892215571,3.1081749309904647,0.0,0.0,13.470062000000029,-15.490046400000033
32866268.0,23.88999999999996,16.800000000000022,16.098159509202453,4.8980795474565154e-05,0.656441717791411,1.9973114008302107e-08,0.0,0.0,501.6503067484663,0.0015263379059297707,22.822085889570552,6.943923748680732e-05,0.0,0.0,78.04030674846615,2.1876216474989705,83.52349693251523,65.53453987730045,1.891077647383949,70.64441717791402,1.8482775821429553,37.423312883435585,-0.10224948875255627,-11.87757680000003,17.569124099999964
5057677.0,49.12700000000018,19.199999999999953,7.761904761904762,0.00015346778297437277,0.4880952380952381,9.650581444707486e-08,0.0,0.0,561.4404761904761,0.011100757841801215,36.125,0.0007142607169259719,0.0,0.0,76.84541666666672,1.3357801932111744,82.15011904761926,59.613095238095056,0.9231095041335752,70.45255952380933,0.9233733741345825,0.0,0.0,5.749972100000012,-9.365852399999996
287371.0,664.4630000000024,39.80000000000012,1.035928143712575,0.0003604845804596058,0.041916167664670656,1.4586081290273083e-07,0.0,0.0,93.36526946107784,0.03248945421113397,5.8562874251497,0.0020378839288410096,0.0,0.0,67.46526946107777,0.12129181263569558,74.43023952095827,64.48239520958093,0.3876379996901928,69.66185628742515,0.2682504778837426,36.00299401197605,0.3992015968063872,13.150033099999993,-59.52503050000013
2877800.0,104.8709999999996,38.0,53.29545454545455,0.001851951301183353,1.5909090909090908,5.528212839353293e-07,0.0,0.0,2488.715909090909,0.08647980780773191,73.76136363636364,0.002563116395731588,0.0,0.0,71.73085227272743,2.222673213777195,77.07806818181817,67.66119318181805,1.3014127861749234,69.34903409090913,1.2193779172952,58.38068181818182,1.4393939393939394,41.00002800000014,19.999961900000013
114963583.0,104.9570000000001,19.80000000000005,298.9590643274854,0.0002600467526551303,4.637426900584796,4.033822519766798e-08,3052.9122807017543,0.002655547262041889,7996.619883040936,0.006955785192464763,133.85380116959064,0.00011643148001884273,210133.76023391812,0.18278289067757936,74.2771929824564,7.315778064483278,78.65263157894732,63.104210526315796,2.108942572480713,69.20251461988282,2.0380280220274503,29.53216374269006,0.5847953216374269,10.211670200000018,38.652120300000135
59308690.0,46.75400000000006,27.300000000000104,3019.5942028985505,0.005091318326030386,67.76811594202898,1.1426338356491935e-06,17698.874396135267,0.029841958060674197,146862.4927536232,0.24762390259104228,2696.5072463768115,0.004546563490741089,1106610.1449275361,1.8658482339224425,66.57362318840586,3.0386580058135704,73.6279710144929,64.37719806763296,3.257488246364021,68.98966183574875,3.1783218421795776,39.009661835748794,0.966183574879227,-28.816623599999968,24.991638999999925
988002.0,41.28499999999991,25.400000000000052,32.43975903614458,0.003283369774164889,0.3614457831325301,3.6583507233034964e-07,0.0,0.0,3112.620481927711,0.31504192116288354,30.259036144578314,0.0030626492805255756,0.0,0.0,63.610000000000234,0.7923491834011268,69.94993975903606,60.79259036144587,0.45743339949116685,68.92933734939777,0.42622942189531754,16.039156626506024,0.5020080321285141,11.814596599999971,42.84530610000001
5518092.0,15.405000000000026,19.0,23.54437869822485,0.00042667608112051874,0.46153846153846156,8.364095081025502e-08,0.0,0.0,1361.2603550295858,0.024669040585578964,29.562130177514792,0.0005357310131385055,0.0,0.0,74.69355029585799,2.438913224869214,79.5360946745563,68.59082840236687,1.7739183085774117,68.63266272189338,1.6378331158169916,68.34319526627219,0.0,-0.7264327000000009,15.641915500000003
10196707.0,112.37099999999954,46.19999999999991,313.95652173913044,0.0030789991488343266,9.88586956521739,9.695159001055321e-07,10741.614130434782,0.10534395202720627,30885.804347826088,0.30289979252935373,1124.6847826086957,0.01102988231993619,872163.3695652174,8.553382671142922,68.26027173913054,1.3326769081661798,75.72543478260859,67.52597826086959,0.9029592059661004,68.61152173913032,0.815179175724572,61.54891304347826,0.9057971014492753,40.03326290000016,-7.889626299999982
168783.0,304.1279999999992,31.39999999999997,8.114457831325302,0.0048076274454923185,0.060240963855421686,3.5691369305807865e-07,0.0,0.0,273.10843373493975,0.16181039188481064,4.807228915662651,0.0028481712706034655,0.0,0.0,66.23710843373495,0.3023988966417603,76.70927710843374,59.813132530120534,0.39628760869641516,68.49355421686741,0.3812927052677981,12.048192771084338,0.30120481927710846,13.450125699999978,144.75755099999978
2961161.0,266.87900000000064,31.39999999999996,13.703488372093023,0.0004627741744570128,0.12209302325581395,4.123147078318739e-08,0.0,0.0,601.7674418604652,0.02032201024734776,8.645348837209303,0.0002919580812123797,0.0,0.0,73.87424418604654,0.6670351683594433,76.53133720930231,64.21680232558138,0.6010855025472344,68.01999999999995,0.5227344679728887,43.31395348837209,0.5813953488372093,18.115295799999934,-77.15984550000019
5094114.0,96.07899999999988,33.60000000000007,224.28813559322035,0.004402888031033862,2.361581920903955,4.6359031637375124e-07,708.5819209039548,0.013909816719923319,7141.327683615819,0.14018782625626,63.79661016949152,0.0012523592948546405,35665.898305084746,0.7001393825321687,69.67977401129953,1.5296118206152507,80.62898305084742,64.05920903954798,0.8578745050593132,67.74344632768364,0.7814607403354198,43.78531073446328,0.5649717514124294,10.273563299999982,-84.07391020000021
27691019.0,43.951000000000015,19.599999999999945,90.5060975609756,0.00032684278451788136,1.1646341463414633,4.205819028694694e-08,0.0,0.0,3992.2743902439024,0.014417217330441694,41.97560975609756,0.00015158564499232608,0.0,0.0,73.28304878048769,1.4878614125602327,75.87670731707314,61.514451219512225,1.6654513110711777,67.49036585365855,1.5724388959957358,28.658536585365855,0.6097560975609756,-18.924960400000025,46.44164220000015
7496988.0,7039.714000000003,44.79999999999998,0.0,0.0,0.0,0.0,0.0,0.0,0.0,0.0,0.0,0.0,486289.8888888889,6.486470151598066,62.60555555555555,0.0,72.26222222222222,71.26000000000002,0.19126172972326883,67.04666666666668,0.24151123864179816,94.44444444444444,0.0,22.27932779999999,114.16281310000002
109581085.0,351.87300000000135,25.19999999999989,890.9672131147541,0.0008130666100949394,14.426229508196721,1.3164890189029177e-07,9767.352459016394,0.008913356222943395,33124.33196721312,0.030228147464695314,810.7254098360655,0.0007398406484440863,478311.1475409836,0.43649061107670517,65.46782786885248,1.0667289620868283,69.92389344262297,58.5731557377051,0.9426834822075892,66.79127049180329,0.9353096924299935,13.370901639344263,0.18442622950819673,12.750348600000043,122.73121009999963
43733759.0,77.38999999999986,41.39999999999987,676.5568181818181,0.0015469898624122797,14.357954545454545,3.2830369201637907e-07,7594.676136363636,0.017365706287364037,35296.744318181816,0.0807082334682958,872.3181818181819,0.001994610574906635,508114.98863636365,1.1618369887581896,65.95698863636346,2.164744880096849,73.15375000000004,61.633465909091,1.8743455409169472,66.47124999999974,1.7478226187109351,35.01420454545455,1.1363636363636365,49.487196799999985,31.27183210000013
84339067.0,104.91400000000033,31.60000000000004,1570.4444444444443,0.0018620604902404763,36.994152046783626,4.386360124992086e-07,33285.754385964916,0.0394665907152671,153781.84210526315,0.18233761360587863,3907.122807017544,0.004632636980697859,2656899.4678362575,3.150259496985257,63.64713450292399,0.7590783051245289,79.10157894736861,66.29549707602362,0.6653532506492337,66.26695906432744,0.5264946194944853,66.44736842105263,0.6237816764132553,38.95975939999993,34.924965299999954
13132792.0,51.75500000000003,19.0,55.12352941176471,0.00041973960610786114,0.34705882352941175,2.642688801660849e-08,0.0,0.0,4028.0588235294117,0.030671762893445764,24.094117647058823,0.00018346531070513283,0.0,0.0,67.7184705882352,1.6071728056076064,73.451588235294,55.855294117647134,0.993518901111125,66.01347058823531,0.9935633370609638,0.0,0.0,10.722622600000019,-10.708358699999977
31072945.0,126.71899999999992,21.09999999999994,258.50877192982455,0.0008319416519091594,1.6140350877192982,5.19434217683357e-08,1887.6666666666667,0.006074952556530019,15452.239766081871,0.04972891937369268,85.56140350877193,0.0002753565956132318,227914.69005847952,0.7334827453866362,58.68654970760234,1.882606942365055,66.33883040935649,59.581520467836334,1.1282575671434854,65.89397660818729,1.1235587739518336,24.853801169590643,0.0,8.030028399999994,-1.0800270999999972
10203140.0,109.28499999999987,23.199999999999925,11.044943820224718,0.0001082504387886936,0.08426966292134831,8.259189124264523e-09,0.0,0.0,792.9101123595506,0.007771236230802975,8.084269662921349,7.92331543321112e-05,0.0,0.0,66.41769662921328,1.9947924099811356,74.32005617977572,61.00477528089895,1.6098168232580454,65.83971910112355,1.519068214296941,34.41011235955056,0.2808988764044944,31.166704899999868,36.94162799999986
3278292.0,1.9800000000000009,28.60000000000001,1.760233918128655,5.369362821031974e-05,0.0,0.0,0.0,0.0,158.6315789473684,0.0048388483682163886,0.0,0.0,0.0,0.0,63.629824561403545,-0.02244955304554393,73.54573099415197,62.082573099415335,0.28646327427169166,65.15356725146175,0.15803343754083463,45.175438596491226,0.29239766081871343,46.82503879999986,103.84997359999988
29136808.0,204.43000000000026,25.0,158.03688524590163,0.0005423960141615429,0.9057377049180327,3.108568738614171e-08,2271.659836065574,0.007796529517116539,6482.430327868852,0.02224825151701193,21.66393442622951,7.43524631326448e-05,124129.95491803279,0.4260245491477063,65.24344262295091,1.3130452124389143,69.79348360655749,61.39889344262289,1.8903867769742726,64.90709016393427,1.842819321094774,42.11065573770492,-0.1366120218579235,28.10839289999989,84.09171390000003
31255435.0,37.72800000000005,17.69999999999997,23.58641975308642,7.546341861211153e-05,0.1419753086419753,4.542419858881352e-09,0.0,0.0,924.2345679012345,0.0029570363295255203,5.864197530864198,1.876216898233603e-05,0.0,0.0,64.5006172839507,1.1909630171422763,74.47895061728396,54.91265432098768,0.777974673767731,64.89185185185167,0.7780600619357811,0.0,0.0,-19.302232999999923,34.914497699999934
89561404.0,35.87899999999993,17.0,58.395348837209305,6.520146651252731e-05,1.494186046511628,1.6683370065431634e-08,288.38953488372096,0.00032200202543019625,4383.156976744186,0.004894024413400428,109.34883720930233,0.0001220937059107541,0.0,0.0,69.41034883720938,1.3224205079411422,75.31703488372084,61.41406976744176,0.8727711445417672,64.36005813953464,1.032577242972328,45.20348837209303,0.5813953488372093,-2.981434400000009,23.82226360000003
5106622.0,14.980000000000016,30.69999999999988,350.59016393442624,0.006865402685658464,2.7745901639344264,5.433318079807801e-07,822.2950819672132,0.016102524956168932,21941.946721311477,0.42967634419213885,123.98770491803279,0.002427978904998895,0.0,0.0,64.46368852459007,1.4761309764783983,68.34663934426234,59.879754098360635,1.6228972206335586,64.29520491803291,1.569910709537225,35.60450819672131,0.0,21.000028699999977,57.0036901000002
16425859.0,11.833000000000036,16.699999999999978,6.133333333333334,3.7339498246839555e-05,0.4666666666666667,2.8410487796508333e-08,0.0,0.0,587.2969696969697,0.0035754414408218755,49.121212121212125,0.0002990480566112988,0.0,0.0,67.65781818181807,0.952461282709047,72.74557575757574,61.57236363636354,0.7750125387969816,64.06218181818184,0.7659776740391422,47.878787878787875,0.0,15.613413699999954,19.015617200000037
40222503.0,88.125,20.0,947.4467213114754,0.002355514079547648,28.520491803278688,7.090680508689052e-07,4795.520491803279,0.011922481531801438,36288.2868852459,0.0902188679934859,1294.627049180328,0.0032186635654681364,329933.737704918,0.8202715223985888,68.16545081967216,2.4696669198493986,70.94688524590181,57.21200819672146,2.566416777505761,63.62504098360673,2.522844592043897,21.92622950819672,0.0,33.095579300000104,44.1749775000001
36910558.0,80.07999999999996,29.60000000000008,296.6135265700483,0.0008036007653150309,5.367149758454106,1.4540960769149327e-07,8996.420289855072,0.0243735689117869,11353.212560386473,0.030758712887479167,217.35265700483092,0.0005888631025432638,466204.32850241545,1.2630649704683832,66.41130434782619,2.3837688776578596,71.78497584541041,61.633816425120976,1.785174897658359,62.917487922705206,1.7010018993830052,54.589371980676326,0.7246376811594203,31.172820499999947,-7.3362482
1380004385.0,450.41899999999845,28.199999999999882,14841.168032786885,0.0010754435416367816,264.2172131147541,1.9146114025916972e-07,166548.05737704918,0.012068661461322041,518017.9631147541,0.037537414282546214,11351.25,0.0008225517341381489,6679386.147540984,0.4840119509867342,60.23151639344254,1.3686425923704992,63.805778688524576,61.549959016393245,1.2767075290280645,62.80946721311471,1.2029019943600983,54.61065573770492,0.20491803278688525,22.351114799999863,78.6677428000002
10139175.0,119.30900000000031,32.39999999999986,148.80737704918033,0.0014676477824791497,2.1762295081967213,2.146357576624057e-07,0.0,0.0,9381.430327868853,0.09252656481290497,127.29508196721312,0.00125547770866183,0.0,0.0,62.03528688524582,2.5375698725438203,63.16741803278692,57.29036885245894,3.0985544849940663,62.267090163934576,3.0555034634458935,29.918032786885245,0.0,40.39362939999974,47.78725080000003
7976985.0,104.70000000000029,19.099999999999948,13.215686274509803,0.00016567269807464608,0.45751633986928103,5.7354544338403705e-08,0.0,0.0,1054.450980392157,0.013218665703798578,42.56209150326797,0.0005335611324738345,0.0,0.0,57.469084967320136,-0.26466789744146785,64.88117647058824,56.10071895424854,-0.2509902471551461,62.1707843137254,-0.19978214034343095,22.712418300653596,-0.6535947712418301,8.640034900000025,-11.840026900000048
4270563.0,232.12799999999896,33.69999999999987,346.8688524590164,0.008122321400223257,2.1721311475409837,5.086287563351678e-07,1576.389344262295,0.03691291626566086,23205.614754098362,0.5433853745770372,162.79508196721312,0.003812028577197272,190427.60655737706,4.459074987475352,61.73077868852473,1.3673428580759006,66.00692622950831,55.54848360655749,1.4723534879591595,62.04409836065573,1.4354505825347155,19.825819672131146,0.819672131147541,29.273396399999925,47.49794760000016
896444.0,49.56199999999991,28.60000000000008,0.13023255813953488,1.4527684734298506e-05,0.009302325581395349,1.0376917667356074e-08,32.669767441860465,0.003644373484775452,14.837209302325581,0.001655118367943297,0.15813953488372093,1.7640760034505323e-05,2951.1116279069765,0.3292020056921544,58.6861395348838,1.1463492627281455,64.7640930232559,60.867627906976814,1.4112602850868765,61.872790697674475,1.3120493930045927,55.348837209302324,0.23255813953488372,-18.1239695999999,179.0122736999991
3280815.0,68.4959999999998,42.5,113.72988505747126,0.0034665132004538905,3.4022988505747125,1.0370285586278748e-06,0.0,0.0,5274.0114942528735,0.16075309013927552,181.76436781609195,0.005540219970223617,0.0,0.0,68.05431034482767,0.26550791159551623,74.82413793103443,56.089367816091844,0.11149371990940274,61.74287356321831,0.22073676965545572,25.0,-0.5747126436781609,44.30534760000022,17.596146700000048
2540916.0,3.0779999999999887,22.0,43.3235294117647,0.0017050358772885332,0.4235294117647059,1.6668375175122114e-07,0.0,0.0,981.1823529411764,0.03861530066091034,6.776470588235294,0.00026669400280195386,0.0,0.0,60.42070588235306,3.1348842665129784,66.50894117647063,61.76882352941187,1.2766637935368226,61.556529411764785,1.1969310212630386,62.94117647058823,0.9803921568627451,-23.233549900000046,17.32311070000002
2351625.0,4.043999999999992,25.80000000000007,10.673202614379084,0.0004538649918409221,0.0392156862745098,1.6675994801258616e-08,0.0,0.0,357.83660130718954,0.015216567322901806,1.4379084967320261,6.114531427128171e-05,0.0,0.0,65.52607843137241,-0.02576151328612158,71.22418300653602,61.38967320261445,-0.01751978107362802,61.18928104575159,-0.034291417242650446,62.5,0.16339869281045752,-23.168178200000046,24.592874200000068
9660350.0,108.04300000000003,43.39999999999986,32.93370165745856,0.00034091623654897146,3.3922651933701657,3.511534461349915e-07,2363.049723756906,0.0244613261813175,3130.9226519337017,0.03241003330038457,398.55801104972375,0.004125709845396117,185866.03314917127,1.924009307625202,59.34497237569063,1.3118547521480952,72.58723756906095,62.393314917127285,0.8008506724646595,60.676574585635386,0.6880906483657209,71.8232044198895,0.2565114443567482,47.181758499999944,19.506093699999944
4649660.0,4.28899999999999,20.300000000000058,41.305882352941175,0.0008883635008353549,0.9352941176470588,2.0115322790205277e-07,0.0,0.0,2573.994117647059,0.05535875994474992,70.06470588235294,0.001506878048768146,0.0,0.0,60.01211764705853,0.7555074868678179,64.11817647058844,58.14282352941151,0.6216907303946357,60.16100000000021,0.503964497046437,47.05882352941177,0.0,20.25403820000006,-9.239926299999984
2881060.0,227.3220000000001,31.89999999999986,485.96311475409834,0.016867511081133275,0.8073770491803278,2.802361107301922e-07,2409.1311475409834,0.08361961040523218,42065.934426229505,1.4600853306154509,55.15983606557377,0.0019145674184353582,189128.95491803277,6.5645614779988195,59.073934426229506,1.9637144692247517,66.2400409836067,55.10307377049192,2.100721591761325,60.00594262295076,2.0433874172324864,28.125,0.273224043715847,25.33369839999985,51.22952950000021
2142252.0,73.56199999999991,22.199999999999996,9.779816513761467,0.0004565203586581537,0.28440366972477066,1.3275920373736177e-07,0.0,0.0,326.79816513761466,0.01525488902041472,8.541284403669724,0.00039870586670801207,0.0,0.0,64.01027522935789,0.15655490458013338,76.87541284403667,58.41403669724772,0.11394079701346779,59.944311926605444,0.13388913640528846,50.0,0.0,-29.603926700000063,28.335019300000074
8947027.0,18.219999999999953,22.59999999999994,2.798780487804878,3.1281681477041235e-05,0.03048780487804878,3.407590574841092e-09,0.0,0.0,62.0609756097561,0.0006936491374146531,0.6463414634146342,7.224092018663119e-06,0.0,0.0,56.74591463414643,0.9870447074971269,64.9986585365854,59.07865853658531,0.8284885996768909,59.871097560975535,0.7130786093253088,54.72560975609756,0.9146341463414634,-5.681606900000014,144.24890809999968
20903278.0,70.15099999999988,17.599999999999945,7.953488372093023,3.804900060216884e-05,0.31976744186046513,1.529747831227547e-08,0.0,0.0,804.4941860465116,0.0038486508481899873,43.08139534883721,0.00020609875326174805,0.0,0.0,58.102325581395256,1.6899658148002275,64.16883720930221,50.48168604651168,1.269639629336678,59.65784883720924,1.270153724308873,0.0,0.0,12.075308299999973,-1.6880313999999998
26378275.0,76.39899999999987,18.699999999999953,104.95906432748538,0.0003978996516166632,0.672514619883041,2.5495018907909695e-08,694.9707602339181,0.002634633084361725,6913.789473684211,0.02621016527306738,48.84795321637427,0.00018518251559806047,46127.45029239766,0.17486909319277952,58.386549707602285,1.3510918310096194,66.19567251462009,56.75795321637421,2.5119718375838516,59.55502923976603,2.362361385061794,41.37426900584796,0.8771929824561403,7.989737099999976,-5.567945799999986
19129955.0,197.5190000000002,18.099999999999948,36.66225165562914,0.00019164839465450446,1.1523178807947019,6.023630901351847e-08,0.0,0.0,1692.0927152317881,0.008845251937246001,44.62251655629139,0.00023325991386959045,0.0,0.0,57.45880794701978,0.1268285714277735,67.10245033112582,63.75649006622516,0.38808466265255814,59.049470198675586,0.20550509202194878,89.6523178807947,0.5629139072847682,-13.26872039999995,33.9301962999999
97338583.0,308.12699999999944,32.60000000000014,4.262295081967213,4.37883411757413e-06,0.13114754098360656,1.3473335746381943e-09,255.64754098360655,0.00026263741787119145,286.03688524590166,0.000293857663046011,2.4795081967213113,2.5473025395503357e-06,151311.7131147541,0.15544885537809222,55.247581967213094,3.5709325758690658,63.232786885245915,52.82381147540965,2.4425076556462444,58.834262295082056,2.3968392562100553,19.774590163934427,0.4098360655737705,13.290402699999966,108.42651130000012
16743930.0,82.32799999999965,18.699999999999946,74.07650273224044,0.0004424081009192015,1.5519125683060109,9.268508458324958e-08,825.3770491803278,0.004929410533729701,4734.601092896175,0.02827652225550498,84.43169398907104,0.0005042525499633063,54225.81967213115,0.32385359752537873,53.98278688524584,0.29922453934780896,57.640000000000185,58.203770491803276,1.376327391192715,58.73934426229504,1.2421984291541457,55.259562841530055,0.2459016393442623,14.475060700000043,-14.452961199999987
1701583.0,1935.9070000000056,32.39999999999986,211.36885245901638,0.012421894933072112,0.7745901639344263,4.552173851845169e-07,3574.372950819672,0.21006162795583108,13573.127049180328,0.797676460635792,44.35245901639344,0.0026065410277602364,304036.37704918033,17.86785464177653,54.60590163934437,1.1229786932648984,60.45499999999986,59.16553278688539,1.2453799799427656,58.58983606557375,1.1753703392764556,62.346311475409834,0.7172131147540983,26.155124900000096,50.5344605999999
26545864.0,50.88500000000017,18.800000000000047,110.01149425287356,0.00041442046961769096,2.3620689655172415,8.898067757437626e-08,0.0,0.0,8449.3908045977,0.03182940590894952,207.66666666666666,0.0007822938694580317,0.0,0.0,59.73632183908045,11.335248517255717,72.01695402298871,52.32563218390797,4.196616240103904,58.57471264367838,4.153753957207614,17.95977011494253,-0.19157088122605365,4.612552199999989,13.153581100000038
17643060.0,66.9390000000002,28.10000000000011,465.7704918032787,0.0026399643361371483,26.864754098360656,1.5226811051121885e-06,1030.2090163934427,0.005839174249781176,32793.75819672131,0.1858734153640089,2264.6475409836066,0.012835911349752293,67323.30737704918,0.38158520901164084,60.07196721311453,1.9912173292634223,63.377500000000225,56.86266393442599,2.186469827176667,58.017868852459046,2.090449932824922,50.51229508196721,0.20491803278688525,-1.3397668000000054,-79.36669649999995
6804596.0,80.29099999999973,41.199999999999875,166.83510638297872,0.0024518003182404735,3.7819148936170213,5.557883074347134e-07,4921.143617021276,0.07232087866820126,12511.02659574468,0.1838614165447101,271.45212765957444,0.003989246792308823,305170.5478723404,4.484770997019376,54.875319148936285,1.1468328012930333,60.71925531914889,54.330106382978855,1.2094730691742652,57.825691489361596,1.119807207508679,35.1063829787234,0.3546099290780142,44.02432279999994,21.076574300000065
60461828.0,205.85899999999907,47.899999999999785,1099.2540983606557,0.0018180960363299893,145.39754098360655,2.4047824188115243e-06,17141.303278688523,0.02835062029333373,145010.881147541,0.23983873121987143,20114.344262295082,0.03326784010284154,1691409.8401639345,2.7974837945090485,54.71004098360652,2.0019769951575817,61.10512295081975,55.4979918032787,2.597947234618013,57.72909836065572,2.522920509949958,43.23770491803279,0.34153005464480873,42.638426100000146,12.67429700000002
5459643.0,113.1280000000003,41.19999999999988,21.89830508474576,0.0004010940840773974,0.1864406779661017,3.414887712733264e-08,1703.864406779661,0.03120834836233176,1548.4237288135594,0.028361263342924783,21.11864406779661,0.000386813644551422,157316.45197740113,2.881442101203341,54.535988700564914,0.20192887689107047,67.5050282485876,61.13581920903934,0.32347845504667133,57.66435028248592,0.14521171553723278,80.22598870056497,0.423728813559322,48.74115220000015,19.452864599999987
2078932.0,102.61900000000009,44.5,16.00558659217877,0.0007698946666932239,0.7150837988826816,3.439669016988924e-07,858.0614525139665,0.04127414713487342,1497.8435754189943,0.07204870459538813,86.41340782122904,0.00415662502771755,80319.56424581006,3.863501271124309,51.95145251396658,0.8116212471948325,57.130558659217975,58.32905027932933,0.5074327925228157,57.65882681564254,0.4089025525261646,62.01117318435754,0.09310986964618248,45.81331130000014,14.480836900000035
3989175.0,65.03199999999968,38.69999999999999,6.094262295081967,0.00015276999116564132,0.0778688524590164,1.952003922089565e-08,0.0,0.0,531.9426229508197,0.01333465247703647,7.610655737704918,0.0001907826991221221,0.0,0.0,56.64106557377058,1.1167004347192826,62.391721311475465,51.79778688524606,1.2910030396790586,57.58176229508185,1.2502602858995295,19.979508196721312,0.0,41.680970699999996,44.028738200000035
20250834.0,15.195999999999959,16.40000000000005,17.440251572327043,8.612115220700065e-05,0.7924528301886793,3.9131861442777084e-08,0.0,0.0,1512.4905660377358,0.007468781611847371,78.45911949685535,0.0003874364853163843,0.0,0.0,57.54075471698095,-0.24904546210768205,64.77823899371062,55.99522012578612,0.028624950014214907,57.42666666666677,-0.07733667834448926,48.113207547169814,0.0,16.37003589999996,-2.2900238999999956
11402533.0,398.4479999999985,24.30000000000007,49.75151515151515,0.00043631985236539247,1.2181818181818183,1.0683431639108764e-07,0.0,0.0,3634.612121212121,0.03187547995881372,78.66060606060606,0.0006898520360397647,0.0,0.0,63.35418181818184,-0.6898116378675524,69.2913333333334,53.09224242424255,-0.35937358819637083,57.37242424242416,-0.5300455106981893,29.545454545454547,0.6060606060606061,19.13999520000004,-72.3570971999999
4829764.0,7.479000000000023,18.300000000000043,27.810650887573964,0.0005758180086557845,0.3609467455621302,7.473382665532521e-08,0.0,0.0,2118.094674556213,0.04385503462604412,24.08284023668639,0.0004986338926019239,0.0,0.0,61.80698224852063,2.943789315940847,66.47579881656812,51.85556213017752,2.015207357069591,56.73887573964499,3.034177973287926,25.0,0.0,7.0323597999999965,19.99812269999995
145934460.0,8.82300000000003,39.60000000000018,4058.7131147540986,0.002781188976718792,70.05327868852459,4.800324658653248e-07,144857.57786885247,0.09926207824310483,313035.6106557377,0.21450424434073875,4687.319672131148,0.00321193477683828,10306201.25,7.062212208137817,53.37823770491805,1.1969606768595447,53.21807377049159,53.77983606557391,1.482921468614098,56.71372950819663,1.418698535811225,37.653688524590166,0.10245901639344263,64.6863135999997,97.74530610000029
37846605.0,124.02699999999956,41.80000000000012,373.5754189944134,0.0009870777550441143,11.35754189944134,3.000940744735584e-07,12728.86592178771,0.03363278138630323,25840.743016759778,0.06827757210127505,1011.5083798882681,0.0026726528836292403,966670.1787709497,2.5541793742687084,57.974469273742876,1.0248824223817998,70.54413407821228,52.919162011173185,1.2838406198909063,56.35731843575405,1.2178963225155426,34.00837988826816,1.1173184357541899,52.21593300000009,19.134422000000054
9537642.0,64.28099999999996,23.30000000000003,69.51219512195122,0.0007288195040446178,0.5528455284552846,5.796459213454282e-08,0.0,0.0,5291.79674796748,0.055483281380948025,49.41463414634146,0.000518101163226104,0.0,0.0,58.50585365853655,0.0721980246629994,71.2640650406504,52.948455284552864,0.198293585521573,55.44349593495939,0.05509491872923822,39.22764227642276,0.8130081300813008,38.628173299999986,70.81565409999995
12123198.0,99.11000000000021,18.800000000000043,12.767857142857142,0.00010531756672502701,0.23809523809523808,1.963963948252252e-08,0.0,0.0,787.2261904761905,0.006493552200303836,14.255952380952381,0.00011759234140160369,0.0,0.0,49.97940476190477,1.0482312951838584,57.58428571428561,51.834345238095196,0.7710511480007562,55.428988095237976,0.6275890031990522,32.06845238095238,-0.09920634920634919,9.529347200000016,2.2584408000000016
5850343.0,7915.730999999972,42.39999999999981,232.66803278688525,0.003976998148431384,0.11065573770491803,1.8914401720534676e-08,0.0,0.0,22013.84836065574,0.3762830377749774,13.774590163934427,0.00023544927475080345,223497.1024590164,3.8202392997985966,50.36770491803287,0.684240616264374,55.27811475409823,55.0296721311475,0.8094225137520838,55.36971311475414,0.7022161059938828,53.17622950819672,0.9562841530054644,1.3408630000000075,103.83039179999949
1271767.0,622.9619999999996,37.39999999999992,2.096969696969697,0.00016488631148391938,0.06060606060606061,4.765500331905185e-08,0.0,0.0,310.07878787878786,0.024381729348126515,9.078787878787878,0.0007138719497193977,0.0,0.0,49.95066666666665,0.29566540265629815,57.967454545454665,55.06121212121206,0.5831957693888488,55.01903030303024,0.561919944518328,55.303030303030305,1.2121212121212122,-20.275945100000044,57.570356600000025
11818618.0,74.22799999999972,32.699999999999896,20.819209039548024,0.00017615603651415098,0.4293785310734463,3.6330688670489744e-08,769.4858757062146,0.006510794034515831,1133.0169491525423,0.009586712669387754,40.706214689265536,0.00034442448930378767,53194.41242937853,0.4500899549285585,54.04248587570624,0.7187987265016563,61.71649717514101,57.05779661016929,0.7032367707222582,54.7975141242938,0.530326242249604,69.49152542372882,0.0,33.843940800000084,9.400137999999984
10847904.0,222.87299999999965,27.600000000000104,386.2336065573771,0.0035604445481576623,6.889344262295082,6.350852904206267e-07,0.0,0.0,21718.114754098362,0.2002056319275905,447.3524590163934,0.004123860784686088,0.0,0.0,57.7399590163936,1.219080807242505,62.630942622950904,48.61782786885238,1.2060094349931152,54.51450819672122,1.1810703018876854,16.188524590163933,0.0,19.09740309999999,-70.30280259999968
8278737.0,143.36600000000067,19.40000000000006,7.712707182320442,9.31628481774507e-05,0.14917127071823205,1.8018602441197492e-08,302.2596685082873,0.0036510360035387933,473.6574585635359,0.005721373424032384,11.69060773480663,0.00014121245468731085,22143.93922651934,0.2674796798898108,56.43546961325967,0.6977245700068291,63.48292817679553,50.808066298342595,4.0800775959429565,54.0940883977902,4.027197139054538,32.73480662983425,0.27624309392265195,8.780026500000018,1.019976500000003
32365998.0,96.2540000000005,29.899999999999874,38.25409836065574,0.00011819224100754051,0.5163934426229508,1.5954812906524643e-08,4549.5327868852455,0.014056519396946278,4866.618852459016,0.015036208222156525,70.55327868852459,0.00021798579697287454,392845.45901639346,1.2137597580534782,47.8599180327869,1.0050110440685474,55.33307377049176,52.733155737704976,0.9932767866537203,53.86262295081968,0.9186537621640113,46.51639344262295,0.20491803278688525,4.569375400000001,102.26568229999981
1886202.0,31.212000000000124,43.89999999999985,7.52972972972973,0.00039920060151191325,0.1837837837837838,9.743589699501103e-08,1360.6324324324323,0.07213609318792114,879.5081081081081,0.04662852165929779,19.232432432432432,0.0010196380044360275,108759.81621621622,5.766074694874472,50.752378378378374,1.9503227864295662,64.49767567567591,54.32421621621611,1.490901463136997,53.75870270270287,1.6172558434262108,57.432432432432435,0.7953667953667953,56.84064939999986,24.753764500000113
98340.0,208.35399999999953,36.19999999999989,0.8,0.0008135041692088672,0.0,0.0,0.0,0.0,45.38823529411765,0.0461543983059972,0.0,0.0,0.0,0.0,47.13517647058823,0.4161784028115661,52.43094117647046,49.11635294117638,0.5554662593460987,53.716352941176496,0.4962993988929093,23.823529411764707,0.0,-4.657497700000013,55.45401459999995
25499881.0,3.2019999999999986,37.89999999999983,105.20491803278688,0.00041257023133867534,2.5040983606557377,9.820039398049495e-08,21593.42213114754,0.0846804819643964,6953.504098360656,0.02726877077724659,98.27868852459017,0.0003854084202376872,1504689.4836065574,5.900770609896405,50.248073770491764,1.0025666387662915,52.46286885245895,53.009713114754135,0.6921007419622979,53.55450819672145,0.6371785351837911,50.0,1.2295081967213115,-24.776108600000036,134.75500000000034
51269183.0,527.9670000000013,43.3999999999998,81.75,0.0001594525116579292,1.3278688524590163,2.5899941734180092e-08,6846.688524590164,0.01335439366098376,9004.459016393443,0.017563102217551314,181.04098360655738,0.00035311852659434287,716997.8032786886,1.3984966432538786,45.99102459016402,2.3894564761509574,52.006352459016306,50.24114754098355,1.7529174532523142,53.35750000000017,1.7053026757765242,33.09426229508197,0.4098360655737705,36.63839199999996,127.69611879999944
220892331.0,255.57299999999856,23.5,1212.4959016393443,0.0005489081020378857,25.795081967213115,1.1677672036161871e-07,10496.868852459016,0.004752029554371,92585.06967213115,0.04191411682469464,1938.627049180328,0.0008776343843192668,669906.9836065574,0.30327308357597876,53.85245901639357,0.47877670934976874,58.33893442622966,50.954344262295145,2.0192756476506553,53.02754098360655,1.9355230489468385,39.549180327868854,0.6147540983606558,30.33084010000015,71.24749899999969
206139587.0,209.58800000000107,18.099999999999966,220.75819672131146,0.00010709160716486321,4.151639344262295,2.0139942088184628e-08,1159.5,0.0005624829354101692,13417.004098360656,0.0065086984473101996,294.75,0.00014298563623298615,87494.10655737705,0.04244410684560899,52.19073770491807,1.3836395666743984,58.480491803278596,44.80258196721307,1.4135372624600102,52.61036885245905,1.3866266838074355,1.8442622950819672,0.0,9.600035899999977,7.999972099999971
106766.0,584.8000000000018,41.19999999999988,11.95808383233533,0.01120027333826811,0.059880239520958084,5.608549493374115e-07,0.0,0.0,259.6946107784431,0.24323718297814206,2.7005988023952097,0.0025294558215117244,0.0,0.0,53.38904191616766,0.6942787453819883,60.756467065868314,55.82742514970062,0.7314346785799843,52.4614371257485,0.6582214925664897,74.32634730538922,0.2780153977758768,12.490299799999995,-69.96098420000027
331002647.0,35.60800000000013,38.30000000000002,24578.536885245903,0.007425480463074943,750.2827868852459,2.2666972415034665e-06,343845.9672131148,0.10388012613479639,1648821.2909836066,0.49812933700908035,67881.4918032787,0.020507839565185933,21141434.139344264,6.387089145950021,50.52184426229482,1.2308402953494884,51.02963114754094,50.38512295081953,1.3988664286167143,52.19086065573755,1.331615705412422,40.471311475409834,0.0,39.78373040000024,-100.44588250000014
37742157.0,4.037000000000012,41.39999999999981,524.344262295082,0.0013892800623321092,37.364754098360656,9.900004946288749e-07,21291.627049180326,0.0564133815912544,54623.065573770495,0.14472693114431825,4090.315573770492,0.010837524664450135,1525362.0819672132,4.0415339323802115,48.89627049180314,2.4243239682588023,49.780737704917854,52.099631147540826,1.4249075291671505,52.12831967213114,1.3495156267238448,51.94672131147541,0.20491803278688525,61.06669220000003,-107.99170710000068
18383956.0,22.99499999999992,17.699999999999967,72.43975903614458,0.0003940379265275905,1.7289156626506024,9.404481073880952e-08,0.0,0.0,2595.3313253012047,0.014117371284511368,63.963855421686745,0.0003479330315068571,0.0,0.0,48.83222891566276,0.8789701755883877,60.08728915662652,47.375963855421574,0.9497240376027063,51.692650602409635,0.905589247933301,23.64457831325301,0.0,-14.518623899999977,27.55991639999997
9890400.0,112.44199999999937,34.0,285.61475409836066,0.0028877978049255916,1.5655737704918034,1.5829226022120484e-07,28737.274590163935,0.2905572533988913,23924.032786885247,0.24189145825128663,154.5327868852459,0.0015624523465708748,1993127.8852459015,20.152146376748174,46.5047540983605,1.7064542192447458,54.941024590163785,48.536885245901566,2.4464707862809543,51.66114754098364,2.3783804824021977,31.352459016393443,0.0,24.000248800000005,53.9994829000002
21413250.0,341.9550000000014,34.10000000000015,12.344262295081966,5.7647775536557864e-05,0.04918032786885246,2.296724124962463e-09,0.0,0.0,1087.454918032787,0.0050784206882784596,6.086065573770492,2.8421961046410453e-05,0.0,0.0,48.144385245901724,1.7271962040256492,53.55725409836077,47.43315573770498,2.0860931332024175,51.54889344262299,1.9920228562452529,24.795081967213115,-0.4098360655737705,7.55549420000005,80.71378470000005
7275556.0,29.715000000000067,24.400000000000063,0.1375,1.8898899273127712e-06,0.0,0.0,0.0,0.0,18.26875,0.00025109764806978304,0.0,0.0,0.0,0.0,48.99400000000002,1.5265811273761103,55.73087499999997,50.147499999999916,1.1197542654397599,51.52618750000006,1.0746232366560728,42.578125,-0.21875,20.017110899999945,103.37825300000031
65273512.0,122.57800000000053,42.0,1139.110655737705,0.001745134620208126,125.43442622950819,1.9216742348643388e-06,24551.614754098362,0.03761344227057731,100873.34426229508,0.15453947730328207,16721.889344262294,0.02561818543525327,0.0,0.0,51.10557377049192,2.0681630766286365,53.32409836065594,52.632049180327805,2.2634118715628797,51.43405737704924,2.1469632038650883,59.221311475409834,-0.10245901639344263,46.603354000000145,1.8883334999999914
83783945.0,237.01600000000124,46.60000000000021,993.3647540983607,0.0011856266186777925,38.10655737704918,4.5481932579146497e-07,0.0,0.0,116336.79098360655,0.13885332205783166,4822.225409836065,0.005755548285338039,3438470.479508197,4.103972998058514,47.26127049180337,1.2073211169513987,51.177622950819824,48.69483606557382,0.9740291562791497,51.1322540983607,0.9207679779761061,35.29713114754098,0.10928961748633882,51.08341959999976,10.42344689999999
102334403.0,97.99899999999982,25.30000000000011,404.6188524590164,0.0003953888825237162,22.12704918032787,2.1622297616108503e-07,0.0,0.0,30356.036885245903,0.029663569625989702,1474.2581967213114,0.0014406281304258075,0.0,0.0,48.76065573770503,0.8949904150239026,58.149057377049274,49.808688524590316,0.9188968652274877,51.05713114754099,0.8432328437708653,42.93032786885246,0.20491803278688525,26.254049299999913,29.26754689999986
1318442.0,87.17599999999987,18.0,0.1656441717791411,1.2563629782663257e-05,0.0,0.0,0.0,0.0,20.52760736196319,0.0015569594538070834,0.0,0.0,0.0,0.0,43.50190184049088,1.1641074920002095,53.14711656441713,55.81981595092024,0.7619748136502126,50.9677914110429,0.5645913322065018,82.51533742331289,1.2269938650306749,-9.346017099999989,124.6372798999997
67886004.0,272.8980000000007,40.799999999999976,1370.766393442623,0.0020192179722975335,170.077868852459,2.505345120217403e-06,53504.20081967213,0.07881477427905777,152121.49590163934,0.22408373882433757,21253.77049180328,0.03130802999069334,3338179.655737705,4.9173312009021855,50.84663934426235,1.180492602665825,54.74270491803288,53.37184426229512,1.4058989627083,50.75881147540966,1.286266003156945,67.72540983606558,0.7757611241217798,54.70235449999979,-3.276575299999992
8655541.0,402.6059999999998,30.60000000000013,467.2950819672131,0.005398796932129523,3.7663934426229506,4.351424645349088e-07,9366.77049180328,0.10821704260661788,23574.635245901638,0.27236466496896766,224.9016393442623,0.0025983545031357637,632952.3360655737,7.312683702446488,52.59127049180327,2.176435133370615,59.75303278688541,53.22897540983611,1.6815750317690839,50.72327868852462,1.5240644615215226,66.90573770491804,0.819672131147541,31.531311300000137,34.86676540000006
437483.0,81.34699999999985,32.39999999999994,0.8275862068965517,0.00018916991217865652,0.017241379310344827,3.941039837055343e-08,0.0,0.0,132.2471264367816,0.03022908923016023,1.8850574712643677,0.0004308870221847175,0.0,0.0,48.764022988505644,0.23083373841177146,57.02091954022986,44.470287356321805,0.1764696824668367,50.50591954022989,0.14684648766673938,11.278735632183908,0.0,4.413715499999995,114.56539079999997
38928341.0,54.422000000000054,18.599999999999977,156.4016393442623,0.00040176805722150444,5.745901639344262,1.4760201672463418e-07,0.0,0.0,13151.081967213115,0.03378279584843627,389.2418032786885,0.0009998931197162718,0.0,0.0,53.74491803278703,1.2628846270557412,55.43418032786889,42.72545081967203,0.9537681950033363,50.49463114754098,0.953501470078986,0.0,0.0,33.76800650000019,66.23851389999984
46754783.0,93.10499999999965,45.5,1807.761316872428,0.0038664735474709137,119.38683127572017,2.5534677655486106e-06,0.0,0.0,162344.45267489713,0.34722533665678035,16387.670781893004,0.03505025524745351,1865928.8230452675,3.990883292186957,50.36032921810704,1.09128915622665,55.183950617283806,53.739917695473224,1.2597664101976649,49.82691358024691,3.113454890802041,75.25720164609054,0.3184401332549481,39.32623450000013,-4.8380648999999885
6948445.0,65.18000000000016,44.699999999999875,92.51428571428572,0.0013314386990799483,3.5028571428571427,5.041210145373739e-07,1805.8971428571429,0.025989946568723547,5039.942857142857,0.07253339210633254,194.72,0.0028023536201265175,126410.93714285715,1.8192694501123226,49.11765714285705,0.32990547685189664,56.951199999999915,51.67788571428579,0.659363829754693,49.71000000000005,0.5141141465381657,62.5,0.598639455782313,42.60739749999995,25.485661699999994
3473727.0,19.75100000000007,35.60000000000007,9.323529411764707,0.0002684013283647424,0.25882352941176473,7.450888610756243e-08,764.8117647058823,0.02201703716802967,837.3529411764706,0.024105318039571638,22.205882352941178,0.0006392523751273829,59489.68823529412,1.712560838410564,48.19129411764701,-0.13104744762197548,64.03258823529396,51.95029411764714,0.2056397097705687,49.43105882352945,0.01682379909067516,65.80882352941177,2.588235294117647,-32.87555479999994,-56.02015250000005
6825442.0,594.5609999999998,31.100000000000133,69.13934426229508,0.0010129650836135607,0.6557377049180327,9.607256276121496e-08,0.0,0.0,1919.6352459016393,0.02812470234018016,27.852459016393443,0.00040806821032826054,0.0,0.0,51.415614754098314,2.4344801515799817,57.92823770491805,44.1121721311476,2.012099343890171,49.41254098360655,2.0335082477435056,14.959016393442623,0.0,33.87506289999986,35.843409
5792203.0,136.52000000000032,42.29999999999995,68.44262295081967,0.00118163370570437,2.557377049180328,4.4152061817935766e-07,9907.819672131147,0.17105442734191376,7374.172131147541,0.12731204571296176,334.41803278688525,0.005773589647788332,592324.4221311476,10.226237273299086,46.45524590163933,0.8556979901896109,57.33008196721306,50.037540983606576,0.8452725216144289,49.149344262295,0.7575142411132121,54.91803278688525,0.546448087431694,55.67024900000018,10.333328300000002
4937796.0,69.87399999999982,38.69999999999999,117.8688524590164,0.002387074161407567,7.282786885245901,1.4749063924969559e-06,3353.504098360656,0.06791499888534591,14328.131147540984,0.2901726022610288,909.7008196721312,0.018423215938287683,254699.87295081967,5.158169210530765,48.80086065573753,1.6648849205894267,54.623729508196575,51.61938524590146,1.8735270587216857,48.83995901639337,1.804565639831642,66.90573770491804,1.2295081967213115,52.86519600000018,-7.979459899999982
11589616.0,375.5639999999988,41.79999999999996,348.1475409836066,0.0030039609680217764,40.549180327868854,3.4987509791410547e-06,9337.668032786885,0.08056926159405875,37578.36885245902,0.3242417078569215,5400.790983606557,0.0466002582277666,693347.6639344263,5.982490394284211,47.99975409836062,1.3168912871938188,50.52127049180315,50.08434426229527,1.4956482332413432,48.823606557377,1.4464375673335241,57.01844262295082,0.04683840749414518,50.64028089999979,4.6667144999999985
212559409.0,25.039999999999967,33.5,15829.143442622952,0.007446926728434288,495.1967213114754,2.329686197572536e-06,0.0,0.0,814776.2868852459,0.38331697040296425,30832.647540983606,0.014505425888243613,900500.8893442623,0.4236466847460336,53.9223770491805,1.4424757222112092,55.44360655737685,46.09561475409832,1.817238848445475,48.516311475409886,1.747226938057434,32.78688524590164,0.4098360655737705,-10.333333300000039,-53.20000000000019
43851043.0,17.347999999999963,29.10000000000012,180.9262295081967,0.0004125927620654238,6.151639344262295,1.402849036968698e-07,0.0,0.0,9993.372950819672,0.022789362047374036,506.6639344262295,0.0011554204866375233,0.0,0.0,53.26471311475403,1.7156700939080782,59.04155737704906,44.89475409836063,1.809579777712213,48.02704918032783,1.7680892864548698,27.66393442622951,0.39617486338797814,28.000027199999955,2.99998249999999
273523621.0,145.72499999999934,29.300000000000118,705.1352459016393,0.0002577968379197639,30.09426229508197,1.100243634720014e-07,4026.4836065573772,0.001472078934841747,35410.7131147541,0.012946126182920818,1743.8401639344263,0.0006375464603601551,284117.85655737703,0.10387324338521284,50.639959016393426,1.1977506498989798,55.31889344262296,42.22155737704923,1.2865690343629246,47.04598360655732,1.2560330708648744,15.676229508196721,0.0,-2.483382600000015,117.89028529999997
4105268.0,73.72600000000008,44.0,41.48770491803279,0.0010105967483251472,0.7540983606557377,1.8369040965309403e-07,653.5573770491803,0.015919968612260645,2157.2336065573772,0.05254793612883195,65.04098360655738,0.0015843297832579366,48621.45901639344,1.1843674765299963,40.99159836065568,1.0409348979673465,48.18733606557395,49.01155737704934,1.4548402516835355,46.80233606557389,1.3141837271061516,61.16803278688525,0.22248243559718964,45.56434420000004,17.011895399999965
128932753.0,66.44399999999986,29.300000000000118,2441.97131147541,0.0018939883424930904,262.94262295081967,2.039378023292651e-06,5087.795081967213,0.0039460842676392795,131584.5737704918,0.10205674718703309,14740.581967213115,0.011432767566215795,327489.29918032786,0.2540000826479891,49.946844262295016,2.2139309844081807,53.174795081967176,39.06602459016395,1.2992318628384745,46.168934426229605,1.2993276597654415,0.0,0.0,19.432629599999945,-99.13317850000018
10423056.0,83.47899999999966,45.299999999999905,41.532786885245905,0.0003984703419538943,1.0737704918032787,1.0301877796716031e-07,3213.7868852459014,0.030833441605282567,2426.8606557377047,0.02328358070548317,110.05327868852459,0.0010558638338748702,198489.40573770492,1.9043302246261076,45.862500000000026,0.8858882837989683,52.507459016393454,44.78405737704916,1.079276164629944,45.52135245901639,0.9935609294275128,40.72745901639344,1.4959016393442623,38.99536830000015,21.987713200000073
69799978.0,135.13200000000057,40.100000000000186,13.98360655737705,2.003382659716174e-05,0.23770491803278687,3.405515658368645e-09,1461.4180327868853,0.0020937227699224853,1977.922131147541,0.002833700221434941,34.0,4.8710617072114183e-05,148331.28278688525,0.21250906810727827,43.476147540983504,0.5117038175461937,48.77409836065595,46.90262295081963,1.890876213789128,45.185000000000066,1.7829162343991196,56.35245901639344,-0.10245901639344263,14.897192100000085,100.83272999999947
8654618.0,214.24300000000048,43.10000000000019,171.74590163934425,0.001984442313217571,7.065573770491803,8.163934873257021e-07,4151.163934426229,0.047964727437146595,20314.82786885246,0.2347281863723212,959.0081967213115,0.011080884179074246,340919.79918032786,3.9391663407943356,40.85827868852454,0.9668734591737674,45.07221311475417,42.4445081967213,1.4619568560609502,44.17069672131143,1.4141686231021597,32.9405737704918,0.45081967213114754,46.79856239999988,8.23197359999996
19237682.0,85.12900000000046,43.0,355.67622950819674,0.001848851797779985,14.663934426229508,7.622505885183836e-07,6825.577868852459,0.035480251045071125,19022.09836065574,0.09887936790230623,973.1762295081967,0.005058697973634229,430941.9016393443,2.240092655858145,45.99774590163952,1.8039501323711402,52.385409836065605,46.07881147540989,2.0233138279220686,44.08106557377039,1.9024275491455414,57.06967213114754,0.4371584699453552,45.98521289999982,24.685922499999897
17134873.0,508.543999999998,43.20000000000007,287.17622950819674,0.00167597524363441,25.471311475409838,1.4865188364926816e-06,0.0,0.0,29636.40163934426,0.17295956403846277,3401.4221311475408,0.019850874477724687,374957.0368852459,2.1882685496720398,42.49299180327874,2.803275923810204,50.44262295081961,43.74147540983609,2.053538822078401,44.07741803278688,1.9753110576442072,41.90573770491803,0.273224043715847,52.50016979999978,5.748082099999987
9006400.0,106.74899999999982,44.3999999999998,111.54918032786885,0.0012385545870477537,3.0040983606557377,3.335515145514003e-07,4635.401639344263,0.05146786328993007,11580.057377049181,0.12857587245790972,393.35655737704917,0.004367522621436411,358329.6393442623,3.9786112025255624,38.756434426229525,0.69421469177423,43.37622950819685,46.44405737704907,2.084365084787356,43.95581967213128,1.9250439821393799,60.14344262295082,0.3073770491803279,47.200033799999844,13.199959000000028
4822233.0,18.20600000000005,37.89999999999983,5.684426229508197,0.0001178795431392093,0.09016393442622951,1.8697548298937344e-08,3105.3893442622953,0.06439733095149686,742.2540983606557,0.01539233169282064,12.069672131147541,0.0002502921806380483,210885.62704918033,4.373194473373233,39.83258196721316,1.3629363027777848,43.91614754098356,44.34934426229509,1.1939442383613734,43.73036885245902,1.1836109205339285,47.74590163934426,0.4371584699453552,-41.5000830999999,172.83440770000013
10708982.0,137.17599999999965,43.29999999999993,99.86475409836065,0.0009325326543490379,1.7336065573770492,1.6188341313647242e-07,3675.344262295082,0.034320202072382615,7445.901639344263,0.06952949999677152,192.0860655737705,0.001793691179738378,308903.0204918033,2.884522735137693,39.05098360655746,1.0944953351535331,47.405450819672105,44.44795081967212,1.3265643823446196,42.95393442622959,1.232711773423325,52.66393442622951,0.6659836065573771,49.816700299999894,15.474954400000023
2722291.0,45.135000000000176,43.5,11.778688524590164,0.00043267558554872245,0.3524590163934426,1.2947146957964557e-07,1979.3401639344263,0.0727086179961814,1108.0368852459017,0.040702367426770386,40.135245901639344,0.001474318722783103,213667.6106557377,7.848815966248198,37.625696721311506,1.1638786914665074,44.65077868852454,41.86360655737704,1.7325834489334957,40.868729508196594,1.5927882655013272,47.33606557377049,0.819672131147541,55.35000030000028,23.749999700000124
83992953.0,49.8310000000001,32.39999999999986,1531.0245901639344,0.0018228012416278939,87.95901639344262,1.0472190017350934e-06,9441.381147540984,0.011240682474327319,126130.7131147541,0.1501682088909936,6854.262295081967,0.008160520674968962,905627.2950819673,1.0782181870447716,40.90372950819658,2.2149073857031527,49.409672131147666,40.458852459016505,2.408817577607245,40.11147540983615,2.359535090243546,42.36680327868852,0.10245901639344263,32.64753139999995,54.56435160000001
625976.0,231.4470000000001,39.7,27.151639344262296,0.004337488872458734,0.5081967213114754,8.118469738639756e-07,1562.4180327868853,0.24959711439206708,3050.0081967213114,0.48724043680928875,64.47131147540983,0.010299326407946924,102713.51229508196,16.408538393657576,34.01975409836065,0.8794461019897303,38.0927868852458,44.1969672131147,0.736996584232009,39.91795081967218,0.5997942539289132,67.72540983606558,0.007318501170960154,49.81586830000011,6.129675099999988
341250.0,3.403999999999997,37.30000000000004,8.62704918032787,0.002528073019876301,0.040983606557377046,1.2009848075421845e-07,364.0532786885246,0.10668227946916478,1184.032786885246,0.34696931483816734,6.045081967213115,0.0017714525911247182,39506.483606557376,11.576991533057111,32.79717213114755,0.8954981279331495,36.59963114754101,44.44959016393448,1.2183786741008538,39.90016393442619,1.0956697505507373,69.4672131147541,0.4098360655737705,64.98418210000042,-18.10590129999997
15893219.0,23.5,16.80000000000003,19.702380952380953,0.00012396721490077602,0.5833333333333334,3.6703284170018246e-08,0.0,0.0,1886.3869047619048,0.011869130506298974,60.648809523809526,0.00038160179837583356,0.0,0.0,42.99666666666654,1.3484995216799425,51.837023809523835,33.26124999999992,1.7481154701036676,38.35994047619047,1.6444675871139491,5.208333333333333,0.0,8.36767710000002,49.08341600000017
5421242.0,14.46199999999999,39.7,43.209016393442624,0.0007970316837625517,1.0819672131147542,1.995792132346709e-07,2724.467213114754,0.050255406659853126,5466.446721311476,0.10083384437203642,139.04508196721312,0.002564819684626018,196922.3893442623,3.632422041743612,37.04024590163943,0.6498555818388942,48.32356557377047,41.745245901639315,0.9251822158672753,38.31639344262304,0.7887146457201814,60.60450819672131,0.3073770491803279,64.57315369999968,11.528036400000016
29825968.0,53.50799999999987,20.300000000000033,13.5625,4.5472120133703625e-05,3.9166666666666665,1.3131733617720862e-07,0.0,0.0,900.3888888888889,0.0030188086062752067,247.19444444444446,0.0008287893437170066,0.0,0.0,46.229999999999826,-0.007650677561197157,58.96319444444445,32.00375000000001,-0.0076689429566185,37.827152777777854,-0.007564688212440027,0.0,0.0,16.34712429999995,47.89152709999988
24206636.0,16.95499999999996,15.099999999999953,7.170731707317073,2.962299969032078e-05,0.42073170731707316,1.738084165503513e-08,0.0,0.0,863.6280487804878,0.0035677326200158014,50.579268292682926,0.0002089479442442272,0.0,0.0,34.50067073170743,-0.6127963242995539,40.56426829268277,33.97719512195129,-0.21941962314618604,35.640792682926836,-0.4192179974307184,24.847560975609756,0.6097560975609756,17.735621400000007,9.323843200000036
5540718.0,18.13600000000001,42.79999999999994,33.10245901639344,0.0005974398808312109,1.3729508196721312,2.477929430214874e-07,2619.254098360656,0.047272828148999024,3996.8975409836066,0.07213681586003129,170.61065573770492,0.003079215649266123,158636.40983606558,2.8631020354413557,35.004016393442605,1.2282921387584615,46.05811475409831,36.42241803278693,1.439038204835688,35.110327868852494,1.297996405423315,43.64754098360656,0.20491803278688525,63.24677770000014,25.920916400000074
16718971.0,90.67199999999976,25.60000000000008,1.1229508196721312,6.716626398072772e-06,0.0,0.0,0.0,0.0,106.42622950819673,0.000636559687245087,0.0,0.0,0.0,0.0,34.218442622950846,0.4723469289231094,41.01909836065575,30.5627049180329,0.5904325632445582,33.24385245901647,0.5313122651667906,15.829918032786885,0.0,13.506639400000033,104.86942300000008
59734213.0,64.699,17.699999999999964,3.0297619047619047,5.0720713517426015e-06,0.125,2.0926031117209166e-09,0.0,0.0,396.3392857142857,0.0006635046580663688,16.095238095238095,2.6944756257587354e-05,0.0,0.0,35.88565476190471,1.5872122361898795,38.470178571428626,27.72684523809525,0.7934527062279912,32.76857142857137,0.7948785533889223,0.0,0.0,-6.5247123000000045,35.78784379999987
126476458.0,347.7780000000005,48.20000000000013,278.13524590163934,0.00021991068559307634,5.241803278688525,4.144489307795544e-08,1709.4303278688524,0.001351579855176568,15170.245901639344,0.011994521463938649,494.672131147541,0.00039111795109532626,440177.9918032787,0.3480315615758931,29.481106557377043,1.644662706743524,40.39213114754096,34.828196721311514,2.186447311221221,32.29307377049179,2.0602432716128325,48.77049180327869,0.20491803278688525,36.57484409999981,139.2394179000001
10099270.0,24.71799999999991,41.0,344.09016393442624,0.003407079560546716,23.85655737704918,2.362206117575751e-06,2127.0819672131147,0.021061739781321955,31260.049180327867,0.309527809240944,2747.44262295082,0.027204368463768364,0.0,0.0,28.606762295082042,0.5850445652175463,36.19217213114752,33.9590163934426,0.7182916462727101,32.12032786885241,0.6124366951698051,44.057377049180324,0.273224043715847,59.674971200000066,14.520858400000057
11890781.0,423.06199999999944,17.5,2.9084967320261437,2.4460098390729293e-05,0.006535947712418301,5.49665132375939e-10,0.0,0.0,168.26797385620915,0.001415112883301855,0.9084967320261438,7.640345340025566e-06,0.0,0.0,26.869346405228754,-0.33311206949499,35.68477124183015,26.47777777777779,-0.05769677037036117,31.294248366013075,-0.05734474491270582,0.0,0.0,-3.3634357000000112,29.887057500000058
1326539.0,31.033000000000126,42.70000000000006,9.725409836065573,0.0007331416442385463,0.26229508196721313,1.9772888845877374e-07,606.0983606557377,0.04569020290061113,1191.8032786885246,0.08984306369345525,35.26639344262295,0.0026585266956058607,57284.50819672131,4.3183433126897395,31.123811475409823,0.01395448897678693,34.78385245901636,29.61356557377048,0.1853187046055139,29.42750000000002,0.06179899169430133,30.635245901639344,0.4098360655737705,58.75237779999992,25.331907800000113
9449321.0,46.85800000000014,40.29999999999999,293.79918032786884,0.003109209437671435,2.7704918032786887,2.931948023861913e-07,1913.3852459016393,0.020248917841839,27807.032786885247,0.29427545944185035,200.7622950819672,0.0021246213890073924,471952.20081967214,4.994562051809565,8.73110655737704,0.24502895707118583,12.535286885245908,14.840901639344256,0.7892167961680835,17.540204918032792,0.7892558760311432,0.0,0.0,53.42506049999986,27.697135800000055
6624554.0,51.66700000000013,27.300000000000082,27.072289156626507,0.00040866583858515624,0.8253012048192772,1.2458215372978728e-07,0.0,0.0,1675.421686746988,0.025291086565933155,55.144578313253014,0.0008324270330237021,0.0,0.0,13.03590361445784,0.703685079430871,17.150301204819225,11.819819277108408,0.5400808623255469,13.970963855421678,0.540554245466656,0.0,0.0,12.60901570000004,-85.29369109999982
